SNP_index,SNP,z_raw,allele_flipped
1,rs10152307,2.41568496630538,FALSE
2,rs10152544,-1.36881331409018,FALSE
3,rs10152566,-4.56203745503707,FALSE
4,rs10152593,-4.83653720681556,FALSE
5,rs10152595,-5.28228744164181,FALSE
6,rs10152913,-4.66290225960791,FALSE
7,rs10152973,-4.65059695497057,FALSE
8,rs10152987,2.51261216820096,FALSE
9,rs10162949,0.0736371277676396,FALSE
10,rs10162965,-0.297240477154703,FALSE
11,rs10163040,-4.51899431449178,FALSE
12,rs10163085,-0.893697445800443,FALSE
13,rs10163132,0.644944281337265,FALSE
14,rs10163156,3.56538672734836,FALSE
15,rs1020887,1.53891558143767,FALSE
16,rs1037039,3.22519812285086,FALSE
17,rs10438290,-0.779755497905718,FALSE
18,rs10438354,1.29746775706667,FALSE
19,rs10438355,-4.62503329831345,FALSE
20,rs1044614,1.27878442904691,FALSE
21,rs1050285,3.26244494809379,FALSE
22,rs10518702,0.102166353330425,FALSE
23,rs10518705,-1.6352284520168,FALSE
24,rs10518707,-1.65131556706567,FALSE
25,rs10518714,2.1444253767518,FALSE
26,rs10518716,-4.75536905746986,FALSE
27,rs10518723,-0.365011841407853,FALSE
28,rs1052488,0.839788231998257,FALSE
29,rs1061427,-1.02901048499881,FALSE
30,rs1065080,0.825180200120489,FALSE
31,rs10674024,-0.564051921563301,FALSE
32,rs10686819,0.140550229172447,FALSE
33,rs1075961,0.307405688914322,FALSE
34,rs10851763,-0.305876033413072,FALSE
35,rs10851764,-0.310823016104221,FALSE
36,rs10851766,-0.150087804599197,FALSE
37,rs10851768,-0.0964783332583614,FALSE
38,rs10851769,-0.219195295512921,FALSE
39,rs10851773,-0.763952401926907,FALSE
40,rs11071923,-0.525290700624709,FALSE
41,rs11071927,-0.485182716159072,FALSE
42,rs11071929,-1.50787228593976,FALSE
43,rs11071930,-1.50694909869439,FALSE
44,rs11071933,0.119762563447674,FALSE
45,rs11071934,0.143436646507888,FALSE
46,rs11071937,-2.92784776017583,FALSE
47,rs11071938,-2.89803869817011,FALSE
48,rs11071939,1.65568729497035,FALSE
49,rs11071940,-4.77023253827065,FALSE
50,rs11071942,-4.68854127834359,FALSE
51,rs11071943,0.777168218224296,FALSE
52,rs11071944,-0.811145866551787,FALSE
53,rs11071945,3.24629966251901,FALSE
54,rs11071947,-0.730634237058117,FALSE
55,rs11071948,3.28019071329215,FALSE
56,rs11071949,3.29792178383271,FALSE
57,rs11071950,3.19592946925354,FALSE
58,rs11071951,2.58419355185904,FALSE
59,rs11071952,2.58071069797495,FALSE
60,rs111319539,-0.0714789403686219,FALSE
61,rs111362634,-0.434106822876482,FALSE
62,rs111432947,0.451498687862028,FALSE
63,rs111704242,-0.660163098754121,FALSE
64,rs111756431,0.0588279816217521,FALSE
65,rs111762059,-0.207677800052965,FALSE
66,rs111773837,0.152680146501849,FALSE
67,rs111791352,-4.74209782692178,FALSE
68,rs111846485,-0.347462275379109,FALSE
69,rs111874753,0.0410243520890302,FALSE
70,rs112008486,-1.49730844211282,FALSE
71,rs112021494,0.866038897093032,FALSE
72,rs112031531,1.54922805059715,FALSE
73,rs112046409,0.0294746487601981,FALSE
74,rs112089661,1.47856137009674,FALSE
75,rs112090117,-0.0282333285668046,FALSE
76,rs112146149,1.26642336952683,FALSE
77,rs112173287,-4.65058182563013,FALSE
78,rs112215760,-0.856394868928208,FALSE
79,rs112281059,-0.807730546728341,FALSE
80,rs112375829,0.107276345623675,FALSE
81,rs112446172,2.28309003230915,FALSE
82,rs112582956,0.57975862861785,FALSE
83,rs112694013,-0.697294674697664,FALSE
84,rs11275529,-1.16272964560879,FALSE
85,rs112794170,-0.860432079577261,FALSE
86,rs11281459,-0.90351741149729,FALSE
87,rs112877478,0.0359245880873374,FALSE
88,rs112979921,0.365849861441268,FALSE
89,rs112986650,-0.09951924265595,FALSE
90,rs113039197,-0.28295855914123,FALSE
91,rs113099844,-0.215108029330018,FALSE
92,rs113122047,0.616813793799472,FALSE
93,rs113203559,-4.65505832525548,FALSE
94,rs113329979,-1.06133714230073,FALSE
95,rs113385313,-0.74396407719538,FALSE
96,rs113386507,2.52188532692317,FALSE
97,rs113411761,-0.354580210279191,FALSE
98,rs113412670,-1.21221614813674,FALSE
99,rs113486399,0.907761691826178,FALSE
100,rs113546620,-0.203422479427226,FALSE
101,rs113661141,-0.753355681501067,FALSE
102,rs11380255,1.12919910332532,FALSE
103,rs113871231,0.668358472694346,FALSE
104,rs11392160,1.89042533373073,FALSE
105,rs113941374,2.08895553972326,FALSE
106,rs11397902,3.35545926292126,FALSE
107,rs11411631,3.18200850226619,FALSE
108,rs11421090,-0.493022372902183,FALSE
109,rs114214638,0.0516019688402726,FALSE
110,rs11427899,-1.33356107102615,FALSE
111,rs114705109,-1.17703892066363,FALSE
112,rs114877444,-1.15156775432484,FALSE
113,rs115272266,0.0569492525438817,FALSE
114,rs115407294,-1.34629529065566,FALSE
115,rs11556089,-0.203256672604967,FALSE
116,rs11556090,3.11295159227007,FALSE
117,rs116066068,0.395396550137368,FALSE
118,rs11629488,1.24308714454986,FALSE
119,rs11629568,3.1741766656274,FALSE
120,rs11629799,-1.18611550746862,FALSE
121,rs11629874,-0.449586884014463,FALSE
122,rs11630297,2.45402459308223,FALSE
123,rs11630476,-0.492958284904837,FALSE
124,rs11631007,-0.103061693108077,FALSE
125,rs116311233,0.11118242898244,FALSE
126,rs11631135,3.24190041384128,FALSE
127,rs11631254,-2.90567884772237,FALSE
128,rs11631380,-2.8811162312638,FALSE
129,rs11631381,-1.1042717998352,FALSE
130,rs11631785,-1.51787521086071,FALSE
131,rs11631839,-0.710442519355745,FALSE
132,rs11631885,3.20413461887892,FALSE
133,rs11632167,-0.252497658566574,FALSE
134,rs11632271,-0.223421936676523,FALSE
135,rs11632754,-1.50672376851015,FALSE
136,rs11632964,-1.38076148064567,FALSE
137,rs11633026,0.710668742622783,FALSE
138,rs11633339,0.479558903169995,FALSE
139,rs11633388,-0.11527275323607,FALSE
140,rs11633409,-0.525343538535301,FALSE
141,rs11633646,0.519051925039506,FALSE
142,rs11633767,3.23748749835106,FALSE
143,rs11633857,3.23523261316927,FALSE
144,rs11634276,-0.550069971229778,FALSE
145,rs11634363,0.248713519391904,FALSE
146,rs11634560,2.99765963692501,FALSE
147,rs11634574,-0.461693509175228,FALSE
148,rs11634686,-1.1947246352841,FALSE
149,rs11634793,-1.28713494948095,FALSE
150,rs11635145,-1.61004068768791,FALSE
151,rs11635391,-0.216833183657853,FALSE
152,rs11635477,-0.0823169862625961,FALSE
153,rs11635558,0.0590327310885515,FALSE
154,rs11635641,-0.364831532845382,FALSE
155,rs11635753,-0.926242926628033,FALSE
156,rs11636161,-2.82070078518831,FALSE
157,rs11636197,-0.757093776741363,FALSE
158,rs11636980,3.30563786844222,FALSE
159,rs11637059,3.24389476144262,FALSE
160,rs11637156,-1.11872506953776,FALSE
161,rs11637537,-4.33623681696545,FALSE
162,rs11637580,2.55843339549902,FALSE
163,rs11637581,2.61314871361108,FALSE
164,rs11637659,-0.536780551101923,FALSE
165,rs11637816,-4.31458002471311,FALSE
166,rs11638002,0.605104677155468,FALSE
167,rs11638064,-4.40404505462448,FALSE
168,rs11638476,3.30742965583046,FALSE
169,rs11638562,0.471806073982231,FALSE
170,rs11638611,0.914766297621575,FALSE
171,rs11639047,-1.56501692880006,FALSE
172,rs11639194,0.405701718916447,FALSE
173,rs11639295,-3.08580574332409,FALSE
174,rs116870050,0.825267653008762,FALSE
175,rs116885903,-1.3592891062803,FALSE
176,rs116908961,-0.724552066098756,FALSE
177,rs116972932,-1.8478920464333,FALSE
178,rs116985430,0.504726051438596,FALSE
179,rs116986130,-0.393450678505401,FALSE
180,rs117009032,1.38933128634678,FALSE
181,rs117020489,-0.46777189206255,FALSE
182,rs117044723,-1.71640584297042,FALSE
183,rs117048171,0.0730156860790948,FALSE
184,rs117054225,1.26603563526085,FALSE
185,rs117077683,0.283823447233462,FALSE
186,rs117135832,-1.46633100775006,FALSE
187,rs117185005,-1.77247632080355,FALSE
188,rs117206795,1.36290439449011,FALSE
189,rs117229461,1.21573068877074,FALSE
190,rs117251979,-1.92882471824627,FALSE
191,rs117325434,0.743270456727222,FALSE
192,rs117330287,-1.0810750180634,FALSE
193,rs117333759,0.329927897179296,FALSE
194,rs117336614,-0.543354795016277,FALSE
195,rs117353140,-0.178813576660899,FALSE
196,rs117355126,-0.315248578693362,FALSE
197,rs117360433,-1.06994973613635,FALSE
198,rs117367464,0.182575169463838,FALSE
199,rs117377875,1.25202836657522,FALSE
200,rs117379959,-0.28265626698134,FALSE
201,rs117385215,-0.213503312128351,FALSE
202,rs117396914,-1.3649329597675,FALSE
203,rs117400732,0.636897018041016,FALSE
204,rs117423782,-0.701057477816312,FALSE
205,rs117428747,-0.0408027158687583,FALSE
206,rs117428962,-0.560150498867202,FALSE
207,rs117448051,2.15682179716079,FALSE
208,rs117453093,-0.596895853074978,FALSE
209,rs117553999,-2.67367902828326,FALSE
210,rs117564349,-0.781470070453565,FALSE
211,rs117580397,0.54908345258282,FALSE
212,rs117584337,1.36779149053945,FALSE
213,rs117658043,1.03178872141545,FALSE
214,rs117661903,-2.01895693807625,FALSE
215,rs117683492,0.229295673947802,FALSE
216,rs117702232,-0.304849118601731,FALSE
217,rs117706496,1.84200415446096,FALSE
218,rs117754683,-0.674927484432295,FALSE
219,rs117758852,1.54922805059715,FALSE
220,rs117775603,1.31759118882102,FALSE
221,rs117803621,-0.0986971529498374,FALSE
222,rs117817908,-0.281038130880182,FALSE
223,rs117862906,2.5628346103915,FALSE
224,rs117864772,0.87405802789784,FALSE
225,rs117865482,-1.65516330290393,FALSE
226,rs117903543,0.320159029015048,FALSE
227,rs117906451,0.564606309386603,FALSE
228,rs117958632,0.410473279839643,FALSE
229,rs118021487,1.05250164261539,FALSE
230,rs118032424,-0.0609904354087418,FALSE
231,rs118052648,0.78614537308192,FALSE
232,rs118053966,-2.39760321887069,FALSE
233,rs118106801,-0.425602932877886,FALSE
234,rs118109855,0.848713339981457,FALSE
235,rs118110169,1.06401495550004,FALSE
236,rs118128568,1.28087852246694,FALSE
237,rs118128985,1.52575076133714,FALSE
238,rs11852260,3.24722385327035,FALSE
239,rs11852410,-0.738285242915353,FALSE
240,rs11852468,0.460797393674344,FALSE
241,rs11852653,2.59543485325596,FALSE
242,rs11852911,0.0951077712099293,FALSE
243,rs11853367,3.26793621895242,FALSE
244,rs11854227,-1.01659387661243,FALSE
245,rs11854336,1.57104076991537,FALSE
246,rs11855258,-0.407714907637811,FALSE
247,rs11855544,3.27735032595639,FALSE
248,rs11855555,1.57180708388194,FALSE
249,rs11855736,3.26044331525821,FALSE
250,rs11855790,-0.112793909269338,FALSE
251,rs11855908,-0.316014057114906,FALSE
252,rs11855926,0.199970526190278,FALSE
253,rs11856342,-0.0201198186908294,FALSE
254,rs11856400,0.0690709963797666,FALSE
255,rs11856485,-0.579498964070312,FALSE
256,rs11856585,-0.227402820646221,FALSE
257,rs11856656,1.00093421504833,FALSE
258,rs11856840,3.23328059359032,FALSE
259,rs11856909,-1.2240145891951,FALSE
260,rs11857142,3.34364836586397,FALSE
261,rs11857895,-0.11596617908426,FALSE
262,rs11858541,3.26966716148019,FALSE
263,rs11858575,-0.0526033453580057,FALSE
264,rs11858643,-0.0447740058184333,FALSE
265,rs11858791,-0.181039924937751,FALSE
266,rs11858855,-0.133736929127834,FALSE
267,rs11858857,-0.112484902516248,FALSE
268,rs12050793,0.170569080668115,FALSE
269,rs12101383,0.498857856857221,FALSE
270,rs12101808,0.157089295035966,FALSE
271,rs12102171,0.369552770365884,FALSE
272,rs12102184,0.371141323001734,FALSE
273,rs12148121,-4.76661074342902,FALSE
274,rs12148134,-4.66878090053442,FALSE
275,rs12148151,-0.384719657995503,FALSE
276,rs12148153,-0.375962345248062,FALSE
277,rs12148282,-0.991678950125158,FALSE
278,rs12148473,0.808564039615616,FALSE
279,rs12148490,0.0218687828263705,FALSE
280,rs12148870,0.886625373569309,FALSE
281,rs12148891,0.797912206907431,FALSE
282,rs12161926,-0.0129426764677665,FALSE
283,rs12164949,-3.3220526144232,FALSE
284,rs12324036,-1.51021262684957,FALSE
285,rs12324222,-4.66048705332303,FALSE
286,rs12324662,-0.0278406050061821,FALSE
287,rs12324906,0.497731225048331,FALSE
288,rs12438061,1.09604123178541,FALSE
289,rs12438251,0.758058425110085,FALSE
290,rs12438366,-2.84100297093575,FALSE
291,rs12438505,-1.36787803326357,FALSE
292,rs12439028,0.731841058742183,FALSE
293,rs12439378,-0.27266336034993,FALSE
294,rs12439500,-2.893856208374,FALSE
295,rs12439555,1.86565472319194,FALSE
296,rs12439732,1.41635918081635,FALSE
297,rs12439745,-0.0824826253376947,FALSE
298,rs12439792,0.507649771365398,FALSE
299,rs12439895,-3.09949298182872,FALSE
300,rs12439987,-0.0683464828346107,FALSE
301,rs12440274,0.164521066013604,FALSE
302,rs12440279,-0.544362386015694,FALSE
303,rs12440294,0.751298225703557,FALSE
304,rs12440714,0.407165860461088,FALSE
305,rs12440869,0.729246640839464,FALSE
306,rs12440986,-0.119687275242463,FALSE
307,rs12441076,0.737881834449082,FALSE
308,rs12441098,0.735058663122465,FALSE
309,rs12441344,-4.36675160117157,FALSE
310,rs12442109,1.24478074319916,FALSE
311,rs12442154,1.25649151605369,FALSE
312,rs12442171,-4.65732654399242,FALSE
313,rs12442323,-4.65507475998766,FALSE
314,rs12442353,-0.844351466110152,FALSE
315,rs12442452,-2.90312407566492,FALSE
316,rs12443121,0.067712675474802,FALSE
317,rs12443188,-2.89712991016762,FALSE
318,rs12443240,0.484776768532344,FALSE
319,rs12443265,0.342485748509689,FALSE
320,rs12443279,-4.66442053281412,FALSE
321,rs12443472,-4.65181910581019,FALSE
322,rs12476,-4.75280484495837,FALSE
323,rs12591495,-4.69725857454777,FALSE
324,rs12591763,3.22072358577951,FALSE
325,rs12592283,-0.921111046022387,FALSE
326,rs12592388,3.23258234900295,FALSE
327,rs12592400,-4.6471279390072,FALSE
328,rs12593018,-0.516829733390418,FALSE
329,rs12593057,-0.499457416984859,FALSE
330,rs12593091,-0.580502833838796,FALSE
331,rs12593678,-0.265071600224687,FALSE
332,rs12593840,0.0901521788582918,FALSE
333,rs12593854,1.29822054324462,FALSE
334,rs12593904,0.491994074481057,FALSE
335,rs12594065,-4.68633532160408,FALSE
336,rs12594229,-4.64408096003627,FALSE
337,rs12594234,-4.64431976191512,FALSE
338,rs12594477,-0.744896983262934,FALSE
339,rs12594609,-1.96790414408087,FALSE
340,rs12594610,-2.35424830817589,FALSE
341,rs12594849,2.7042788735679,FALSE
342,rs12595096,0.069574513929424,FALSE
343,rs12595246,0.218782883650464,FALSE
344,rs12595334,-4.55259637777787,FALSE
345,rs12595533,-3.4702535930601,FALSE
346,rs12595715,-0.987969738094993,FALSE
347,rs12595736,-4.63791630633502,FALSE
348,rs12595796,0.438099864282845,FALSE
349,rs12708492,-1.44352861108899,FALSE
350,rs12708493,0.752371947158656,FALSE
351,rs12708494,0.766593755955501,FALSE
352,rs12898685,-4.71223667123022,FALSE
353,rs12899051,-4.64246722659037,FALSE
354,rs12899067,-4.71218932674168,FALSE
355,rs12899132,-0.834200199154741,FALSE
356,rs12899214,-0.010978567854017,FALSE
357,rs12899234,-0.180246479465667,FALSE
358,rs12900340,0.524939698834904,FALSE
359,rs12900401,0.70809257601598,FALSE
360,rs12900708,-4.72601112669562,FALSE
361,rs12900758,-4.68325076104234,FALSE
362,rs12900811,-0.107282699259006,FALSE
363,rs12900849,-0.111720018961653,FALSE
364,rs12901046,0.722128325282413,FALSE
365,rs12901071,-2.02258483655746,FALSE
366,rs12901081,-1.48353799640924,FALSE
367,rs12901148,-0.82909877570217,FALSE
368,rs12901312,-4.65578654779372,FALSE
369,rs12901362,0.497321653629544,FALSE
370,rs12901372,-1.18765709093348,FALSE
371,rs12901393,-1.05473914858627,FALSE
372,rs12901499,-1.54010658739669,FALSE
373,rs12901555,0.0690836141993721,FALSE
374,rs12901789,-4.66778394066083,FALSE
375,rs12901905,0.0560224303733518,FALSE
376,rs12902036,0.0562393871417587,FALSE
377,rs12902639,-0.0171239430405848,FALSE
378,rs12903168,-3.40046778411001,FALSE
379,rs12903831,-1.6439809299261,FALSE
380,rs12904476,0.737500208544656,FALSE
381,rs12904527,0.347099409103697,FALSE
382,rs12904545,-0.13201181376178,FALSE
383,rs12904824,-0.926320885577838,FALSE
384,rs12904944,-0.430475750818004,FALSE
385,rs12904969,-0.150807307023058,FALSE
386,rs12905780,-1.0713522881568,FALSE
387,rs12905975,-0.184629011173305,FALSE
388,rs12906644,-0.174766720699531,FALSE
389,rs12906744,0.14006862091984,FALSE
390,rs12906930,-0.157861897594734,FALSE
391,rs12907153,-0.723913901042184,FALSE
392,rs12907183,-0.597614307702517,FALSE
393,rs12907457,-0.155697848298364,FALSE
394,rs12907997,-0.7100094799637,FALSE
395,rs12908113,1.16655115706819,FALSE
396,rs12908498,-1.65895658768563,FALSE
397,rs12909923,0.317634414238539,FALSE
398,rs12910062,-4.70885551843447,FALSE
399,rs12910196,-4.69796475168084,FALSE
400,rs12910698,-1.49825279518528,FALSE
401,rs12911370,-4.63768818936098,FALSE
402,rs12911469,-0.682595003876136,FALSE
403,rs12911494,-0.564294900305436,FALSE
404,rs12911573,1.4413311400128,FALSE
405,rs12912010,-5.31328349337608,FALSE
406,rs12912045,-5.37092518072085,FALSE
407,rs12912238,-0.0229421194253903,FALSE
408,rs12912472,-1.06063384458871,FALSE
409,rs12912885,-1.44132754421153,FALSE
410,rs12913067,-0.146626661235005,FALSE
411,rs12913535,-0.509354660609863,FALSE
412,rs12913547,-5.29954635580027,FALSE
413,rs12914117,-1.42054838046591,FALSE
414,rs12914140,-0.0274907696249684,FALSE
415,rs12915039,-2.83011779813274,FALSE
416,rs12915085,-4.63127587452722,FALSE
417,rs12915601,-4.65086305326462,FALSE
418,rs12915659,-4.65442030048447,FALSE
419,rs12916244,-0.0950776390163647,FALSE
420,rs12916403,-4.6531704847263,FALSE
421,rs12916733,-2.71058930018007,FALSE
422,rs12917148,-0.284115883610379,FALSE
423,rs12917168,0.255414405235639,FALSE
424,rs12917612,-4.70245426196138,FALSE
425,rs13313480,3.27040638107482,FALSE
426,rs13329337,0.763790277298565,FALSE
427,rs13379644,3.2210448377602,FALSE
428,rs13379682,-0.675746309683044,FALSE
429,rs137869543,0.293100873587113,FALSE
430,rs137876438,-2.77357160764739,FALSE
431,rs137890808,0.168728394064393,FALSE
432,rs137909273,-0.859843335306824,FALSE
433,rs138075852,-2.17961799598884,FALSE
434,rs1381545,-0.632034844732157,FALSE
435,rs138163086,-1.36773079088517,FALSE
436,rs138248410,-1.37170455772012,FALSE
437,rs138305245,0.213196820153597,FALSE
438,rs138308112,1.0978189710746,FALSE
439,rs138430203,-1.50468446602183,FALSE
440,rs138499876,1.48392594571976,FALSE
441,rs138566155,-0.552135926872462,FALSE
442,rs138580959,-2.19622721178772,FALSE
443,rs138789756,-1.75428930193563,FALSE
444,rs138839430,0.042103152945341,FALSE
445,rs138866598,-0.785885714942593,FALSE
446,rs138876789,-1.61403181377962,FALSE
447,rs138939599,-0.982760353283154,FALSE
448,rs139012513,-0.918216416040577,FALSE
449,rs139038563,2.61555046007016,FALSE
450,rs139085841,-0.569731637368494,FALSE
451,rs139107736,0.670044038026177,FALSE
452,rs139111503,-0.851089831630847,FALSE
453,rs139342424,0.62412836785974,FALSE
454,rs139366768,-0.676699485175192,FALSE
455,rs139381987,-0.585741054073782,FALSE
456,rs139440514,1.42139154227079,FALSE
457,rs139505566,-1.62901951604136,FALSE
458,rs139534889,-2.75635780013174,FALSE
459,rs139603542,-0.0266651314118347,FALSE
460,rs139623638,0.417493664140291,FALSE
461,rs139677318,-2.63456397380905,FALSE
462,rs139688854,1.33003467353295,FALSE
463,rs139772769,-1.07388003538449,FALSE
464,rs139800563,-0.089413890679404,FALSE
465,rs139808495,0.157463750512866,FALSE
466,rs139890497,0.513413041333056,FALSE
467,rs139899275,1.17843524678626,FALSE
468,rs139941211,-2.80497864267095,FALSE
469,rs140045367,-2.91385043027261,FALSE
470,rs140143645,0.0922218704692161,FALSE
471,rs140334701,1.75727117044929,FALSE
472,rs140560805,0.336334241995287,FALSE
473,rs140605065,-0.327056644750575,FALSE
474,rs140693279,-2.06161017608537,FALSE
475,rs1409,1.08993260241236,FALSE
476,rs140958912,-0.592379379632203,FALSE
477,rs141023060,0.275399685184256,FALSE
478,rs141095579,0.153118368957336,FALSE
479,rs1411,-0.517588715394081,FALSE
480,rs141177232,1.14231615105199,FALSE
481,rs141239527,-1.01814381846773,FALSE
482,rs141382556,-1.20023940398232,FALSE
483,rs141558692,0.56062733625757,FALSE
484,rs141634996,0.775371393725565,FALSE
485,rs141658133,0.0490619098835142,FALSE
486,rs141925550,-1.34780552570506,FALSE
487,rs141940839,1.42275894575807,FALSE
488,rs141947059,0.729302718240565,FALSE
489,rs142126363,0.327711123475023,FALSE
490,rs142155922,-0.88857195457202,FALSE
491,rs142163771,1.01474393449368,FALSE
492,rs142227185,-0.200426830678656,FALSE
493,rs142440283,1.04579055020242,FALSE
494,rs142506665,0.303786654565788,FALSE
495,rs142639196,-1.47440966023936,FALSE
496,rs142673903,2.08562313522135,FALSE
497,rs142788699,1.15997553756028,FALSE
498,rs142802325,1.11141339993206,FALSE
499,rs142854796,1.17424359448001,FALSE
500,rs142866143,-1.10055876392052,FALSE
501,rs142875616,-1.20872297906756,FALSE
502,rs142927108,0.472241428202579,FALSE
503,rs142939028,-1.05809613464843,FALSE
504,rs142950680,0.346055611547851,FALSE
505,rs142951469,0.942845648075632,FALSE
506,rs143038076,2.63346026970489,FALSE
507,rs143073716,-0.368766213426228,FALSE
508,rs143115815,-0.0355018504588465,FALSE
509,rs143203469,-0.374936807967227,FALSE
510,rs143225791,0.637137726855448,FALSE
511,rs143270530,-0.845373955803507,FALSE
512,rs143342391,-0.735057374872839,FALSE
513,rs143375361,-0.222796607447743,FALSE
514,rs143412009,-1.74459301653732,FALSE
515,rs143516956,-0.0182065923609024,FALSE
516,rs143521698,-0.705675203053205,FALSE
517,rs143590631,0.319075123628545,FALSE
518,rs143693591,2.43923539782639,FALSE
519,rs143697763,-0.792840245999514,FALSE
520,rs1438386,-0.872705186399942,FALSE
521,rs143849800,-0.402548091850866,FALSE
522,rs143911831,0.629181873550938,FALSE
523,rs143915181,-1.52387732746864,FALSE
524,rs143918998,1.39730377540598,FALSE
525,rs143981918,1.19747305574615,FALSE
526,rs143991135,0.631061271491875,FALSE
527,rs143999488,0.254814337204435,FALSE
528,rs144120431,0.799573074511812,FALSE
529,rs144142656,0.508527388499569,FALSE
530,rs144298547,1.50243987869686,FALSE
531,rs144433605,1.20256891866106,FALSE
532,rs1444934,3.22677114455439,FALSE
533,rs1444935,-4.64683377970501,FALSE
534,rs1444936,-4.64875944207806,FALSE
535,rs144501904,1.90530756107775,FALSE
536,rs144504184,1.72060945802626,FALSE
537,rs144600157,-0.983578315106965,FALSE
538,rs144626518,0.488587003679584,FALSE
539,rs144897919,3.0352731338995,FALSE
540,rs145031687,-0.477057422709784,FALSE
541,rs145131010,-0.818531147726159,FALSE
542,rs145301595,1.25906356989611,FALSE
543,rs145319171,-0.769207539260904,FALSE
544,rs145337321,0.420901272112934,FALSE
545,rs145400533,-0.160286299379952,FALSE
546,rs145592956,0.191323287836996,FALSE
547,rs145645018,-2.23059199226323,FALSE
548,rs145685520,1.35760579369562,FALSE
549,rs145782505,-0.348482294812109,FALSE
550,rs145784300,-1.91656174015745,FALSE
551,rs145815691,1.41607462571506,FALSE
552,rs145816369,-1.36177680328026,FALSE
553,rs145989564,0.383343966372252,FALSE
554,rs146033806,-0.677762130193664,FALSE
555,rs146144014,1.07413579383746,FALSE
556,rs1462127,0.783270414306035,FALSE
557,rs146259412,1.50234476174448,FALSE
558,rs146298603,-0.0948400578964527,FALSE
559,rs146320617,-1.02212444351596,FALSE
560,rs1465840,-0.870891618026532,FALSE
561,rs1465841,-0.84175664078585,FALSE
562,rs1465842,-0.883989860609144,FALSE
563,rs146611776,0.606956749075118,FALSE
564,rs146685535,0.563525844798246,FALSE
565,rs146863803,1.03447425604492,FALSE
566,rs1470001,3.77301069423458,FALSE
567,rs1470002,3.88645812180162,FALSE
568,rs1470003,3.79122251479874,FALSE
569,rs1470004,0.819766438706749,FALSE
570,rs147081017,0.459007253853812,FALSE
571,rs147205510,-0.0778430335268462,FALSE
572,rs147223918,0.571024737559282,FALSE
573,rs147252639,0.80669746797541,FALSE
574,rs147262298,0.0393218913520195,FALSE
575,rs147319449,0.42789138580694,FALSE
576,rs147633426,0.910116932215557,FALSE
577,rs147793459,-2.22029551796616,FALSE
578,rs147809110,0.942534784844326,FALSE
579,rs148215326,-0.0515950364794551,FALSE
580,rs148276244,-0.00829209549999836,FALSE
581,rs148394369,-1.0026062214956,FALSE
582,rs148467642,0.177763033846242,FALSE
583,rs148477240,1.0067254418999,FALSE
584,rs148501142,-0.710306865575582,FALSE
585,rs148573762,0.192338057400705,FALSE
586,rs148576416,-0.307671656987608,FALSE
587,rs148586558,-1.64245481672252,FALSE
588,rs148601227,0.830348920425447,FALSE
589,rs148732143,1.15848826778429,FALSE
590,rs148848754,1.56412442156324,FALSE
591,rs148983545,0.263427846228848,FALSE
592,rs149079147,-1.56652588858901,FALSE
593,rs149372901,-0.490772047538202,FALSE
594,rs149439828,1.51598553692169,FALSE
595,rs149595251,-1.39692581335441,FALSE
596,rs149724023,-0.872197143612096,FALSE
597,rs149733883,-0.241295159886664,FALSE
598,rs149764861,-0.181996088267875,FALSE
599,rs149819489,-0.044132527930277,FALSE
600,rs1498499,0.423414192211125,FALSE
601,rs1498505,-1.32747386581718,FALSE
602,rs1498506,-1.64604404680739,FALSE
603,rs1498507,-1.6434491874525,FALSE
604,rs149883263,-0.07640352475036,FALSE
605,rs150002863,0.617063298048329,FALSE
606,rs150097461,-0.0824983946483385,FALSE
607,rs150119171,-1.34934741449667,FALSE
608,rs150134693,0.45898853346324,FALSE
609,rs150285115,-1.45896505683981,FALSE
610,rs150331935,0.0424676640062901,FALSE
611,rs150424285,-0.0119138201947145,FALSE
612,rs150511805,-1.07434006363104,FALSE
613,rs150581629,-1.1541538392869,FALSE
614,rs150638203,1.31011024191359,FALSE
615,rs150722390,0.561981085060906,FALSE
616,rs150929709,0.00212538594829686,FALSE
617,rs150933372,1.56691594060906,FALSE
618,rs151089613,0.0146455417178906,FALSE
619,rs151090251,2.3693544465404,FALSE
620,rs151119143,-0.0714756031199832,FALSE
621,rs151152156,-2.96647727007159,FALSE
622,rs151179632,3.2848190889289,FALSE
623,rs151285353,1.82104968975041,FALSE
624,rs151328686,0.355934924569077,FALSE
625,rs151338802,0.303786654565788,FALSE
626,rs1530060,-2.76888270752457,FALSE
627,rs1530061,-0.536979474874307,FALSE
628,rs1531441,-0.0814414565261492,FALSE
629,rs1545160,2.79916991831608,FALSE
630,rs1545161,2.08195544867712,FALSE
631,rs1546217,0.294922029009479,FALSE
632,rs1587349,0.483077939894986,FALSE
633,rs15974,0.804323773107301,FALSE
634,rs1675996,-0.51674075584301,FALSE
635,rs1675997,-1.08063155757726,FALSE
636,rs1675998,-0.521743294288854,FALSE
637,rs16950269,0.723088147163671,FALSE
638,rs16950284,-0.813202404199691,FALSE
639,rs16950350,0.302077087168722,FALSE
640,rs16950354,-1.01592055661687,FALSE
641,rs16950367,-1.00330786895947,FALSE
642,rs16950370,-0.975199924526602,FALSE
643,rs16950372,-0.982136247857762,FALSE
644,rs16950373,1.2071720160294,FALSE
645,rs16950375,1.28664136888369,FALSE
646,rs16950378,1.20544345491474,FALSE
647,rs16950392,-0.124008726616419,FALSE
648,rs16950408,-0.493009689964319,FALSE
649,rs16950414,-0.474319618781077,FALSE
650,rs16950504,-1.05034890075666,FALSE
651,rs16950516,0.0180672678197876,FALSE
652,rs16950543,-0.928634814769277,FALSE
653,rs16950547,-1.82093029404596,FALSE
654,rs16950553,-1.8230809808972,FALSE
655,rs16950556,0.654021607918971,FALSE
656,rs16950559,-1.80559116170525,FALSE
657,rs16950615,0.644775313235351,FALSE
658,rs16950625,-0.0203155954509062,FALSE
659,rs16950635,0.70394166130288,FALSE
660,rs16950679,0.070660892684519,FALSE
661,rs16950687,1.09693886644151,FALSE
662,rs16950776,-4.74976121530462,FALSE
663,rs16950804,-4.64403333705269,FALSE
664,rs16950805,-4.66950597393279,FALSE
665,rs16950870,-0.526713875835402,FALSE
666,rs16953603,-0.509297494769572,FALSE
667,rs16953610,-4.75189354754328,FALSE
668,rs171957,-0.0592025890749117,FALSE
669,rs17206452,-0.185656603728344,FALSE
670,rs17207763,0.926177462207502,FALSE
671,rs17208249,0.373945665620964,FALSE
672,rs17208550,-1.53260840659226,FALSE
673,rs17208578,-1.50371720559316,FALSE
674,rs17208967,-0.241686067957784,FALSE
675,rs17209135,0.980070713276629,FALSE
676,rs17209331,-1.66785957069284,FALSE
677,rs17210752,-0.0418392565559508,FALSE
678,rs17212752,0.932829232708486,FALSE
679,rs17213990,-0.552689755443408,FALSE
680,rs17214419,-2.91898538372046,FALSE
681,rs17227716,1.31524155967207,FALSE
682,rs17227883,2.40901407104507,FALSE
683,rs17228058,1.20725638038134,FALSE
684,rs17228212,2.59196677583591,FALSE
685,rs17228313,1.68178336537711,FALSE
686,rs17230654,-0.135969892111331,FALSE
687,rs17230761,0.733973125625232,FALSE
688,rs17231180,0.630871902127836,FALSE
689,rs17272228,-0.167437285237634,FALSE
690,rs17272675,1.46998979894707,FALSE
691,rs17272836,1.41353642088199,FALSE
692,rs17273380,0.381858456315603,FALSE
693,rs17273637,-1.06852986287324,FALSE
694,rs17274866,0.251818574651449,FALSE
695,rs17275834,-0.694023121942673,FALSE
696,rs17276559,-0.108263649213603,FALSE
697,rs17276587,-0.117905408142961,FALSE
698,rs17291497,-1.36470622473015,FALSE
699,rs17293408,-0.133475713684514,FALSE
700,rs17293443,0.529120594396212,FALSE
701,rs17293632,1.18125739858161,FALSE
702,rs17294280,1.76803460284193,FALSE
703,rs17295739,0.699047891281704,FALSE
704,rs17296465,0.730791786387294,FALSE
705,rs17298032,0.331478953317573,FALSE
706,rs17526859,-4.63722873601914,FALSE
707,rs1809317,-0.328970758253183,FALSE
708,rs1809318,0.670812416165525,FALSE
709,rs181000569,-3.1169946620951,FALSE
710,rs181021134,-1.38328626825183,FALSE
711,rs181150775,0.732663867031351,FALSE
712,rs181152512,0.0467393961596441,FALSE
713,rs181269956,-2.93789667176096,FALSE
714,rs181334318,-0.128516842799452,FALSE
715,rs181452550,-1.07672111046428,FALSE
716,rs181705347,-1.80076725990702,FALSE
717,rs181796055,0.41984161583286,FALSE
718,rs182044659,0.564921328611252,FALSE
719,rs182173660,-1.50407886845592,FALSE
720,rs182221340,0.451321768860713,FALSE
721,rs182238315,-0.781200900493888,FALSE
722,rs1822829,3.28075234652071,FALSE
723,rs182490264,1.25156867627066,FALSE
724,rs183226120,-0.0717480861370044,FALSE
725,rs183562163,-1.79123113845149,FALSE
726,rs183775327,-1.82124573317785,FALSE
727,rs184164132,0.857145974645974,FALSE
728,rs184171677,0.595788816692108,FALSE
729,rs184189028,-1.7718007593549,FALSE
730,rs184267700,2.41123006678398,FALSE
731,rs184625581,0.320680236934636,FALSE
732,rs184812791,0.61785064059754,FALSE
733,rs184911824,0.406154598999784,FALSE
734,rs185078660,0.538989954263314,FALSE
735,rs185148268,0.681366520572724,FALSE
736,rs185511475,0.351244763044202,FALSE
737,rs185649161,0.738140682206803,FALSE
738,rs185919074,0.356136843978835,FALSE
739,rs1866316,0.954540615387605,FALSE
740,rs1866317,0.938690377689739,FALSE
741,rs1866320,-4.59446087410473,FALSE
742,rs186662479,-1.54001304341883,FALSE
743,rs186678289,2.00761830825287,FALSE
744,rs186783027,-0.732292084667681,FALSE
745,rs187024343,-0.352771415466799,FALSE
746,rs187332700,-0.869824371304525,FALSE
747,rs187352290,0.555988217275599,FALSE
748,rs187474521,0.935021420042894,FALSE
749,rs187478368,-1.08412224131796,FALSE
750,rs187478541,1.38688357184239,FALSE
751,rs1874832,-0.534062333878887,FALSE
752,rs187632209,0.436356870936311,FALSE
753,rs187707663,-0.946160451868273,FALSE
754,rs187732956,-0.423002290356365,FALSE
755,rs188412401,-0.0834876681855735,FALSE
756,rs188786429,0.0314373760383222,FALSE
757,rs188879376,0.1092127654833,FALSE
758,rs189046340,1.14997398909022,FALSE
759,rs189874348,2.83513551567483,FALSE
760,rs189907186,3.1197782436281,FALSE
761,rs189924557,0.160608647008283,FALSE
762,rs189971193,-2.46620940025951,FALSE
763,rs190305945,-1.34512911571975,FALSE
764,rs1903641,0.199888686807779,FALSE
765,rs190484847,0.133535130720551,FALSE
766,rs190554769,-1.3085228757089,FALSE
767,rs190558457,0.902601150849354,FALSE
768,rs191267411,-0.829364252992236,FALSE
769,rs191381007,-1.71392323067532,FALSE
770,rs191616304,-1.13442419266151,FALSE
771,rs191752568,1.16970299875448,FALSE
772,rs191767449,-0.694354305488056,FALSE
773,rs192133201,-0.223395918184021,FALSE
774,rs192273437,-0.687886321694894,FALSE
775,rs193121778,1.40679148226995,FALSE
776,rs193185714,-1.26377489071808,FALSE
777,rs1964535,-0.4048894821604,FALSE
778,rs1965269,-2.27996731970357,FALSE
779,rs1973147,1.14138894075905,FALSE
780,rs197712,0.892209301132544,FALSE
781,rs197713,0.817060060938956,FALSE
782,rs1987316,0.0551456750138674,FALSE
783,rs1987317,0.0415941771629454,FALSE
784,rs1987318,0.0736597101637406,FALSE
785,rs1988848,0.0510627460872577,FALSE
786,rs1988849,0.0525385409424986,FALSE
787,rs1992216,3.26907556836039,FALSE
788,rs1992217,-0.788992916436741,FALSE
789,rs2002705,-1.06905802767234,FALSE
790,rs200305159,1.76345890695535,FALSE
791,rs200509060,0.330231784267582,FALSE
792,rs200802324,-0.562127939364033,FALSE
793,rs200821980,0.0224734933884417,FALSE
794,rs201173448,0.710426154485296,FALSE
795,rs2011759,0.188664710663256,FALSE
796,rs201213148,-0.222512659915952,FALSE
797,rs2012293,0.18427910828515,FALSE
798,rs2013609,0.0702632713408904,FALSE
799,rs201518573,2.39603150094401,FALSE
800,rs201551002,0.395813031790575,FALSE
801,rs2017281,0.308718427602162,FALSE
802,rs201906429,-0.555541793902374,FALSE
803,rs202063479,-0.0714756031199832,FALSE
804,rs202087937,0.167442976840918,FALSE
805,rs2028762,1.29529294464207,FALSE
806,rs2033783,-4.74518739649413,FALSE
807,rs2033784,0.987992258042934,FALSE
808,rs2033785,-4.31543460379662,FALSE
809,rs2033786,2.63455428115007,FALSE
810,rs2033787,0.443582552792512,FALSE
811,rs2035150,0.453246465840668,FALSE
812,rs2044329,-0.745073774603052,FALSE
813,rs2044330,3.23857373892571,FALSE
814,rs2053294,-0.3996610499957,FALSE
815,rs2053295,0.595608373421826,FALSE
816,rs2054364,-1.0879799490118,FALSE
817,rs2083194,-1.50989179103003,FALSE
818,rs2091822,0.0512774934496335,FALSE
819,rs2091823,0.119929432536948,FALSE
820,rs2100856,-0.515305378742078,FALSE
821,rs2118610,-2.15058868169233,FALSE
822,rs2118611,0.415517905725286,FALSE
823,rs2118612,-0.284268625880046,FALSE
824,rs2118613,-0.708065581096914,FALSE
825,rs2118616,1.04429423311603,FALSE
826,rs2120836,3.26952012899604,FALSE
827,rs2120837,-0.753261196072462,FALSE
828,rs2126390,0.141920246720651,FALSE
829,rs2133241,0.0608319898591608,FALSE
830,rs2166185,3.51168227734011,FALSE
831,rs2169460,1.3957680276529,FALSE
832,rs2169461,1.71133461346583,FALSE
833,rs2219665,0.187596733237148,FALSE
834,rs2278545,1.05656513566332,FALSE
835,rs2278546,1.164030763557,FALSE
836,rs2278670,-4.52203855389695,FALSE
837,rs2286664,3.41691526849773,FALSE
838,rs2289259,-0.134954654041407,FALSE
839,rs2289261,4.36666270137074,FALSE
840,rs2289262,-4.75126023138536,FALSE
841,rs2289263,-2.59870322921309,FALSE
842,rs2289788,0.796534255699432,FALSE
843,rs2289789,-4.69594185556367,FALSE
844,rs2289790,-5.05506339078056,FALSE
845,rs2289791,-4.94640401332285,FALSE
846,rs2414918,0.337935761021343,FALSE
847,rs2414921,-0.0203465395692611,FALSE
848,rs2414922,0.810917024746358,FALSE
849,rs2414925,-0.462100231983146,FALSE
850,rs2414928,0.219839602794827,FALSE
851,rs2414929,-0.0962101602245809,FALSE
852,rs2414930,-0.108145575135152,FALSE
853,rs2414934,-0.550181109355141,FALSE
854,rs2414936,2.83086191584432,FALSE
855,rs2414937,-0.199570887740138,FALSE
856,rs2414944,1.09599104240847,FALSE
857,rs2414945,0.75913545072312,FALSE
858,rs2414952,-3.29361090145316,FALSE
859,rs2414953,0.658172343532494,FALSE
860,rs2414954,0.653375249310317,FALSE
861,rs2414955,-0.391447636965575,FALSE
862,rs2447300,-0.789101537128439,FALSE
863,rs2464857,-1.39220807808849,FALSE
864,rs2464859,0.327251192503547,FALSE
865,rs2470060,-0.799486467595874,FALSE
866,rs2615180,0.0592139206121405,FALSE
867,rs2615181,0.0547915842259969,FALSE
868,rs2615182,0.0163724250234316,FALSE
869,rs2615183,-0.00328734761164933,FALSE
870,rs2615184,-0.846830196976018,FALSE
871,rs2615191,-0.897500584268985,FALSE
872,rs2615192,0.091509036578255,FALSE
873,rs2615194,0.061173121188621,FALSE
874,rs266274,-0.141268227100153,FALSE
875,rs266279,0.0683296066523041,FALSE
876,rs266280,1.42085080337717,FALSE
877,rs266281,1.49445703497938,FALSE
878,rs266285,-0.160305441175235,FALSE
879,rs266287,-1.12093689088363,FALSE
880,rs266288,-1.6986701273024,FALSE
881,rs266291,1.82398100344028,FALSE
882,rs266293,1.69512175764905,FALSE
883,rs266294,1.72770533431963,FALSE
884,rs266296,-1.68938046037013,FALSE
885,rs266297,-1.28957436080673,FALSE
886,rs266298,-1.6051383932903,FALSE
887,rs266299,-1.6138432006647,FALSE
888,rs266300,-1.63715910043848,FALSE
889,rs266301,1.143573298107,FALSE
890,rs266302,1.05361876039462,FALSE
891,rs266303,0.862753024812339,FALSE
892,rs266304,0.312893328207876,FALSE
893,rs266305,0.854713216379364,FALSE
894,rs266308,0.589278522880976,FALSE
895,rs266309,-0.0491067207324979,FALSE
896,rs266310,-0.050724735479373,FALSE
897,rs266311,-0.0432865069623883,FALSE
898,rs266312,-0.0499071659671509,FALSE
899,rs266313,-0.0682835652399157,FALSE
900,rs266314,-0.245212225088866,FALSE
901,rs266315,-0.235462160860181,FALSE
902,rs266316,-0.2360665065985,FALSE
903,rs266319,-0.524083912407722,FALSE
904,rs266321,-0.518153967244642,FALSE
905,rs266322,-0.517995614742792,FALSE
906,rs266323,-0.420402114979956,FALSE
907,rs266324,-0.51812566598417,FALSE
908,rs266325,-0.231377696452064,FALSE
909,rs266327,1.4497244092208,FALSE
910,rs266329,-0.0442497153332473,FALSE
911,rs266330,-0.16351984830796,FALSE
912,rs266332,1.08673981622626,FALSE
913,rs266335,0.420436961290159,FALSE
914,rs266336,-0.0513427074909891,FALSE
915,rs266337,-0.0470037231670132,FALSE
916,rs266338,0.684105967075029,FALSE
917,rs266339,-0.0670654095578657,FALSE
918,rs266340,-0.0468755043021149,FALSE
919,rs266341,0.680188197127216,FALSE
920,rs266344,0.414704306469077,FALSE
921,rs266345,0.0266241689116603,FALSE
922,rs266346,0.586266632110872,FALSE
923,rs266347,0.674746362365031,FALSE
924,rs266355,-2.02574676671991,FALSE
925,rs266357,-2.11513021910565,FALSE
926,rs266359,-1.6455235923348,FALSE
927,rs266360,-1.61042773927823,FALSE
928,rs266363,-0.241520932836498,FALSE
929,rs266364,-0.805824867647034,FALSE
930,rs266365,0.181238222481725,FALSE
931,rs266366,0.192519395468273,FALSE
932,rs266367,0.251970226287936,FALSE
933,rs266368,-0.320552521975384,FALSE
934,rs266369,-0.320826074588318,FALSE
935,rs266371,-0.321593683171167,FALSE
936,rs266372,-0.307711405654654,FALSE
937,rs266373,-0.307391339965792,FALSE
938,rs266374,-0.439313714456329,FALSE
939,rs266375,-1.29925219733969,FALSE
940,rs266376,-1.16879392132218,FALSE
941,rs266377,0.861286204048587,FALSE
942,rs266378,0.782263339997207,FALSE
943,rs266379,1.8352369707592,FALSE
944,rs266380,1.34857011320933,FALSE
945,rs266387,-0.910993496498067,FALSE
946,rs266388,-1.33625520546429,FALSE
947,rs266389,-1.52181594016876,FALSE
948,rs266390,-1.39280842957273,FALSE
949,rs2708286,-0.922336293967294,FALSE
950,rs2708287,0.0589173612829104,FALSE
951,rs2708291,-0.833413472208536,FALSE
952,rs28360855,-0.359890295909907,FALSE
953,rs28376583,1.06058693642555,FALSE
954,rs28385466,-0.245517780370937,FALSE
955,rs28392612,0.150304970165449,FALSE
956,rs28394773,-0.616126584875209,FALSE
957,rs28399271,-3.27094467950381,FALSE
958,rs28400371,0.9797162316469,FALSE
959,rs28409644,1.38646555330885,FALSE
960,rs28412970,-0.145423154250581,FALSE
961,rs28414740,0.395180169234188,FALSE
962,rs28417316,0.735408866193984,FALSE
963,rs28417425,0.284324527734131,FALSE
964,rs28417777,0.091654281618709,FALSE
965,rs28418884,0.840020492623102,FALSE
966,rs28424190,0.664718112081493,FALSE
967,rs28428544,0.189628989647676,FALSE
968,rs28429363,0.730995388698843,FALSE
969,rs28430685,-1.62763063182167,FALSE
970,rs28432170,-0.24652375376064,FALSE
971,rs28434383,0.992779300327889,FALSE
972,rs28437657,-1.47156474498095,FALSE
973,rs28447655,2.87893104714542,FALSE
974,rs28449352,1.06357701166331,FALSE
975,rs28451248,0.602905947941787,FALSE
976,rs28460333,0.153738201555984,FALSE
977,rs28461657,0.506289592485712,FALSE
978,rs28461731,-0.0515133959948212,FALSE
979,rs28473573,-0.135611695388013,FALSE
980,rs28475775,0.115740687413685,FALSE
981,rs28479935,0.146948949520006,FALSE
982,rs28485994,-0.041036390331563,FALSE
983,rs28488129,0.320728235228375,FALSE
984,rs28497057,-0.960416800554559,FALSE
985,rs28499347,-0.963838046014164,FALSE
986,rs28501224,-0.420085572515064,FALSE
987,rs28502111,-0.105677505499876,FALSE
988,rs28503201,2.04294924712369,FALSE
989,rs28521086,-0.150372495471963,FALSE
990,rs28521380,0.115230765739385,FALSE
991,rs28522133,-0.129028023398962,FALSE
992,rs28523708,1.07457182557742,FALSE
993,rs28525528,0.0420294834057197,FALSE
994,rs28532310,1.07654894121473,FALSE
995,rs28535721,0.193015529636983,FALSE
996,rs28538466,-0.307798514130873,FALSE
997,rs28550088,-0.102825009354557,FALSE
998,rs28550224,-0.0887414716107435,FALSE
999,rs28562203,0.166954226582751,FALSE
1000,rs28564777,0.265208998103882,FALSE
1001,rs28570970,0.470034877198501,FALSE
1002,rs28571147,0.737802296001139,FALSE
1003,rs28587205,1.95177486597358,FALSE
1004,rs28589508,-0.285498894390162,FALSE
1005,rs28613103,-0.0195412614073801,FALSE
1006,rs28613758,-1.66167585681659,FALSE
1007,rs28617673,-0.957843946300175,FALSE
1008,rs28631852,1.01914415702717,FALSE
1009,rs28639465,0.264048111239925,FALSE
1010,rs28645602,-4.69639726808164,FALSE
1011,rs28647290,-0.638827167246567,FALSE
1012,rs28655729,-0.177021729580635,FALSE
1013,rs28660295,-0.0853606923022838,FALSE
1014,rs28665399,-0.085841329262267,FALSE
1015,rs28666529,1.15224549017548,FALSE
1016,rs28672134,0.564733544831795,FALSE
1017,rs28688182,0.165781138106897,FALSE
1018,rs28693872,0.827921124459399,FALSE
1019,rs28696998,-4.65891305812839,FALSE
1020,rs28707552,-0.157013825043806,FALSE
1021,rs28708990,0.0269622170654529,FALSE
1022,rs28733024,0.502635761491709,FALSE
1023,rs28736409,0.13778009512704,FALSE
1024,rs28742127,-0.0253514260142815,FALSE
1025,rs28751026,0.472862856612026,FALSE
1026,rs28767312,0.143453309269716,FALSE
1027,rs28771754,0.13950914854564,FALSE
1028,rs28789220,0.489076025597257,FALSE
1029,rs28836514,0.526198378394589,FALSE
1030,rs28865727,0.19183912307782,FALSE
1031,rs2899721,-0.612553314462637,FALSE
1032,rs2899722,-1.3197077946228,FALSE
1033,rs2899723,-0.261777835598723,FALSE
1034,rs2927179,0.18857215787397,FALSE
1035,rs2927180,0.19743986290259,FALSE
1036,rs2974280,0.18319651106484,FALSE
1037,rs2974281,0.188406984244721,FALSE
1038,rs2974282,0.188584083145774,FALSE
1039,rs3079,1.00126497868012,FALSE
1040,rs3080,0.197075012156625,FALSE
1041,rs3101486,0.902430093424874,FALSE
1042,rs3101487,-0.920467391370757,FALSE
1043,rs3101491,-1.61388643430866,FALSE
1044,rs3104500,0.720852867354647,FALSE
1045,rs33932452,-0.818703161704344,FALSE
1046,rs33962024,-0.00329162687239826,FALSE
1047,rs34001763,1.41412272663152,FALSE
1048,rs34063069,0.185471626024332,FALSE
1049,rs34080509,0.0466505493964451,FALSE
1050,rs34114503,-0.807559589119574,FALSE
1051,rs34189958,-1.08329376234555,FALSE
1052,rs34221449,-4.66095754050943,FALSE
1053,rs34231942,3.28264402056013,FALSE
1054,rs34281344,-0.470215098395874,FALSE
1055,rs34296414,-4.68717576763685,FALSE
1056,rs34307601,-1.07644506361324,FALSE
1057,rs34310656,-4.64744137159028,FALSE
1058,rs34311413,0.37403132840284,FALSE
1059,rs34361920,-1.12675905329845,FALSE
1060,rs34371706,0.727972945519712,FALSE
1061,rs34444425,-1.35430929457799,FALSE
1062,rs34445740,-4.83052975518333,FALSE
1063,rs34590589,-4.68587583717746,FALSE
1064,rs34616320,-1.07413412887803,FALSE
1065,rs34630901,0.620857607757445,FALSE
1066,rs34666995,-0.177370488608552,FALSE
1067,rs34667215,-0.217911729605482,FALSE
1068,rs34683838,-0.112446873060823,FALSE
1069,rs34699563,-4.70198862556033,FALSE
1070,rs34708051,-4.58482406064438,FALSE
1071,rs34722686,-1.59294500230776,FALSE
1072,rs34728056,-2.06796275188962,FALSE
1073,rs34732626,0.666563633308511,FALSE
1074,rs34747049,-0.17545214509349,FALSE
1075,rs34753179,0.0021847209003813,FALSE
1076,rs34772313,0.707505152787467,FALSE
1077,rs34774362,0.125215669290191,FALSE
1078,rs34783441,2.07976278260138,FALSE
1079,rs34796890,-4.65755808703689,FALSE
1080,rs34845591,1.43027086697753,FALSE
1081,rs34871379,3.17650875329576,FALSE
1082,rs34944378,-0.5622282570525,FALSE
1083,rs34983272,0.639146611609661,FALSE
1084,rs35008245,-4.63931256126808,FALSE
1085,rs35011221,-4.68721958835575,FALSE
1086,rs35024162,-0.810378901573512,FALSE
1087,rs35056907,0.14794504212239,FALSE
1088,rs35087077,-0.654999628161627,FALSE
1089,rs35129260,-4.65095826060576,FALSE
1090,rs35151633,-4.66141461746915,FALSE
1091,rs35173773,2.22214419012775,FALSE
1092,rs35200241,-1.04878891272747,FALSE
1093,rs35251008,-4.72604439178287,FALSE
1094,rs35254564,0.0152796703807074,FALSE
1095,rs35320424,-0.0333475437664996,FALSE
1096,rs35322464,-4.74290565177523,FALSE
1097,rs35331173,0.777375291364752,FALSE
1098,rs35402903,-0.701525097300736,FALSE
1099,rs35459100,1.37539901429953,FALSE
1100,rs35475106,-0.509976795783704,FALSE
1101,rs35494569,0.619780626067592,FALSE
1102,rs35503745,0.0485653376079732,FALSE
1103,rs35515716,1.19148354067093,FALSE
1104,rs35524716,-4.68246103822858,FALSE
1105,rs35533195,-4.3503110323406,FALSE
1106,rs35570221,0.207202606658616,FALSE
1107,rs35597327,-1.05154857000421,FALSE
1108,rs35606306,-0.755603049266712,FALSE
1109,rs35636200,0.320174698800067,FALSE
1110,rs35688953,-4.65359745985716,FALSE
1111,rs35722009,-4.65280627456504,FALSE
1112,rs35731545,-0.471401348513846,FALSE
1113,rs35738694,2.53020210648824,FALSE
1114,rs35779650,0.161521639205708,FALSE
1115,rs35782264,-0.812942542224207,FALSE
1116,rs35799444,0.171577442009113,FALSE
1117,rs35806147,0.526104937079566,FALSE
1118,rs35806920,0.290839303606937,FALSE
1119,rs35819343,3.35124343692214,FALSE
1120,rs35841291,-0.490059259165388,FALSE
1121,rs35871153,-0.0195911403848618,FALSE
1122,rs35874463,4.76792192671801,FALSE
1123,rs35877268,0.554386709751259,FALSE
1124,rs35887379,-2.58816817554722,FALSE
1125,rs35892110,0.0582611929064591,FALSE
1126,rs35903063,-0.0392471715805582,FALSE
1127,rs35997299,-4.73321564851887,FALSE
1128,rs36085174,0.151071720858467,FALSE
1129,rs36105209,3.28264402056013,FALSE
1130,rs36114454,-0.506732379658276,FALSE
1131,rs36123155,1.10017621107094,FALSE
1132,rs36221701,0.72342902033552,FALSE
1133,rs36222034,-1.80853778400195,FALSE
1134,rs364510,0.834746081934861,FALSE
1135,rs365540,0.0524687871566729,FALSE
1136,rs368154146,0.10299509289994,FALSE
1137,rs370792823,0.643800329454018,FALSE
1138,rs371302,-0.00260470163352152,FALSE
1139,rs371606,0.270432222264047,FALSE
1140,rs371743334,-0.525474631174762,FALSE
1141,rs371966,0.262430901395124,FALSE
1142,rs372334,0.157102266570768,FALSE
1143,rs373441,0.0545755701982413,FALSE
1144,rs374012,0.118830791718326,FALSE
1145,rs374101,-0.994465641545441,FALSE
1146,rs3743342,-4.55236247384375,FALSE
1147,rs3743343,0.85310791384044,FALSE
1148,rs3743347,-4.67684879525081,FALSE
1149,rs3743349,-4.65094788415119,FALSE
1150,rs3743352,-0.400192541704233,FALSE
1151,rs376016,0.0589359972854484,FALSE
1152,rs378092,-0.517694888468932,FALSE
1153,rs378455,-0.517541432350441,FALSE
1154,rs3784680,1.6182243757519,FALSE
1155,rs3784681,-4.54739660919614,FALSE
1156,rs3784682,3.01297048776253,FALSE
1157,rs3803519,0.488854430979228,FALSE
1158,rs380388,0.0461116315103309,FALSE
1159,rs380696,-0.130013829767139,FALSE
1160,rs3809572,0.721824451972801,FALSE
1161,rs3809573,-0.334551776321459,FALSE
1162,rs3825977,-4.27718298439908,FALSE
1163,rs3825979,-0.275505070772221,FALSE
1164,rs383880,-1.52553308501507,FALSE
1165,rs384923,-0.756409658731786,FALSE
1166,rs3852628,0.727989863907953,FALSE
1167,rs3852629,0.728455010296025,FALSE
1168,rs3865016,0.675202714188983,FALSE
1169,rs386774,0.118960929764711,FALSE
1170,rs387994,0.182736218677728,FALSE
1171,rs388061,0.169230086689422,FALSE
1172,rs391971,0.315306378358171,FALSE
1173,rs393893,-0.0977427157717575,FALSE
1174,rs394806,0.113269604195866,FALSE
1175,rs397120,0.111413295324141,FALSE
1176,rs3985648,-0.226113481671858,FALSE
1177,rs3985651,0.722041501458951,FALSE
1178,rs398678,0.0251580753922002,FALSE
1179,rs400294,-0.514752945201327,FALSE
1180,rs403542,0.13343249762548,FALSE
1181,rs403844,0.131257995363608,FALSE
1182,rs404755,0.168682309255852,FALSE
1183,rs406197,0.0655397833504094,FALSE
1184,rs406365,-0.13230662475314,FALSE
1185,rs4077234,-0.815673132141997,FALSE
1186,rs412588,0.230650507797602,FALSE
1187,rs412689,0.187866022946009,FALSE
1188,rs412705,0.612462483603122,FALSE
1189,rs413264,0.110817910208222,FALSE
1190,rs4133922,-0.778648891561648,FALSE
1191,rs41357746,3.22007021549518,FALSE
1192,rs41370046,3.21713504230213,FALSE
1193,rs4147358,0.668557029574693,FALSE
1194,rs4147433,0.580152218111839,FALSE
1195,rs415706,0.0943751447773944,FALSE
1196,rs417853,0.0697637413843643,FALSE
1197,rs418492,0.0909638540242397,FALSE
1198,rs422342,0.730956504627624,FALSE
1199,rs423556,0.152090689088154,FALSE
1200,rs4238407,-4.6502640925705,FALSE
1201,rs4238408,-0.430669848491009,FALSE
1202,rs424930,0.150431909890212,FALSE
1203,rs425152,0.153479161577971,FALSE
1204,rs4259997,1.24998570832036,FALSE
1205,rs426543,-0.521143043513819,FALSE
1206,rs426605,-0.0260918702399086,FALSE
1207,rs426612,0.123084139041947,FALSE
1208,rs4271551,0.42374285606573,FALSE
1209,rs427259,0.120005725068951,FALSE
1210,rs427422,0.723493849848536,FALSE
1211,rs4275804,-1.86690780099495,FALSE
1212,rs4293326,0.134423811811349,FALSE
1213,rs4293327,0.00608188723200267,FALSE
1214,rs4301969,3.30437729089925,FALSE
1215,rs4304972,0.311495599034931,FALSE
1216,rs430736,0.112133049214308,FALSE
1217,rs4312262,-0.828311738670967,FALSE
1218,rs4334248,0.2543821646803,FALSE
1219,rs4352000,-4.66097331025741,FALSE
1220,rs435377,0.834692742191687,FALSE
1221,rs436053,-0.248742908548494,FALSE
1222,rs4360869,0.00793626369107274,FALSE
1223,rs4360870,-0.114260640763579,FALSE
1224,rs437054,0.0568595952799653,FALSE
1225,rs4374116,-0.726915432166212,FALSE
1226,rs438265,0.107502302911873,FALSE
1227,rs4402503,-0.0441839642183833,FALSE
1228,rs4410030,0.734043893215983,FALSE
1229,rs4412926,-0.83701789282365,FALSE
1230,rs44196,-0.101985404536431,FALSE
1231,rs4423371,0.31798108852917,FALSE
1232,rs4432221,-4.66741190167538,FALSE
1233,rs443567,-0.0505914807705406,FALSE
1234,rs444141,0.0528543516320733,FALSE
1235,rs445596,0.497744879283509,FALSE
1236,rs4456448,0.422971686852138,FALSE
1237,rs446184,0.118733011627112,FALSE
1238,rs446304,0.194481143896929,FALSE
1239,rs447287,-0.144885970103807,FALSE
1240,rs4476130,-0.112385587367538,FALSE
1241,rs447888,0.161504877638488,FALSE
1242,rs448628,0.0496099686970981,FALSE
1243,rs4489953,-0.119774210271715,FALSE
1244,rs4491456,-4.65571267197274,FALSE
1245,rs4496076,3.22300036785082,FALSE
1246,rs450139,-0.745199657328919,FALSE
1247,rs4506839,3.27441027109388,FALSE
1248,rs4508383,0.0731229345904348,FALSE
1249,rs451806,0.829398217472116,FALSE
1250,rs452114,-0.136271412494888,FALSE
1251,rs4536412,-4.65596272015435,FALSE
1252,rs454434,0.214654672875324,FALSE
1253,rs4562997,1.01148573568539,FALSE
1254,rs4580100,3.25499219903886,FALSE
1255,rs4583189,1.26170561365665,FALSE
1256,rs4589502,-0.814138063063447,FALSE
1257,rs4597266,-0.761016944977371,FALSE
1258,rs4598854,-0.276029396782305,FALSE
1259,rs4598855,-0.829086444217949,FALSE
1260,rs4600426,-0.0750086053183162,FALSE
1261,rs4600427,0.245064855148686,FALSE
1262,rs4601989,-4.38372993223229,FALSE
1263,rs4619347,-0.0384024694065292,FALSE
1264,rs4625676,3.21624456661744,FALSE
1265,rs4640126,-0.0657595928010258,FALSE
1266,rs4641686,3.23763272707965,FALSE
1267,rs4776323,1.04144818033804,FALSE
1268,rs4776324,1.01839048324076,FALSE
1269,rs4776325,0.988126134877615,FALSE
1270,rs4776326,0.881979341176914,FALSE
1271,rs4776327,0.114204772244743,FALSE
1272,rs4776329,-0.216700053404911,FALSE
1273,rs4776331,-0.219374178072856,FALSE
1274,rs4776334,-0.186009594191264,FALSE
1275,rs4776335,-0.811573948345691,FALSE
1276,rs4776337,-1.67171431223859,FALSE
1277,rs4776338,-1.676616339767,FALSE
1278,rs4776339,-1.24083111705799,FALSE
1279,rs4776340,0.279220545727327,FALSE
1280,rs4776341,-2.70052064588714,FALSE
1281,rs4776342,0.692181996045872,FALSE
1282,rs4776343,1.68290283893979,FALSE
1283,rs4776344,1.79543365095891,FALSE
1284,rs4776345,1.743002537444,FALSE
1285,rs4776348,-4.69485330132291,FALSE
1286,rs4776350,-4.67328784926001,FALSE
1287,rs4776354,0.773499535312498,FALSE
1288,rs4776359,-0.411283322577298,FALSE
1289,rs4776838,0.113532894103322,FALSE
1290,rs4776840,0.876792302598135,FALSE
1291,rs4776841,0.895022074440279,FALSE
1292,rs4776843,-0.220410757820927,FALSE
1293,rs4776846,-1.10115261513844,FALSE
1294,rs4776848,-0.241937471877983,FALSE
1295,rs4776849,-0.77886551523188,FALSE
1296,rs4776851,0.90249193605088,FALSE
1297,rs4776855,0.519100575893913,FALSE
1298,rs4776858,-1.34039081259656,FALSE
1299,rs4776859,-0.0266334127038855,FALSE
1300,rs4776860,-0.524861368927845,FALSE
1301,rs4776862,-0.17994799407684,FALSE
1302,rs4776863,0.204807383845218,FALSE
1303,rs4776864,-0.132641989219057,FALSE
1304,rs4776865,-1.82829070871266,FALSE
1305,rs4776869,-0.0380718478623107,FALSE
1306,rs4776870,0.158352876233399,FALSE
1307,rs4776871,0.0187565180805476,FALSE
1308,rs4776873,-0.717592745043439,FALSE
1309,rs4776874,-0.57478816594424,FALSE
1310,rs4776875,-0.563962227074813,FALSE
1311,rs4776876,-0.697188394851183,FALSE
1312,rs4776879,-1.35375509729877,FALSE
1313,rs4776880,-1.97995029488566,FALSE
1314,rs4776881,-1.50538696395037,FALSE
1315,rs4776882,-0.474245658036709,FALSE
1316,rs4776883,-1.51281083580778,FALSE
1317,rs4776884,-1.14123991762996,FALSE
1318,rs4776885,-1.12209018016311,FALSE
1319,rs4776886,-1.21402980351897,FALSE
1320,rs4776887,-1.18735696001246,FALSE
1321,rs4776888,-0.838027979541815,FALSE
1322,rs4776890,-2.14725465774756,FALSE
1323,rs4776891,0.338015479894356,FALSE
1324,rs4776892,0.813476831251426,FALSE
1325,rs4776894,2.85752207942938,FALSE
1326,rs4776896,2.83100094317508,FALSE
1327,rs4776897,2.78306414890072,FALSE
1328,rs4776900,0.837295429078637,FALSE
1329,rs4776901,0.888009722992318,FALSE
1330,rs4776905,-4.78545581915017,FALSE
1331,rs4776906,-4.68752295459125,FALSE
1332,rs4776908,-4.69091397147857,FALSE
1333,rs4776909,-4.67232871336825,FALSE
1334,rs4776913,-4.63834988390062,FALSE
1335,rs4776917,-4.65971361861744,FALSE
1336,rs4776918,-0.748166775202799,FALSE
1337,rs4776919,-0.744469062865998,FALSE
1338,rs4776920,0.722374952132501,FALSE
1339,rs4776921,0.731150041386861,FALSE
1340,rs4776922,-4.65125298667798,FALSE
1341,rs4776923,0.781767059428233,FALSE
1342,rs4776924,-3.05147474764433,FALSE
1343,rs4776926,-0.310568606387699,FALSE
1344,rs4776928,2.10449491276615,FALSE
1345,rs4776929,0.550282825629518,FALSE
1346,rs4776931,-0.37105866949172,FALSE
1347,rs4996334,0.283178916914681,FALSE
1348,rs531471510,-1.80284737219136,FALSE
1349,rs532188806,0.687448435753223,FALSE
1350,rs532923151,0.897699960000229,FALSE
1351,rs535827611,0.553438892417981,FALSE
1352,rs536010162,0.910641059501583,FALSE
1353,rs537056315,-2.3666111975546,FALSE
1354,rs537554346,0.956685221417225,FALSE
1355,rs538968965,-1.18214558198787,FALSE
1356,rs538988516,-0.869249360920052,FALSE
1357,rs540138338,-0.0367415200683647,FALSE
1358,rs540330168,0.24170812829658,FALSE
1359,rs541782495,0.0888094426214786,FALSE
1360,rs542708691,-0.573050587381251,FALSE
1361,rs542984599,-0.182543341573135,FALSE
1362,rs545657671,-0.448374687113525,FALSE
1363,rs545796763,-0.212926247745368,FALSE
1364,rs546016868,-1.35526812718115,FALSE
1365,rs547944931,-0.129533472827618,FALSE
1366,rs549145143,-4.48773707998354,FALSE
1367,rs549534901,0.173213349528806,FALSE
1368,rs55687824,0.875154880479895,FALSE
1369,rs55691227,3.25960428836014,FALSE
1370,rs55735414,-0.0146149951455279,FALSE
1371,rs55766013,-1.79691711297813,FALSE
1372,rs55825142,-0.443353027090169,FALSE
1373,rs55832357,3.25531316910973,FALSE
1374,rs55838402,0.00777609483585644,FALSE
1375,rs55841220,3.2730308190137,FALSE
1376,rs55847720,-2.90527591225948,FALSE
1377,rs55854539,2.42497306448405,FALSE
1378,rs55855162,-0.682912180379278,FALSE
1379,rs55885982,3.22322193755928,FALSE
1380,rs55894213,3.14143198788278,FALSE
1381,rs55904916,-0.161613158115603,FALSE
1382,rs559180264,-1.05112037384844,FALSE
1383,rs55962710,3.26431743929179,FALSE
1384,rs55970514,-2.23689025064221,FALSE
1385,rs559743663,2.88991772034849,FALSE
1386,rs55980687,0.00157326765316353,FALSE
1387,rs55993214,-0.467500636487155,FALSE
1388,rs55994097,2.93533872682867,FALSE
1389,rs560099636,-1.83899776352446,FALSE
1390,rs56026891,1.45461744464704,FALSE
1391,rs56039617,0.974478361028748,FALSE
1392,rs56062135,1.13028337366887,FALSE
1393,rs56067504,-0.462936528199751,FALSE
1394,rs56070432,-1.22226037997873,FALSE
1395,rs56086449,0.482530718203141,FALSE
1396,rs56099042,-0.46430367100642,FALSE
1397,rs561054612,0.668186705358008,FALSE
1398,rs56108040,2.42347134643529,FALSE
1399,rs56118922,-0.793885248303853,FALSE
1400,rs56166115,1.56933244147247,FALSE
1401,rs56183531,-0.271383096786774,FALSE
1402,rs56184919,0.537003442378754,FALSE
1403,rs56213124,1.52694482502561,FALSE
1404,rs56264428,0.135462931829464,FALSE
1405,rs56286270,-0.570816229397207,FALSE
1406,rs562922956,0.278934694213167,FALSE
1407,rs56307429,-0.885862231461544,FALSE
1408,rs56317520,0.381250476601741,FALSE
1409,rs56324967,0.177427231852333,FALSE
1410,rs56331943,1.71267883660191,FALSE
1411,rs56336169,-0.468060797135293,FALSE
1412,rs56336520,-0.117932411936892,FALSE
1413,rs563472710,-3.8706369328853,FALSE
1414,rs56364706,-0.610468624139421,FALSE
1415,rs56368938,-0.623726231261523,FALSE
1416,rs56375023,1.15928478625191,FALSE
1417,rs56384969,1.33374467769276,FALSE
1418,rs56401320,-0.879457548370215,FALSE
1419,rs567005534,-0.472139673057255,FALSE
1420,rs568333018,-0.171279311242157,FALSE
1421,rs569297644,1.90573912956432,FALSE
1422,rs56992925,0.221320770939972,FALSE
1423,rs570436631,-0.854821441947299,FALSE
1424,rs571026806,-1.48720063621975,FALSE
1425,rs571327134,-0.521774402362458,FALSE
1426,rs57147322,-0.622067664997297,FALSE
1427,rs57252824,-1.05827027954052,FALSE
1428,rs573337207,-1.30011297395003,FALSE
1429,rs574011858,0.0941478396638945,FALSE
1430,rs57729347,-1.19513812851421,FALSE
1431,rs57849863,-0.261632024323657,FALSE
1432,rs57965922,0.164127195097754,FALSE
1433,rs58036323,3.26748294719549,FALSE
1434,rs58048858,-1.07351863959389,FALSE
1435,rs58069103,1.50799044282129,FALSE
1436,rs58074225,-4.6512784696373,FALSE
1437,rs58084996,-0.568178947667184,FALSE
1438,rs5813407,1.55806841824663,FALSE
1439,rs5813417,-0.479367686249012,FALSE
1440,rs5813433,-0.724239643040765,FALSE
1441,rs5813434,-0.827872110965801,FALSE
1442,rs5813437,0.75807686796354,FALSE
1443,rs58356889,0.142448922905756,FALSE
1444,rs58419901,-1.80560421029135,FALSE
1445,rs586436,0.608372686494558,FALSE
1446,rs58843535,0.698927270232341,FALSE
1447,rs58910308,-0.451508753196779,FALSE
1448,rs59188128,-0.119183244578054,FALSE
1449,rs59209208,0.163799104453123,FALSE
1450,rs59962165,3.26870346240701,FALSE
1451,rs60141690,0.710999965794232,FALSE
1452,rs60274083,0.229347519978596,FALSE
1453,rs60300820,-0.863789105935408,FALSE
1454,rs60357413,-0.39819696893248,FALSE
1455,rs60428975,-1.35293026614402,FALSE
1456,rs60833948,1.05591462662767,FALSE
1457,rs60858816,-0.017700297742259,FALSE
1458,rs61317848,1.51585383637411,FALSE
1459,rs61414048,0.606724776069599,FALSE
1460,rs615404,-0.532287419548035,FALSE
1461,rs61592978,-0.485479437228615,FALSE
1462,rs61623247,-0.47871018788583,FALSE
1463,rs62005862,-1.00058816570884,FALSE
1464,rs62005863,-1.02598467964514,FALSE
1465,rs62005864,-1.04458600132965,FALSE
1466,rs62005865,-1.11264845786382,FALSE
1467,rs62005866,-0.941437085096329,FALSE
1468,rs62005867,-1.05516664407487,FALSE
1469,rs62005868,0.78130142992757,FALSE
1470,rs62005893,-1.06596518009744,FALSE
1471,rs62005896,-0.860351194635308,FALSE
1472,rs62005898,0.346092298260671,FALSE
1473,rs62005928,-1.15062732974366,FALSE
1474,rs62005929,0.666243108700088,FALSE
1475,rs62005930,0.35119968904817,FALSE
1476,rs62005932,-0.934966290979305,FALSE
1477,rs62005934,-0.710657545217487,FALSE
1478,rs62005949,-0.520791328992937,FALSE
1479,rs62005950,-0.175458453466389,FALSE
1480,rs62005972,-0.368257507892867,FALSE
1481,rs62005974,-0.0560708055711923,FALSE
1482,rs62005979,-0.934489627231427,FALSE
1483,rs62005980,-1.78965004058762,FALSE
1484,rs62005996,1.27847162243118,FALSE
1485,rs62006018,0.313089939173025,FALSE
1486,rs62006053,-0.429618188623674,FALSE
1487,rs62006055,-3.35976122715744,FALSE
1488,rs62007580,0.583094822863334,FALSE
1489,rs62007581,0.0154983312964657,FALSE
1490,rs62007582,-0.984253881931948,FALSE
1491,rs62007584,-1.09136703656268,FALSE
1492,rs62007585,-1.08438007366989,FALSE
1493,rs62007586,-1.07939846613275,FALSE
1494,rs62007589,-1.074795599712,FALSE
1495,rs62007591,-1.01205500504146,FALSE
1496,rs62007592,-1.01149092907332,FALSE
1497,rs62007593,-1.01719727975461,FALSE
1498,rs62007594,-1.01128575384078,FALSE
1499,rs62007974,-0.108409661451776,FALSE
1500,rs62007992,0.0367899586933013,FALSE
1501,rs62007993,0.0367899586933013,FALSE
1502,rs62007994,-0.694914941087294,FALSE
1503,rs62014612,3.27050967421856,FALSE
1504,rs62014640,1.63226385540854,FALSE
1505,rs62014641,1.52204377655603,FALSE
1506,rs62014646,1.67339771077417,FALSE
1507,rs62014647,-0.653939619214183,FALSE
1508,rs62014648,-0.636353715813334,FALSE
1509,rs62014649,1.54192580986819,FALSE
1510,rs62014650,1.65448224776708,FALSE
1511,rs62015981,1.60772681027819,FALSE
1512,rs62015983,1.57354064925877,FALSE
1513,rs62016013,3.18472746909856,FALSE
1514,rs62016022,1.62030517793119,FALSE
1515,rs62016025,1.25870064557886,FALSE
1516,rs62016027,1.31898130544524,FALSE
1517,rs62016030,0.296072039846464,FALSE
1518,rs62016031,0.6564368233032,FALSE
1519,rs6416478,0.116736255585601,FALSE
1520,rs6494604,0.856288565831094,FALSE
1521,rs6494605,-0.293094070083516,FALSE
1522,rs6494606,0.991941441844662,FALSE
1523,rs6494607,0.0589847636413704,FALSE
1524,rs6494608,0.0548489496865502,FALSE
1525,rs6494609,0.409858170371307,FALSE
1526,rs6494610,0.010764283784562,FALSE
1527,rs6494611,-0.00807046496092711,FALSE
1528,rs6494612,-0.142445633235802,FALSE
1529,rs6494613,-0.116703787743488,FALSE
1530,rs6494614,-0.133749216215001,FALSE
1531,rs6494619,0.843041307685397,FALSE
1532,rs6494620,1.6282778920133,FALSE
1533,rs6494621,0.500998814800752,FALSE
1534,rs6494623,0.291242266285107,FALSE
1535,rs6494624,1.0589740126752,FALSE
1536,rs6494625,0.282806688346819,FALSE
1537,rs6494626,1.07625546221779,FALSE
1538,rs6494627,1.05565675327914,FALSE
1539,rs6494629,-2.1003036632788,FALSE
1540,rs6494633,2.05847462025423,FALSE
1541,rs6494634,2.75839321169233,FALSE
1542,rs6494636,3.11419857364905,FALSE
1543,rs6494638,3.27437675982165,FALSE
1544,rs6494639,-0.773183474428768,FALSE
1545,rs6494640,-0.782335061875609,FALSE
1546,rs6494650,3.25973926692418,FALSE
1547,rs6494654,2.50768144847775,FALSE
1548,rs6494657,0.322120804457303,FALSE
1549,rs655926,-0.0657544471953807,FALSE
1550,rs66517624,0.789980675281457,FALSE
1551,rs66689025,0.553578197659018,FALSE
1552,rs66717113,-2.06116873790751,FALSE
1553,rs66889121,1.45870328667957,FALSE
1554,rs66892254,0.0299764961218748,FALSE
1555,rs66926990,3.58855796736098,FALSE
1556,rs66928947,0.00101392595344009,FALSE
1557,rs67198726,0.0321555417850127,FALSE
1558,rs67226916,1.19354713668219,FALSE
1559,rs67278134,1.5283181196725,FALSE
1560,rs67440550,1.41456833995235,FALSE
1561,rs67486165,-4.73670995676289,FALSE
1562,rs67535429,-1.08714777105125,FALSE
1563,rs67560049,0.191096586424616,FALSE
1564,rs67614233,-2.86991037698253,FALSE
1565,rs67699114,0.522101819399689,FALSE
1566,rs67872952,-4.62858793486949,FALSE
1567,rs68018114,-0.918209910021584,FALSE
1568,rs68022462,3.49512771099845,FALSE
1569,rs71142368,-0.760743086585195,FALSE
1570,rs71398285,1.46876720626375,FALSE
1571,rs71398288,-0.465824123614411,FALSE
1572,rs71398291,-0.342848505558253,FALSE
1573,rs71398295,-0.00239137992419109,FALSE
1574,rs71398296,0.710563271957837,FALSE
1575,rs71398297,-0.0804595827897878,FALSE
1576,rs71398298,1.09576142165733,FALSE
1577,rs71400358,1.11055716603795,FALSE
1578,rs71400359,-0.441536813487243,FALSE
1579,rs71400360,0.625618164780931,FALSE
1580,rs71400361,0.261840321975554,FALSE
1581,rs71400364,-4.65675106549401,FALSE
1582,rs71400365,0.691418681651931,FALSE
1583,rs71400367,0.62074355819293,FALSE
1584,rs7161879,-0.747026367211558,FALSE
1585,rs7161888,-0.58618667343062,FALSE
1586,rs7162079,1.58084836526965,FALSE
1587,rs7162222,-0.0647213820288215,FALSE
1588,rs7162265,-0.575921253092344,FALSE
1589,rs7162340,-0.731536207077137,FALSE
1590,rs7162810,-0.765287049797433,FALSE
1591,rs7162912,0.472415823259073,FALSE
1592,rs7163381,-0.457890535290222,FALSE
1593,rs7163460,-0.789010138575353,FALSE
1594,rs7163669,0.168143930813984,FALSE
1595,rs7163779,1.07541380184382,FALSE
1596,rs7163797,-1.65649730775442,FALSE
1597,rs7163856,-0.468546857661486,FALSE
1598,rs7163945,1.44415280342119,FALSE
1599,rs7164786,0.986625534804608,FALSE
1600,rs7165115,-1.05322121448032,FALSE
1601,rs7165382,-4.39271631656099,FALSE
1602,rs7165503,3.27466789848871,FALSE
1603,rs7165780,-0.973450836709846,FALSE
1604,rs7166081,4.75582709809008,FALSE
1605,rs7166531,0.0831974754718417,FALSE
1606,rs7166537,-1.63601669743324,FALSE
1607,rs7166809,-0.770348969232677,FALSE
1608,rs7166899,0.766976446671897,FALSE
1609,rs7166933,0.058582765421078,FALSE
1610,rs7167097,3.23930751088546,FALSE
1611,rs7167149,-0.834101216531216,FALSE
1612,rs7167217,1.3017342773767,FALSE
1613,rs7167321,-0.0382257173037802,FALSE
1614,rs7167328,-0.259182667201896,FALSE
1615,rs7167532,-4.31660386669131,FALSE
1616,rs7168228,-1.89620058447426,FALSE
1617,rs7168649,1.19259609690866,FALSE
1618,rs7168889,-0.28686468660452,FALSE
1619,rs7169032,-0.550298580541399,FALSE
1620,rs7169183,-0.938050190285678,FALSE
1621,rs7169430,-0.107929039097619,FALSE
1622,rs7169592,-0.766040851785439,FALSE
1623,rs7169630,-0.938859343433884,FALSE
1624,rs7169633,-0.65935926598126,FALSE
1625,rs7169664,-0.0731313472044722,FALSE
1626,rs7169962,-0.518599046334201,FALSE
1627,rs7170004,3.24765294012226,FALSE
1628,rs7170078,-0.754036385783259,FALSE
1629,rs7170170,-0.0561824264837301,FALSE
1630,rs7170238,0.00248193992588844,FALSE
1631,rs7170443,-0.762733969653108,FALSE
1632,rs7170609,-0.423403954768025,FALSE
1633,rs7170713,-0.426028837902232,FALSE
1634,rs7170720,0.69447899466714,FALSE
1635,rs7170743,-0.408076917568271,FALSE
1636,rs7171005,-0.426265931033047,FALSE
1637,rs7171372,-0.4248676218257,FALSE
1638,rs7171475,3.29012057612675,FALSE
1639,rs7171550,-0.42524670575135,FALSE
1640,rs7171625,0.711175831296487,FALSE
1641,rs7172591,0.984841616509419,FALSE
1642,rs7172645,3.25263229236436,FALSE
1643,rs7173555,2.78609794639566,FALSE
1644,rs7173609,-0.538232206446211,FALSE
1645,rs7173698,0.970981656321878,FALSE
1646,rs7173811,3.21023361704997,FALSE
1647,rs7173826,-5.02713798329061,FALSE
1648,rs7173894,-0.0027222219616914,FALSE
1649,rs7174207,0.0395775287003338,FALSE
1650,rs7174445,0.955827012594429,FALSE
1651,rs7174602,-0.484642737430684,FALSE
1652,rs7175092,0.00512809118857162,FALSE
1653,rs7175102,-0.428976269291598,FALSE
1654,rs7175238,-0.00698163073411773,FALSE
1655,rs7175405,-0.511444783809933,FALSE
1656,rs7175844,-0.469770111779892,FALSE
1657,rs7176171,0.48601555461814,FALSE
1658,rs7176279,-0.426795295365654,FALSE
1659,rs7176337,-0.787558127194107,FALSE
1660,rs7176445,0.0397744089008853,FALSE
1661,rs7176854,-0.427793313764418,FALSE
1662,rs7176870,-0.861707722748472,FALSE
1663,rs7176940,-0.811147683683062,FALSE
1664,rs7177127,-0.342070337633926,FALSE
1665,rs7177199,0.00920815918244817,FALSE
1666,rs7177402,0.803823697273308,FALSE
1667,rs7177772,-0.793284200470346,FALSE
1668,rs7177795,-1.64770072791642,FALSE
1669,rs7178117,-2.16155993591395,FALSE
1670,rs7178291,2.7731172813389,FALSE
1671,rs7178347,-0.419556423650308,FALSE
1672,rs7178381,-1.64773416456603,FALSE
1673,rs7178729,0.729660088299242,FALSE
1674,rs7178824,-5.0304008297469,FALSE
1675,rs7178870,3.23636650578645,FALSE
1676,rs7178966,-0.126367651446419,FALSE
1677,rs7178975,-0.779409654971537,FALSE
1678,rs7179173,-0.887840039247261,FALSE
1679,rs7179528,-0.507384037823004,FALSE
1680,rs7179840,-1.91348181873775,FALSE
1681,rs7179893,-0.00525455630096522,FALSE
1682,rs7180244,1.82483380214927,FALSE
1683,rs7180412,-1.47410567085566,FALSE
1684,rs7180678,-1.05949348071699,FALSE
1685,rs7180864,-0.490464784864965,FALSE
1686,rs7181047,0.25068948395508,FALSE
1687,rs7181229,-1.07064654770136,FALSE
1688,rs7181316,-0.450865757081829,FALSE
1689,rs7181543,-5.04862528454592,FALSE
1690,rs7181556,-5.05069111536072,FALSE
1691,rs7181718,-1.04721585997507,FALSE
1692,rs7181794,1.86855815601626,FALSE
1693,rs7181798,1.23125069982614,FALSE
1694,rs7181877,-5.07471272805906,FALSE
1695,rs7181878,-1.1191707536948,FALSE
1696,rs7181907,0.353602049194425,FALSE
1697,rs7181918,-0.959127022431484,FALSE
1698,rs7182138,-1.07116774765631,FALSE
1699,rs7182253,1.03658419737244,FALSE
1700,rs7182788,1.03923932582371,FALSE
1701,rs7182798,-4.69624802911877,FALSE
1702,rs7183066,-1.06478489439484,FALSE
1703,rs7183114,-1.72960989451461,FALSE
1704,rs7183186,-0.771067452778618,FALSE
1705,rs7183187,-0.454457162808159,FALSE
1706,rs7183244,-1.84458150854906,FALSE
1707,rs7183394,2.8475419572801,FALSE
1708,rs718663,-1.49745907787714,FALSE
1709,rs72219900,2.10619565406225,FALSE
1710,rs72625777,-4.74056231733142,FALSE
1711,rs72625778,-4.65102890296299,FALSE
1712,rs72661162,-0.71594024703296,FALSE
1713,rs72741011,1.4260244064113,FALSE
1714,rs72741014,0.936557861369181,FALSE
1715,rs72741031,0.848706906238407,FALSE
1716,rs72741047,0.991327648613427,FALSE
1717,rs72741051,0.532184018505247,FALSE
1718,rs72741056,-0.220620483625965,FALSE
1719,rs72741058,0.141086591392698,FALSE
1720,rs72741100,-0.190569398319326,FALSE
1721,rs72741101,-0.401795521937067,FALSE
1722,rs72743403,0.716554235192548,FALSE
1723,rs72743410,0.183511609374632,FALSE
1724,rs72743414,-1.78596750380571,FALSE
1725,rs72743421,-1.53926117396991,FALSE
1726,rs72743422,-2.77196324239824,FALSE
1727,rs72743423,-2.68027730487425,FALSE
1728,rs72743427,-1.89457634026692,FALSE
1729,rs72743436,2.78488538284623,FALSE
1730,rs72743439,0.380342086676409,FALSE
1731,rs72743447,-0.326877526847628,FALSE
1732,rs72743459,0.527170910864559,FALSE
1733,rs72743461,1.13238032668662,FALSE
1734,rs72743467,0.849274384932312,FALSE
1735,rs72743474,-1.49788007826246,FALSE
1736,rs72743477,0.830100274630134,FALSE
1737,rs72743479,-1.07348833436006,FALSE
1738,rs72743481,2.92002282205398,FALSE
1739,rs72743482,0.885429406558334,FALSE
1740,rs72745406,1.88900771939621,FALSE
1741,rs72745408,0.19892429168817,FALSE
1742,rs72745440,-1.50136979180852,FALSE
1743,rs72745452,3.53498675953965,FALSE
1744,rs72745453,-1.61510635757185,FALSE
1745,rs72745455,-0.398097959678088,FALSE
1746,rs72745461,-0.592234359762068,FALSE
1747,rs72745469,-0.9915009991826,FALSE
1748,rs72745470,1.62770641669619,FALSE
1749,rs72745473,3.47041259178543,FALSE
1750,rs72745484,-1.4863007003862,FALSE
1751,rs72747403,-0.417717006578194,FALSE
1752,rs72747405,-0.375743428636136,FALSE
1753,rs72747406,1.89483797371338,FALSE
1754,rs72758571,0.523598393448555,FALSE
1755,rs72758573,0.51876764558647,FALSE
1756,rs72758574,0.501360220629131,FALSE
1757,rs733664,-1.45619734833085,FALSE
1758,rs7342666,-0.203541253032767,FALSE
1759,rs73477835,0.646222425514042,FALSE
1760,rs73477839,0.578751945147618,FALSE
1761,rs73480876,0.9123519220315,FALSE
1762,rs73482548,-0.130122784107637,FALSE
1763,rs73484577,-0.11790094276387,FALSE
1764,rs73484602,-0.461935213576508,FALSE
1765,rs73486492,0.212297996516842,FALSE
1766,rs73488513,0.0525860938339674,FALSE
1767,rs7359174,0.0230619188559874,FALSE
1768,rs7359257,2.38085963925927,FALSE
1769,rs74019810,0.00515842690743508,FALSE
1770,rs74019811,-0.0319457305869547,FALSE
1771,rs74019817,-0.0605526784966876,FALSE
1772,rs74019841,1.72456001197075,FALSE
1773,rs74019842,1.29834186347601,FALSE
1774,rs74019848,-0.454718512201622,FALSE
1775,rs74019849,-0.473686144302162,FALSE
1776,rs74019850,-0.475944211952069,FALSE
1777,rs74019851,-0.630668895175298,FALSE
1778,rs74019852,-0.625526690489143,FALSE
1779,rs74019853,-0.399923251648325,FALSE
1780,rs74019854,-0.407374656120366,FALSE
1781,rs74020119,0.703348945579733,FALSE
1782,rs74020121,0.560900890233738,FALSE
1783,rs7403490,-0.0617544108355623,FALSE
1784,rs74328837,-0.0723933798398961,FALSE
1785,rs74364368,-0.321349271966038,FALSE
1786,rs74397338,-0.124769161284213,FALSE
1787,rs744750,0.349216271090144,FALSE
1788,rs744910,-1.30766434694875,FALSE
1789,rs745103,-0.301085918916904,FALSE
1790,rs74608334,0.500400223417851,FALSE
1791,rs74612339,-0.482635173173883,FALSE
1792,rs74619957,-0.0933038500813315,FALSE
1793,rs74631573,0.616345230409687,FALSE
1794,rs74668433,0.347543563866849,FALSE
1795,rs74687488,0.705793676306233,FALSE
1796,rs74693937,-0.782136427183466,FALSE
1797,rs746978,3.32972814434229,FALSE
1798,rs74791128,0.614796671877183,FALSE
1799,rs74805665,0.356719129532761,FALSE
1800,rs74892931,3.31071971488746,FALSE
1801,rs749348,-0.54260321748746,FALSE
1802,rs7495093,-0.586298326879152,FALSE
1803,rs7495307,0.890260228879756,FALSE
1804,rs7495316,0.922550419165763,FALSE
1805,rs7495340,0.893657801232137,FALSE
1806,rs7495343,0.909012097149476,FALSE
1807,rs7495344,0.897729009448851,FALSE
1808,rs74953780,0.964723474801569,FALSE
1809,rs7495569,0.893780527016144,FALSE
1810,rs74964736,0.288476131177589,FALSE
1811,rs7496520,0.311724745357484,FALSE
1812,rs75031562,0.204434860155727,FALSE
1813,rs750766,-2.66622280349346,FALSE
1814,rs75127562,-0.98302550621535,FALSE
1815,rs75131657,0.372715273552056,FALSE
1816,rs75260023,0.0914731849681499,FALSE
1817,rs75268907,0.74698138332395,FALSE
1818,rs75310666,0.220420173943744,FALSE
1819,rs75327785,-0.980290072936245,FALSE
1820,rs75369664,-0.498724069793432,FALSE
1821,rs75451797,-0.440931261012758,FALSE
1822,rs75463836,0.778717009655938,FALSE
1823,rs75502100,-0.464372167310063,FALSE
1824,rs75505758,-0.846693662538562,FALSE
1825,rs75535110,-0.899591470799083,FALSE
1826,rs75822029,1.7103134028965,FALSE
1827,rs75826896,0.373070827175148,FALSE
1828,rs75866685,-0.623678404235518,FALSE
1829,rs75874311,1.65734734425816,FALSE
1830,rs75940327,-0.00258657295168672,FALSE
1831,rs75966616,0.797245405374891,FALSE
1832,rs75977079,-1.01285312163026,FALSE
1833,rs75983242,0.051762277004888,FALSE
1834,rs75986296,0.145987598061308,FALSE
1835,rs75991095,-0.487384488611587,FALSE
1836,rs75991252,-1.31992092953304,FALSE
1837,rs76024542,-0.635390941938531,FALSE
1838,rs76040993,-1.24199841737153,FALSE
1839,rs76116632,0.691417348294219,FALSE
1840,rs76131938,-0.99552527018094,FALSE
1841,rs76173081,0.799218715322031,FALSE
1842,rs76246800,-1.00605382904024,FALSE
1843,rs76270685,1.83668635403866,FALSE
1844,rs76302777,0.716831727347135,FALSE
1845,rs76412736,-0.460544892418131,FALSE
1846,rs76479722,0.534558043133585,FALSE
1847,rs76499300,-1.98015939818546,FALSE
1848,rs76500746,0.310054567623707,FALSE
1849,rs76580234,-0.180556703908705,FALSE
1850,rs76591623,-0.225095976789512,FALSE
1851,rs76713130,-0.396373966864596,FALSE
1852,rs76790109,-0.0120243712127618,FALSE
1853,rs76919478,-0.576898583248017,FALSE
1854,rs76993364,1.30635048080201,FALSE
1855,rs77100310,2.10824194775536,FALSE
1856,rs77141012,0.206107012503684,FALSE
1857,rs77147996,-0.940349834873438,FALSE
1858,rs77167076,0.855580412485972,FALSE
1859,rs77262736,2.25236128201224,FALSE
1860,rs77285984,-1.14753534409838,FALSE
1861,rs77437742,1.78300220977552,FALSE
1862,rs77458979,2.60780150649161,FALSE
1863,rs77494054,-0.754241454300579,FALSE
1864,rs77518050,-0.534553395229707,FALSE
1865,rs77521506,-0.59205342246303,FALSE
1866,rs77522868,0.786996843228054,FALSE
1867,rs77688586,0.51481364656001,FALSE
1868,rs77715810,-0.700929683905101,FALSE
1869,rs77813578,1.68746194371992,FALSE
1870,rs77820917,-0.952817168638783,FALSE
1871,rs78023198,-0.869390836178626,FALSE
1872,rs78110981,-0.327483178451539,FALSE
1873,rs78140934,-0.179641538775779,FALSE
1874,rs78166027,-0.40559293785611,FALSE
1875,rs78166632,0.340160289730882,FALSE
1876,rs78181938,-0.193085510766463,FALSE
1877,rs78226807,1.52534459379127,FALSE
1878,rs78249440,1.53076073110838,FALSE
1879,rs78297923,-2.0126786228195,FALSE
1880,rs78332697,-0.104399127415185,FALSE
1881,rs78390970,-0.8303963307382,FALSE
1882,rs78425228,-0.464923841876864,FALSE
1883,rs78553942,-4.71234048614411,FALSE
1884,rs78582923,1.11751036097865,FALSE
1885,rs78609335,-0.0180972928384794,FALSE
1886,rs78650348,0.71076690829742,FALSE
1887,rs78679132,1.29653881052977,FALSE
1888,rs78739111,-0.46152177606206,FALSE
1889,rs78793387,-0.694193048125567,FALSE
1890,rs78800186,-0.469561464243851,FALSE
1891,rs78832633,0.143768578686058,FALSE
1892,rs78910246,0.936473686361898,FALSE
1893,rs78911243,0.882980815181892,FALSE
1894,rs78925491,-0.0536613089117794,FALSE
1895,rs78961746,0.495744955752196,FALSE
1896,rs78962610,-0.297164479781659,FALSE
1897,rs79005079,0.547207391865542,FALSE
1898,rs79171522,-0.488064499048175,FALSE
1899,rs79270607,1.23702591553779,FALSE
1900,rs79287697,-0.331120961320647,FALSE
1901,rs79317851,-1.07604352988471,FALSE
1902,rs79346334,0.535942494211962,FALSE
1903,rs79390908,-0.458824728172514,FALSE
1904,rs79458729,0.0148671865649693,FALSE
1905,rs79483120,1.77889163947921,FALSE
1906,rs79517824,1.28070529474863,FALSE
1907,rs79531909,1.58858211649121,FALSE
1908,rs79559143,-0.970406989794583,FALSE
1909,rs79596757,-1.12971776192516,FALSE
1910,rs79689375,1.37881410918217,FALSE
1911,rs79700085,-0.933405331313226,FALSE
1912,rs79723899,-0.508802511330342,FALSE
1913,rs79741304,0.763580245271732,FALSE
1914,rs79783885,0.641418733207887,FALSE
1915,rs79817099,2.58356019621064,FALSE
1916,rs79824500,0.327413951370186,FALSE
1917,rs79826987,0.694547916478468,FALSE
1918,rs79829875,-0.186194656730538,FALSE
1919,rs79839477,0.726982171166672,FALSE
1920,rs79869818,1.30877562233927,FALSE
1921,rs79913183,-0.0639717334919508,FALSE
1922,rs80076171,0.162004396255502,FALSE
1923,rs8023363,-0.813015676193931,FALSE
1924,rs8023420,-0.341468555796722,FALSE
1925,rs8023632,0.492989978224738,FALSE
1926,rs8023872,0.755947683945193,FALSE
1927,rs8024330,0.984333687600042,FALSE
1928,rs8024648,3.25884733888407,FALSE
1929,rs8025083,2.78274623283069,FALSE
1930,rs8025186,-0.735287275834787,FALSE
1931,rs8025327,0.779248254395225,FALSE
1932,rs8025414,-0.80217354622636,FALSE
1933,rs8025612,0.800502645988302,FALSE
1934,rs8025621,-4.65952232309678,FALSE
1935,rs80256914,0.745192031207602,FALSE
1936,rs8025774,-4.52529778925665,FALSE
1937,rs8026196,2.31488842552261,FALSE
1938,rs8026261,2.78388831084773,FALSE
1939,rs8026320,0.0724983718360794,FALSE
1940,rs8026358,1.73634501206889,FALSE
1941,rs80263963,-0.386798784343515,FALSE
1942,rs8026870,-4.7505146207326,FALSE
1943,rs8026949,0.191302693197576,FALSE
1944,rs8027710,0.160887500954039,FALSE
1945,rs8027723,0.237933898102171,FALSE
1946,rs8027755,3.23208700018742,FALSE
1947,rs8027890,3.29612785247535,FALSE
1948,rs8028147,0.690675823959356,FALSE
1949,rs8028392,-1.26602259947466,FALSE
1950,rs8028858,-0.527485681379231,FALSE
1951,rs8028934,-0.819500040745231,FALSE
1952,rs8029371,3.21406925433411,FALSE
1953,rs8029398,-1.08051906580712,FALSE
1954,rs8029582,-0.75459279672997,FALSE
1955,rs8029963,-0.750848926287317,FALSE
1956,rs8030142,0.735597054449637,FALSE
1957,rs8030614,-0.780106927629288,FALSE
1958,rs8030620,-4.63646017396044,FALSE
1959,rs8031411,-0.0114909736074428,FALSE
1960,rs8031440,-4.52337267185779,FALSE
1961,rs8031500,-4.63283648116847,FALSE
1962,rs8031538,-0.495422363919074,FALSE
1963,rs8031564,-0.0139376227777844,FALSE
1964,rs8031586,-0.72683815349443,FALSE
1965,rs8031627,-4.52276741678095,FALSE
1966,rs8032077,-0.0337159128004764,FALSE
1967,rs8032377,-0.783997614393557,FALSE
1968,rs8032438,0.732309136699838,FALSE
1969,rs8032525,3.22863211316741,FALSE
1970,rs8032542,0.255185982708418,FALSE
1971,rs8032739,0.947341520189924,FALSE
1972,rs8032802,0.786770581621038,FALSE
1973,rs8032868,3.21115008655981,FALSE
1974,rs8032898,3.26035203504202,FALSE
1975,rs8033006,0.0650287750048621,FALSE
1976,rs8033112,0.0669469452142358,FALSE
1977,rs8033116,0.0107647271127087,FALSE
1978,rs8033862,0.0863685733725193,FALSE
1979,rs8034198,0.293623206228517,FALSE
1980,rs8034392,-0.119713698039326,FALSE
1981,rs8034421,0.830727306427938,FALSE
1982,rs8034547,-0.150227493326043,FALSE
1983,rs8035054,-0.114495052991306,FALSE
1984,rs8035155,-0.149017822091233,FALSE
1985,rs8035235,-0.819651727774784,FALSE
1986,rs8035486,-1.50318571726052,FALSE
1987,rs8035520,-0.119509900079409,FALSE
1988,rs8035972,0.164315698537661,FALSE
1989,rs8036050,0.165312229685737,FALSE
1990,rs8036074,-0.116537754908329,FALSE
1991,rs8036529,0.154162887653569,FALSE
1992,rs8036667,-0.387809792238874,FALSE
1993,rs8037981,3.30653465966655,FALSE
1994,rs8038044,-0.816130349905449,FALSE
1995,rs8038097,-0.58572395141923,FALSE
1996,rs8038166,-0.750271172049133,FALSE
1997,rs8038265,-0.128415493190982,FALSE
1998,rs8038623,0.374825831880139,FALSE
1999,rs8038652,-4.64888365194225,FALSE
2000,rs8038739,3.21373076174439,FALSE
2001,rs8038877,-0.0534569570633612,FALSE
2002,rs8038883,3.22199240550308,FALSE
2003,rs8039656,0.681443728667259,FALSE
2004,rs8039785,-0.0670296982014987,FALSE
2005,rs8039943,-4.65695980635479,FALSE
2006,rs8040468,-1.45773651951956,FALSE
2007,rs8040514,3.23365904697911,FALSE
2008,rs8041184,0.80703948174641,FALSE
2009,rs8041185,-0.0502883978266104,FALSE
2010,rs8041253,0.490076146716929,FALSE
2011,rs8042007,-4.66159944452086,FALSE
2012,rs8042237,-4.65874796928588,FALSE
2013,rs8042340,-0.764679453657857,FALSE
2014,rs8043060,-4.65551228104616,FALSE
2015,rs8043518,3.26076192717977,FALSE
2016,rs8182030,-0.395767787015589,FALSE
2017,rs8182047,3.25161651262634,FALSE
2018,rs869304,3.28944276094333,FALSE
2019,rs869305,3.26128153404676,FALSE
2020,rs877176,1.55349130290086,FALSE
2021,rs877177,-4.73756314546192,FALSE
2022,rs881861,-0.873704706275271,FALSE
2023,rs881862,-0.881515702939545,FALSE
2024,rs893473,0.558334503734633,FALSE
2025,rs893475,-4.51830847481875,FALSE
2026,rs89625,-1.47901297218557,FALSE
2027,rs898888,-0.064782590675663,FALSE
2028,rs898889,0.742316612224494,FALSE
2029,rs8991,0.827488581780452,FALSE
2030,rs904365,-1.9943742784311,FALSE
2031,rs904366,-0.337536035205596,FALSE
2032,rs904368,-0.07602231705554,FALSE
2033,rs920293,-0.399993729486664,FALSE
2034,rs924311,0.659305369280707,FALSE
2035,rs9302239,0.00798445391390088,FALSE
2036,rs9302242,-1.20600510947354,FALSE
2037,rs950784,1.00833543315566,FALSE
2038,rs956129,3.53784831652434,FALSE
2039,rs956197,3.24209610055457,FALSE
2040,rs9652479,-0.329577296622004,FALSE
2041,rs971868,0.776795524139999,FALSE
2042,rs974778,0.0626342150313574,FALSE
2043,rs975944,0.716861433241521,FALSE
2044,rs975946,-0.739838324159958,FALSE
2045,rs9806377,-4.65548211382919,FALSE
2046,rs9806386,-0.771366473646514,FALSE
2047,rs9806590,-4.68715249935903,FALSE
2048,rs990986,-2.8718469113226,FALSE
2049,rs991157,-2.6258663303068,FALSE
2050,rs9920190,0.987521161492123,FALSE
2051,rs9920845,0.759328735151865,FALSE
2052,rs9920957,0.766050072127267,FALSE
2053,rs9944217,0.0717190047946571,FALSE
2054,rs9944222,-0.0219667521373811,FALSE
2055,rs9944256,0.508664905415259,FALSE
2056,rs9972423,-2.60999826852362,FALSE
2057,rs9989299,-0.00289574492851899,FALSE
2058,rs9989300,-0.0128861808199981,FALSE
