SNP_index,SNP,PIP,study
1,rs7176171,0.00390735384597829,UKB
2,rs7177199,0.00287470142669777,UKB
3,rs118128568,0.0052730656787302,UKB
4,rs34080509,0.00290325863857899,UKB
5,rs56307429,0.00355456159106138,UKB
6,rs35877268,0.0032016625656528,UKB
7,rs113385313,0.00327485543402151,UKB
8,rs34666995,0.00274265918760297,UKB
9,rs112794170,0.00356913698214212,UKB
10,rs35806147,0.00315224467467756,UKB
11,rs12595096,0.00287933145128805,UKB
12,rs17272228,0.00274021255849266,UKB
13,rs11633388,0.00278612365005226,UKB
14,rs17206452,0.00274768959132488,UKB
15,rs78425228,0.00280909158567666,UKB
16,rs139381987,0.00392981391069647,UKB
17,rs112021494,0.00392300738084794,UKB
18,rs8041253,0.00312947071274095,UKB
19,rs8041184,0.00376568885489004,UKB
20,rs8025327,0.00725334838648606,UKB
21,rs115272266,0.00277149447814762,UKB
22,rs6494604,0.00810021590466459,UKB
23,rs79741304,0.00602506759580912,UKB
24,rs6494605,0.00279140646741605,UKB
25,rs7495343,0.00729573277482598,UKB
26,rs2414922,0.00737304220806145,UKB
27,rs4583189,0.0130498745401573,UKB
28,rs78166027,0.00300438500087596,UKB
29,rs117379959,0.00286863036832363,UKB
30,rs6494606,0.00831127247082408,UKB
31,rs116311233,0.00299925347399765,UKB
32,rs74397338,0.00273221755076536,UKB
33,rs11857895,0.00278408926075224,UKB
34,rs4619347,0.00273291254178609,UKB
35,rs2091822,0.00273835358476415,UKB
36,rs2091823,0.00272989365603937,UKB
37,rs72758571,0.0030335528407851,UKB
38,rs28394773,0.00278663469246654,UKB
39,rs74019810,0.00274915900154005,UKB
40,rs74019811,0.00273378287053128,UKB
41,rs140560805,0.00278939309337789,UKB
42,rs11638562,0.00518018748145632,UKB
43,rs74668433,0.00278310681119398,UKB
44,rs11633339,0.00530621410468701,UKB
45,rs4776323,0.00948672906237769,UKB
46,rs4776324,0.00915094542273787,UKB
47,rs72758573,0.00302687116298839,UKB
48,rs4776325,0.00838515481709012,UKB
49,rs141095579,0.00294614312796915,UKB
50,rs143115815,0.00273403224824109,UKB
51,rs148276244,0.00273700902400664,UKB
52,rs142927108,0.00518273744268727,UKB
53,rs72758574,0.00300349636538744,UKB
54,rs112090117,0.00273365027845685,UKB
55,rs7182788,0.011946210680869,UKB
56,rs117054225,0.00552191544304126,UKB
57,rs79270607,0.00526637516165485,UKB
58,rs78582923,0.00451428205528737,UKB
59,rs28488129,0.00369472516868075,UKB
60,rs75991095,0.00297765944389883,UKB
61,rs66689025,0.00307695373915973,UKB
62,rs58084996,0.00305624623848577,UKB
63,rs28385466,0.00284642901503318,UKB
64,rs67198726,0.00286690958474944,UKB
65,rs13329337,0.00690348128165619,UKB
66,rs12148473,0.0049717934810215,UKB
67,rs12148870,0.00537913462822037,UKB
68,rs111762059,0.00296303545052701,UKB
69,rs34371706,0.00456712650829494,UKB
70,rs35331173,0.00480740794207246,UKB
71,rs67699114,0.00303147371638002,UKB
72,rs571026806,0.00803985153788345,UKB
73,rs12148891,0.00491449308328806,UKB
74,rs12148490,0.00320604547457493,UKB
75,rs542984599,0.00275852087715611,UKB
76,rs117385215,0.00295615383095349,UKB
77,rs16950269,0.00645869596091486,UKB
78,rs113099844,0.00295427863013642,UKB
79,rs112375829,0.00353411321161035,UKB
80,rs532923151,0.00554038184382721,UKB
81,rs78181938,0.00298078794108037,UKB
82,rs28432170,0.00284560331544237,UKB
83,rs8025612,0.00492831574810326,UKB
84,rs76993364,0.0057150064278384,UKB
85,rs62007580,0.00277814343309546,UKB
86,rs7169430,0.00273667931870136,UKB
87,rs7170743,0.00320505710230024,UKB
88,rs3985651,0.0065281673261437,UKB
89,rs80263963,0.00306909855400195,UKB
90,rs2414918,0.00400393226819162,UKB
91,rs56384969,0.00791928827295951,UKB
92,rs78166632,0.00277247084715815,UKB
93,rs17272675,0.00784924455846048,UKB
94,rs62007581,0.00273717582506572,UKB
95,rs142227185,0.00298937758435069,UKB
96,rs8026949,0.00293021216497424,UKB
97,rs8027723,0.00299370652824349,UKB
98,rs2414925,0.00318622908014055,UKB
99,rs67278134,0.00855648502000628,UKB
100,rs79390908,0.00318045444193271,UKB
101,rs75502100,0.00319026068380446,UKB
102,rs62007582,0.00312422886019992,UKB
103,rs117077683,0.00275772081750347,UKB
104,rs78390970,0.00301174052447017,UKB
105,rs12440274,0.00290291053801461,UKB
106,rs12440279,0.00325750685667958,UKB
107,rs28499347,0.0030919424883461,UKB
108,rs76790109,0.00340784542048578,UKB
109,rs28521380,0.00344363697231431,UKB
110,rs188786429,0.00351099219083462,UKB
111,rs181334318,0.00274116493683185,UKB
112,rs28521086,0.00274720768117576,UKB
113,rs6416478,0.0034471667990531,UKB
114,rs4293326,0.00287379263134424,UKB
115,rs4293327,0.00277049105335714,UKB
116,rs57729347,0.00423008639769662,UKB
117,rs62007584,0.00323497723436794,UKB
118,rs66889121,0.00749203982979452,UKB
119,rs75991252,0.00609989900287189,UKB
120,rs28497057,0.00308669044002552,UKB
121,rs78609335,0.00299086833540763,UKB
122,rs62007585,0.00322192124208942,UKB
123,rs7166531,0.00282576444147797,UKB
124,rs6494607,0.00280871635267577,UKB
125,rs6494608,0.00280597899839374,UKB
126,rs77518050,0.00299933424807097,UKB
127,rs7166933,0.00280844806057023,UKB
128,rs1987318,0.00281883949592576,UKB
129,rs2414921,0.00338917318110277,UKB
130,rs1987316,0.00280617370483205,UKB
131,rs8028392,0.00424454002609342,UKB
132,rs1987317,0.00279754623709383,UKB
133,rs8033006,0.00280595847514942,UKB
134,rs8033112,0.0028141291977376,UKB
135,rs62007586,0.00321274030945207,UKB
136,rs8033862,0.00282144230971215,UKB
137,rs11854227,0.00418148304353116,UKB
138,rs7174207,0.00279053796688045,UKB
139,rs7173894,0.00278156481053737,UKB
140,rs7175238,0.00277931281714949,UKB
141,rs117360433,0.0124334350869633,UKB
142,rs9944217,0.00281746387146487,UKB
143,rs9944222,0.00276419394901128,UKB
144,rs9302239,0.00277846261402459,UKB
145,rs55838402,0.0027783544957265,UKB
146,rs55980687,0.00277519289169847,UKB
147,rs62007589,0.00320435120551421,UKB
148,rs55904916,0.00297361034593002,UKB
149,rs56401320,0.00420394048157413,UKB
150,rs55855162,0.00357095775477057,UKB
151,rs55735414,0.00320251730919785,UKB
152,rs141658133,0.00336103323768722,UKB
153,rs8041185,0.0031063905905927,UKB
154,rs149595251,0.00674432929915747,UKB
155,rs28733024,0.00300736357485465,UKB
156,rs28570970,0.00296614429571962,UKB
157,rs28461657,0.00301221814550567,UKB
158,rs7175092,0.00323431042948585,UKB
159,rs11275529,0.00338081688635605,UKB
160,rs9944256,0.0030153998121738,UKB
161,rs7180678,0.00317710202300048,UKB
162,rs4271551,0.00366075527154508,UKB
163,rs4456448,0.00378860646191437,UKB
164,rs4360869,0.00323959720150802,UKB
165,rs4600426,0.00330842995040026,UKB
166,rs17272836,0.0070343364205594,UKB
167,rs6494609,0.00374898610655672,UKB
168,rs67440550,0.00704431559884455,UKB
169,rs72741011,0.00715656477033877,UKB
170,rs33962024,0.00321796948525288,UKB
171,rs7165115,0.00316621366391001,UKB
172,rs28461731,0.00335776317554293,UKB
173,rs151152156,0.0801682426811036,UKB
174,rs7170238,0.00323048725522257,UKB
175,rs7170720,0.00685212438635285,UKB
176,rs6494610,0.00328651904540711,UKB
177,rs6494611,0.00322024278032862,UKB
178,rs8031411,0.00325393207145086,UKB
179,rs8031564,0.00324924377421243,UKB
180,rs8033116,0.00330129564619586,UKB
181,rs8032077,0.0032326983218538,UKB
182,rs28550088,0.00273574761968576,UKB
183,rs12439745,0.00315665951185262,UKB
184,rs62007591,0.0030986909437698,UKB
185,rs62007592,0.0030978121974925,UKB
186,rs11858575,0.0031980894589716,UKB
187,rs11858643,0.00321225142324466,UKB
188,rs28417777,0.00275335949949551,UKB
189,rs56184919,0.0030028142572327,UKB
190,rs11855790,0.00310714813382629,UKB
191,rs76412736,0.00291458265572975,UKB
192,rs145989564,0.00288559825335244,UKB
193,rs12440714,0.00293405732966623,UKB
194,rs567005534,0.00278883340420799,UKB
195,rs181269956,0.0746207865703894,UKB
196,rs144600157,0.00316068269849945,UKB
197,rs137890808,0.00274261257313013,UKB
198,rs4476130,0.00309614048694984,UKB
199,rs4489953,0.00307577679283499,UKB
200,rs7168649,0.00538623067812738,UKB
201,rs6494612,0.00305139593010428,UKB
202,rs28742127,0.00273035707571745,UKB
203,rs6494613,0.00308038277709788,UKB
204,rs6494614,0.00306398883730474,UKB
205,rs8034198,0.00350040588642031,UKB
206,rs28525528,0.00273613003865059,UKB
207,rs8034392,0.00318209727992835,UKB
208,rs8034547,0.00311330924495346,UKB
209,rs8036074,0.00308063287020888,UKB
210,rs8035054,0.00308371839035593,UKB
211,rs62007593,0.00310675885941958,UKB
212,rs8035520,0.00307617187545595,UKB
213,rs12443265,0.00286341484788344,UKB
214,rs62007594,0.00309749287096006,UKB
215,rs11858791,0.00299119228865818,UKB
216,rs11858855,0.0030640068304908,UKB
217,rs11858857,0.00323493035569511,UKB
218,rs28502111,0.00309722129810142,UKB
219,rs62005862,0.0030810685045084,UKB
220,rs28417425,0.00347772889356279,UKB
221,rs60274083,0.00335254156945997,UKB
222,rs7165780,0.00307019272278875,UKB
223,rs67226916,0.00535653150098103,UKB
224,rs7181047,0.003471163672922,UKB
225,rs7181229,0.00319686593880342,UKB
226,rs7181918,0.00304927756054241,UKB
227,rs7183066,0.00318641411338527,UKB
228,rs72741014,0.00737750071551291,UKB
229,rs7182138,0.00319780225130217,UKB
230,rs4776326,0.00299702058445139,UKB
231,rs4776838,0.00273778469425556,UKB
232,rs4776327,0.002737923021505,UKB
233,rs370792823,0.00301302356607436,UKB
234,rs7495316,0.00305247066457681,UKB
235,rs7495340,0.00301237021416934,UKB
236,rs7495344,0.00301783633123776,UKB
237,rs7495307,0.00300785424174865,UKB
238,rs7495569,0.00301253411525482,UKB
239,rs28665399,0.00273316184719807,UKB
240,rs28550224,0.00273354744243137,UKB
241,rs574011858,0.00304459155325953,UKB
242,rs74608334,0.00281840325055027,UKB
243,rs4776840,0.0029903587511747,UKB
244,rs4776841,0.00301419526151259,UKB
245,rs62005863,0.00315366209011858,UKB
246,rs62005864,0.00318586202968807,UKB
247,rs4259997,0.00429018211761323,UKB
248,rs62005865,0.00327605469248793,UKB
249,rs10162949,0.00287674952761352,UKB
250,rs10162965,0.00302773495954922,UKB
251,rs7496520,0.00301188380722195,UKB
252,rs62005866,0.00295258168955592,UKB
253,rs28708990,0.00273112704564293,UKB
254,rs16950284,0.00381639275981793,UKB
255,rs111319539,0.0027315913880851,UKB
256,rs8023363,0.00381581006721243,UKB
257,rs117048171,0.00278328655912874,UKB
258,rs4589502,0.00381931586352258,UKB
259,rs7495093,0.00301080693466838,UKB
260,rs111846485,0.00290219645220091,UKB
261,rs11071923,0.00295661770206357,UKB
262,rs28400371,0.00518200313793449,UKB
263,rs28532310,0.00598554622300274,UKB
264,rs62005867,0.00316957352076575,UKB
265,rs9652479,0.00324301125107995,UKB
266,rs10851763,0.00318827402667932,UKB
267,rs10851764,0.0031970845496575,UKB
268,rs62005868,0.00325438323132143,UKB
269,rs11856656,0.00530898148405978,UKB
270,rs570436631,0.00512100185878994,UKB
271,rs17273380,0.00285001751225711,UKB
272,rs4776843,0.00305160718330144,UKB
273,rs28639465,0.00282528640097712,UKB
274,rs56039617,0.00522170078766782,UKB
275,rs28428544,0.00277849553458076,UKB
276,rs4776329,0.00304631210121664,UKB
277,rs3079,0.00531100423394559,UKB
278,rs3080,0.00282994943037018,UKB
279,rs7172591,0.0052359812396181,UKB
280,rs537554346,0.00657448341676892,UKB
281,rs78832633,0.00275763625208192,UKB
282,rs28767312,0.00275751345218567,UKB
283,rs28460333,0.00276166378512932,UKB
284,rs34114503,0.00335594642806869,UKB
285,rs7163779,0.00551752271601991,UKB
286,rs28523708,0.00551202514892379,UKB
287,rs58356889,0.0027571240980262,UKB
288,rs181000569,0.118022290782685,UKB
289,rs28376583,0.00542206985973837,UKB
290,rs28736409,0.00275535139157401,UKB
291,rs28479935,0.00275889066041135,UKB
292,rs12593678,0.00306756993279267,UKB
293,rs11852410,0.00303215299355286,UKB
294,rs60833948,0.00541157181221463,UKB
295,rs28392612,0.00276024521723439,UKB
296,rs78925491,0.00278058918952517,UKB
297,rs7167328,0.00305894844700583,UKB
298,rs28449352,0.00551172171032199,UKB
299,rs80076171,0.00276521586132694,UKB
300,rs28631852,0.0052345005230775,UKB
301,rs77147996,0.01007729266994,UKB
302,rs12439378,0.00307887784353766,UKB
303,rs4598854,0.00302602973715937,UKB
304,rs4598855,0.0034034491537619,UKB
305,rs4077234,0.00339216346659055,UKB
306,rs111773837,0.00276122306573323,UKB
307,rs2002705,0.00544642726079547,UKB
308,rs77458979,0.0247207404510813,UKB
309,rs12917148,0.00309635302081879,UKB
310,rs139012513,0.0097265877395929,UKB
311,rs35024162,0.00336204131353934,UKB
312,rs28473573,0.00278135976705807,UKB
313,rs11637156,0.00584818006123489,UKB
314,rs11632167,0.00304931905621042,UKB
315,rs4776846,0.00571102182579086,UKB
316,rs562922956,0.00345892507309031,UKB
317,rs57965922,0.0027661592652295,UKB
318,rs59209208,0.00276601262208998,UKB
319,rs11633646,0.00368158629484694,UKB
320,rs147081017,0.00292388906223096,UKB
321,rs7342666,0.0027717739963945,UKB
322,rs4776848,0.00300666650994241,UKB
323,rs4776849,0.00406025786277797,UKB
324,rs7167149,0.00445373885722755,UKB
325,rs28666529,0.00614560103412987,UKB
326,rs28535721,0.0027802737565763,UKB
327,rs10851766,0.002760156604807,UKB
328,rs8035155,0.00275972194855356,UKB
329,rs139111503,0.00641011825512494,UKB
330,rs28409644,0.00874067596463979,UKB
331,rs28562203,0.00276743548706038,UKB
332,rs2464857,0.00877551648921648,UKB
333,rs35459100,0.00866244126066929,UKB
334,rs28688182,0.00276690316009121,UKB
335,rs2447300,0.00316699686226629,UKB
336,rs12917168,0.00276076097334599,UKB
337,rs4776851,0.00331050344683226,UKB
338,rs17207763,0.00452678309430099,UKB
339,rs12101808,0.00276308050070873,UKB
340,rs62005893,0.00318850711693031,UKB
341,rs28771754,0.0027560007639823,UKB
342,rs11856585,0.00275175557349572,UKB
343,rs34845591,0.00959149467746412,UKB
344,rs7162265,0.00350459902563238,UKB
345,rs2470060,0.00322890207333559,UKB
346,rs2464859,0.00282213545336718,UKB
347,rs77688586,0.00282897502647772,UKB
348,rs12911573,0.00627807046611817,UKB
349,rs117396914,0.00728472528239055,UKB
350,rs11634276,0.00347763483959651,UKB
351,rs11634363,0.0029733475726611,UKB
352,rs2615191,0.00420854240817103,UKB
353,rs73480876,0.00429442506695643,UKB
354,rs76040993,0.00525474985655794,UKB
355,rs34001763,0.00607951021993014,UKB
356,rs2708286,0.00433560196801353,UKB
357,rs17273637,0.00411299710220736,UKB
358,rs3101487,0.00432783171323858,UKB
359,rs3865016,0.0027973367511549,UKB
360,rs3852628,0.00282530462711594,UKB
361,rs3852629,0.00282564450351208,UKB
362,rs34444425,0.00429466142461754,UKB
363,rs2615184,0.0029448610836903,UKB
364,rs1809318,0.00273384500729856,UKB
365,rs117428747,0.00275592828018012,UKB
366,rs2169461,0.00556988713659556,UKB
367,rs5813407,0.00532395577250688,UKB
368,rs1809317,0.00341701330602984,UKB
369,rs2169460,0.00422487265453875,UKB
370,rs118032424,0.00276420474877293,UKB
371,rs2708291,0.00405698925108333,UKB
372,rs1675997,0.00362377481108311,UKB
373,rs72741031,0.0040617522450549,UKB
374,rs1973147,0.00320243678211452,UKB
375,rs44196,0.00303835995019619,UKB
376,rs7179173,0.00299917791396975,UKB
377,rs117333759,0.00436309255470224,UKB
378,rs28660295,0.00274702667775162,UKB
379,rs266330,0.00277933245242057,UKB
380,rs4147433,0.00370247498158582,UKB
381,rs2035150,0.00346478653519156,UKB
382,rs4776855,0.00351134665528596,UKB
383,rs12595796,0.00342917075303884,UKB
384,rs1498499,0.00339573102641433,UKB
385,rs266329,0.00273688205082345,UKB
386,rs142163771,0.00472960899749586,UKB
387,rs34361920,0.00472194104596457,UKB
388,rs148576416,0.00322212597008886,UKB
389,rs266327,0.00627255483342337,UKB
390,rs117448051,0.0140956845148194,UKB
391,rs17208249,0.00274840221297412,UKB
392,rs266325,0.00282162235366223,UKB
393,rs924311,0.00273949026881359,UKB
394,rs28501224,0.00287836224412552,UKB
395,rs8039656,0.00341933040392639,UKB
396,rs141023060,0.002755468727063,UKB
397,rs79829875,0.00283127316941634,UKB
398,rs112446172,0.014352228069111,UKB
399,rs4996334,0.00299067652950191,UKB
400,rs2017281,0.00277195211113857,UKB
401,rs266280,0.00585412880308445,UKB
402,rs266281,0.00646084352194398,UKB
403,rs744750,0.00300419636434701,UKB
404,rs12438505,0.00589951363732111,UKB
405,rs898889,0.00382329003691251,UKB
406,rs1075961,0.00276081126430428,UKB
407,rs904365,0.0114660677026098,UKB
408,rs733664,0.00702961462617113,UKB
409,rs77262736,0.0135793446454257,UKB
410,rs118109855,0.00444926894856279,UKB
411,rs62005896,0.00301011161298148,UKB
412,rs8040468,0.00753909015924292,UKB
413,rs266355,0.0150656195131272,UKB
414,rs266357,0.0175243536752246,UKB
415,rs266359,0.0101903335149257,UKB
416,rs266360,0.00963366439028457,UKB
417,rs17208550,0.00911511839889045,UKB
418,rs17208578,0.00805701399967307,UKB
419,rs7171625,0.00354484286693491,UKB
420,rs16950350,0.00298565449741484,UKB
421,rs8032377,0.00519838239665005,UKB
422,rs1965269,0.0337536801195244,UKB
423,rs113412670,0.00623947974657402,UKB
424,rs201551002,0.00301889498098795,UKB
425,rs200509060,0.0029066579925785,UKB
426,rs1964535,0.00323697638265297,UKB
427,rs11632271,0.00336914443335445,UKB
428,rs266363,0.00328727212083046,UKB
429,rs62005898,0.00273197607150577,UKB
430,rs266364,0.00448378275659556,UKB
431,rs447287,0.00287168203067467,UKB
432,rs35636200,0.00278678724668369,UKB
433,rs266365,0.00273040964637672,UKB
434,rs266366,0.00273071032552386,UKB
435,rs8023872,0.00453069720445076,UKB
436,rs35515716,0.00565130606842534,UKB
437,rs74693937,0.00531466592570973,UKB
438,rs266367,0.00274689762221891,UKB
439,rs28589508,0.0028433647459718,UKB
440,rs391971,0.00276387508513321,UKB
441,rs7168889,0.00310587499583792,UKB
442,rs113871231,0.00516080890715653,UKB
443,rs4776331,0.00302360401724144,UKB
444,rs266368,0.00316805325274705,UKB
445,rs62005928,0.00394843364106867,UKB
446,rs266369,0.00316852575309934,UKB
447,rs412588,0.00273284535575624,UKB
448,rs57849863,0.00283885831202191,UKB
449,rs10686819,0.00274556792626057,UKB
450,rs117377875,0.00561573053553988,UKB
451,rs17208967,0.00278759679015173,UKB
452,rs266371,0.00319908788651613,UKB
453,rs266372,0.00317452828339759,UKB
454,rs266373,0.00318689969557429,UKB
455,rs266374,0.00332932570568356,UKB
456,rs266375,0.0110348981995002,UKB
457,rs17274866,0.00297181142934133,UKB
458,rs79689375,0.00831675944434007,UKB
459,rs17209135,0.00581019650366221,UKB
460,rs79869818,0.00751132234721319,UKB
461,rs266376,0.00773222142604546,UKB
462,rs266377,0.00349330584593477,UKB
463,rs266378,0.00332927105252334,UKB
464,rs56331943,0.0241542075531659,UKB
465,rs74019841,0.0243278026524754,UKB
466,rs16950373,0.00942008781170478,UKB
467,rs16950375,0.0102396371318547,UKB
468,rs8182030,0.00276891886285313,UKB
469,rs74019842,0.0104364145403291,UKB
470,rs7163945,0.0139273630625113,UKB
471,rs72741047,0.00564350290777194,UKB
472,rs58069103,0.0156517083450166,UKB
473,rs61317848,0.0158827198438103,UKB
474,rs56166115,0.0203481712175694,UKB
475,rs266379,0.0119591832928573,UKB
476,rs16950378,0.00505376070420671,UKB
477,rs266380,0.00464827990402184,UKB
478,rs149764861,0.00306465771952336,UKB
479,rs12439732,0.00912998947382404,UKB
480,rs17209331,0.0126553258107569,UKB
481,rs7181907,0.00281006864745659,UKB
482,rs7182253,0.00289380158840535,UKB
483,rs147633426,0.00328381564252622,UKB
484,rs7183187,0.00322773828948242,UKB
485,rs6494619,0.00354630214942109,UKB
486,rs4334248,0.00274503070534515,UKB
487,rs4600427,0.00274403194641149,UKB
488,rs89625,0.00590850552338806,UKB
489,rs8032542,0.00275185700875724,UKB
490,rs34063069,0.00273784215362471,UKB
491,rs73482548,0.00275849871267719,UKB
492,rs16950392,0.00280184209477385,UKB
493,rs11639047,0.00775268547004404,UKB
494,rs1903641,0.00273684555013909,UKB
495,rs62005929,0.00340143319060915,UKB
496,rs2219665,0.00273694910446576,UKB
497,rs61623247,0.00311747395656259,UKB
498,rs59188128,0.00276302867809608,UKB
499,rs73484577,0.00276358178638669,UKB
500,rs113941374,0.0229470835975373,UKB
501,rs266387,0.00375358016656846,UKB
502,rs266388,0.00627700137847809,UKB
503,rs4776858,0.00625034827835169,UKB
504,rs193121778,0.00524853913562384,UKB
505,rs7175102,0.00313890553851914,UKB
506,rs266389,0.00553744542917711,UKB
507,rs8035972,0.00273163900540496,UKB
508,rs147205510,0.00347349065764846,UKB
509,rs266390,0.00688879784944019,UKB
510,rs8036050,0.00273005880716648,UKB
511,rs7176279,0.00313530226426706,UKB
512,rs187707663,0.00364435700155819,UKB
513,rs8036529,0.00273043735561085,UKB
514,rs35799444,0.00272999489945991,UKB
515,rs7171372,0.00308820290806566,UKB
516,rs7171550,0.0030887838115643,UKB
517,rs7170713,0.0030899840881583,UKB
518,rs145400533,0.00285351048242588,UKB
519,rs7170609,0.00312973704823538,UKB
520,rs7171005,0.00313443055029905,UKB
521,rs12442154,0.00573286247174032,UKB
522,rs266300,0.0106793240901601,UKB
523,rs266299,0.00559145491929125,UKB
524,rs266298,0.0100026723075533,UKB
525,rs138308112,0.003614955921595,UKB
526,rs904368,0.00280277344492763,UKB
527,rs266297,0.0059366236887739,UKB
528,rs56183531,0.00324593248610383,UKB
529,rs74612339,0.00387312834826081,UKB
530,rs117706496,0.0206192829187192,UKB
531,rs7162079,0.0100224211517158,UKB
532,rs8028858,0.00402501941830213,UKB
533,rs7167217,0.00602957001875104,UKB
534,rs7167321,0.00281062664750975,UKB
535,rs266296,0.00709656624131017,UKB
536,rs11854336,0.00996835516402628,UKB
537,rs28430685,0.00680920404039676,UKB
538,rs6494620,0.00668110942055,UKB
539,rs7174602,0.00317785616808397,UKB
540,rs143270530,0.00442848763872139,UKB
541,rs7179528,0.00325321657229893,UKB
542,rs16950408,0.00319264186309132,UKB
543,rs74019848,0.00312732260122706,UKB
544,rs74019849,0.00315893164645298,UKB
545,rs73484602,0.0031391786389785,UKB
546,rs16950414,0.00316001240486452,UKB
547,rs74019850,0.00316279157605826,UKB
548,rs266294,0.00776186541890822,UKB
549,rs72741051,0.00335461699440187,UKB
550,rs7181316,0.00312107787955662,UKB
551,rs7180864,0.00318811376931127,UKB
552,rs11855555,0.00984423915526322,UKB
553,rs142950680,0.00294817603269792,UKB
554,rs7163856,0.00315022393589959,UKB
555,rs1020887,0.00890692566102336,UKB
556,rs266293,0.00745425918324494,UKB
557,rs7169592,0.0035957341915176,UKB
558,rs1546217,0.0027380942364762,UKB
559,rs7170078,0.00356412218668778,UKB
560,rs7169633,0.00447677762391119,UKB
561,rs7170443,0.0035869466439693,UKB
562,rs266291,0.00992081116074972,UKB
563,rs12908113,0.00744562610890098,UKB
564,rs10674024,0.00396430059595232,UKB
565,rs3803519,0.00281205631453974,UKB
566,rs266288,0.00807099597790595,UKB
567,rs266287,0.00703281178957038,UKB
568,rs117330287,0.00508424137935948,UKB
569,rs1381545,0.00421344553517455,UKB
570,rs2899721,0.00413853871926795,UKB
571,rs6494621,0.00282057361360921,UKB
572,rs74019851,0.00420809757100793,UKB
573,rs74019852,0.00418809554340804,UKB
574,rs56368938,0.00418114072805087,UKB
575,rs7183114,0.00856667782063081,UKB
576,rs62005930,0.00308808545946193,UKB
577,rs56086449,0.00277821604770767,UKB
578,rs57147322,0.0041747561860489,UKB
579,rs56364706,0.00413069499899765,UKB
580,rs12593018,0.00381029497909602,UKB
581,rs374101,0.00620493416645396,UKB
582,rs35475106,0.00378914910994921,UKB
583,rs12593057,0.00375726071592974,UKB
584,rs12593091,0.00402150323935369,UKB
585,rs111362634,0.00349936898618863,UKB
586,rs74019853,0.00348753031520188,UKB
587,rs74019854,0.00350583300532703,UKB
588,rs62005932,0.00338276180278063,UKB
589,rs383880,0.00624972978393412,UKB
590,rs11855258,0.0035066756893275,UKB
591,rs11855908,0.00323820221327931,UKB
592,rs11855926,0.0027494259578531,UKB
593,rs12593854,0.00457377239228385,UKB
594,rs12438061,0.00551054747260038,UKB
595,rs17275834,0.0028656801045035,UKB
596,rs365540,0.00273580407541474,UKB
597,rs436053,0.00291447570174941,UKB
598,rs12906744,0.00286583014065878,UKB
599,rs2013609,0.00278202291847418,UKB
600,rs10518702,0.00285835710776372,UKB
601,rs444141,0.002756704834875,UKB
602,rs28522133,0.00274140971683323,UKB
603,rs62005934,0.00308611777038248,UKB
604,rs12595246,0.00281581678313869,UKB
605,rs445596,0.00273045012371898,UKB
606,rs12595715,0.00355897264357175,UKB
607,rs66717113,0.0183440698941808,UKB
608,rs443567,0.0027393180483799,UKB
609,rs412689,0.002734761764279,UKB
610,rs412705,0.00275269966285718,UKB
611,rs371302,0.00277730627123307,UKB
612,rs4776859,0.00298818457689309,UKB
613,rs371606,0.00273677754343382,UKB
614,rs78961746,0.00311344452412377,UKB
615,rs371966,0.00291320401505701,UKB
616,rs372334,0.00283926465405793,UKB
617,rs72741056,0.00326789037713171,UKB
618,rs75451797,0.00373269609697269,UKB
619,rs78110981,0.00290726380505446,UKB
620,rs144298547,0.00963942126130291,UKB
621,rs28485994,0.00276262602878064,UKB
622,rs427422,0.00345492996340557,UKB
623,rs1675998,0.00317140716588527,UKB
624,rs384923,0.00370237370972937,UKB
625,rs450139,0.00367037675128512,UKB
626,rs72741058,0.00316122973675437,UKB
627,rs75369664,0.00310658290646648,UKB
628,rs615404,0.00316173773904338,UKB
629,rs12901362,0.00310437544727715,UKB
630,rs400294,0.00313236215195178,UKB
631,rs7169032,0.00291280506114355,UKB
632,rs1874832,0.00323190663064354,UKB
633,rs571327134,0.00280651768551776,UKB
634,rs5813417,0.0030160540764228,UKB
635,rs79531909,0.0112928151740792,UKB
636,rs117758852,0.0105787308916683,UKB
637,rs112031531,0.0105787308916683,UKB
638,rs7169962,0.00313869950283652,UKB
639,rs4776860,0.00314914521646092,UKB
640,rs11071927,0.0030855871909008,UKB
641,rs1675996,0.00313563014666096,UKB
642,rs378455,0.00313695093591437,UKB
643,rs378092,0.00313720436893294,UKB
644,rs426543,0.00314292391133775,UKB
645,rs28865727,0.00272983625841472,UKB
646,rs2100856,0.00319748125720498,UKB
647,rs28836514,0.0031513958840137,UKB
648,rs266324,0.00313791630277582,UKB
649,rs266323,0.00300304480791391,UKB
650,rs266322,0.00313770129240609,UKB
651,rs58910308,0.00357202662452272,UKB
652,rs266321,0.0031379631015015,UKB
653,rs11634574,0.00350704161029725,UKB
654,rs11629874,0.00347739520093615,UKB
655,rs12900340,0.00314927687433941,UKB
656,rs139688854,0.00743056490432603,UKB
657,rs150933372,0.00760532834170646,UKB
658,rs62005949,0.00320016061264172,UKB
659,rs112089661,0.00507794226095182,UKB
660,rs266319,0.00325122380723297,UKB
661,rs12443121,0.00284826733706045,UKB
662,rs12443240,0.00317907763131564,UKB
663,rs12101383,0.00335781325622542,UKB
664,rs116870050,0.00329756342775545,UKB
665,rs7163669,0.00273032843734244,UKB
666,rs266316,0.00288582306254226,UKB
667,rs266315,0.00288524363177212,UKB
668,rs11630476,0.00273023173337095,UKB
669,rs78332697,0.00277103321212679,UKB
670,rs266314,0.00289473490823189,UKB
671,rs117229461,0.00654685106808395,UKB
672,rs4776862,0.00300347474432727,UKB
673,rs266313,0.00274500404616018,UKB
674,rs62005950,0.00286390959616223,UKB
675,rs266312,0.00274591669519864,UKB
676,rs116985430,0.00273884165607141,UKB
677,rs11635558,0.00277607408682479,UKB
678,rs266311,0.00274795511112336,UKB
679,rs11631007,0.0027716704630748,UKB
680,rs117206795,0.00918721096271446,UKB
681,rs12442109,0.00450071131073315,UKB
682,rs266310,0.00274567341991505,UKB
683,rs266309,0.00274615667215006,UKB
684,rs34774362,0.00288036451183105,UKB
685,rs11852468,0.00273612900551756,UKB
686,rs2126390,0.0027309840671389,UKB
687,rs79517824,0.00466546689734859,UKB
688,rs56992925,0.00273534241020612,UKB
689,rs4776863,0.00273855505168985,UKB
690,rs183775327,0.0121345092929807,UKB
691,rs143693591,0.0130681320158215,UKB
692,rs2414928,0.00273559998888662,UKB
693,rs380696,0.00273217820256788,UKB
694,rs146259412,0.00740139142588525,UKB
695,rs452114,0.00273150232102115,UKB
696,rs406365,0.00273191813531803,UKB
697,rs67560049,0.00284743409759625,UKB
698,rs11635477,0.00290629578235224,UKB
699,rs437054,0.00285558917726447,UKB
700,rs393893,0.00274081576337437,UKB
701,rs10851768,0.00292118137454434,UKB
702,rs10851769,0.00299749966334983,UKB
703,rs145685520,0.0079747391625653,UKB
704,rs1044614,0.00465621720523513,UKB
705,rs1531441,0.00276363209709807,UKB
706,rs28789220,0.00284147389384515,UKB
707,rs266285,0.00273045357870327,UKB
708,rs7403490,0.00277262843878789,UKB
709,rs4776334,0.00289538495593589,UKB
710,rs74328837,0.00276763001231251,UKB
711,rs8023632,0.00284464671106277,UKB
712,rs1587349,0.0028367026694609,UKB
713,rs12905975,0.00273006113201346,UKB
714,rs12906644,0.00272976569365146,UKB
715,rs12050793,0.00273379936420182,UKB
716,rs144433605,0.00643462035260356,UKB
717,rs28751026,0.00282882937459472,UKB
718,rs78793387,0.00284256907504721,UKB
719,rs4776864,0.00280014628148351,UKB
720,rs111432947,0.00281338113888407,UKB
721,rs266274,0.00279805252162391,UKB
722,rs8038265,0.00273216287141442,UKB
723,rs171957,0.00283942223088773,UKB
724,rs266279,0.00277717184006299,UKB
725,rs2615183,0.00291300044698672,UKB
726,rs2615182,0.00280762718681504,UKB
727,rs2615181,0.00278435159832546,UKB
728,rs2615180,0.00278194817532174,UKB
729,rs75983242,0.00328630673390973,UKB
730,rs2708287,0.00278210758157849,UKB
731,rs73486492,0.00280376875653721,UKB
732,rs142126363,0.00289155738938718,UKB
733,rs2615194,0.00278090143876608,UKB
734,rs111756431,0.0027388831823274,UKB
735,rs112979921,0.0028727907314624,UKB
736,rs2011759,0.00273154734880154,UKB
737,rs974778,0.00278012802319227,UKB
738,rs1988849,0.0027855978010487,UKB
739,rs1988848,0.00278642205684232,UKB
740,rs11856400,0.0027767938760459,UKB
741,rs12901555,0.00277678745706789,UKB
742,rs11852911,0.0027660908060072,UKB
743,rs4508383,0.00277475601732835,UKB
744,rs2012293,0.0027583391738466,UKB
745,rs2974282,0.00275665268344327,UKB
746,rs2927179,0.00275665728330377,UKB
747,rs111874753,0.00326509761478822,UKB
748,rs2927180,0.00275334690537432,UKB
749,rs2974281,0.0027567210357603,UKB
750,rs73488513,0.0032879552216315,UKB
751,rs35570221,0.00274775611957923,UKB
752,rs2974280,0.00275877148415193,UKB
753,rs3985648,0.00309431453075271,UKB
754,rs2133241,0.00294218046599204,UKB
755,rs146144014,0.00443355909704124,UKB
756,rs34747049,0.00273026490452344,UKB
757,rs388061,0.00293184826465398,UKB
758,rs426605,0.00301636640527214,UKB
759,rs404755,0.00291613160075233,UKB
760,rs8027710,0.00292447801502516,UKB
761,rs8026320,0.0030482554147101,UKB
762,rs447888,0.00292380960750693,UKB
763,rs12904545,0.00273049223821009,UKB
764,rs201173448,0.00376052783488001,UKB
765,rs387994,0.00290158830405229,UKB
766,rs71398288,0.00289790904419196,UKB
767,rs11421090,0.00459612307283919,UKB
768,rs406197,0.00305827462992125,UKB
769,rs446304,0.00288992741607397,UKB
770,rs60858816,0.0030999821024954,UKB
771,rs403844,0.00295951607965406,UKB
772,rs424930,0.00293736412524326,UKB
773,rs425152,0.00293395811083774,UKB
774,rs423556,0.0029355061856684,UKB
775,rs17210752,0.00274770822678228,UKB
776,rs17276559,0.00273291665872877,UKB
777,rs17276587,0.00273177670840286,UKB
778,rs62007974,0.00273289749957217,UKB
779,rs2414929,0.00273469957050898,UKB
780,rs4640126,0.0032657729152813,UKB
781,rs4360870,0.00336585862558636,UKB
782,rs2414930,0.00273293219460913,UKB
783,rs4402503,0.00274697859621109,UKB
784,rs35320424,0.00275047872176226,UKB
785,rs35903063,0.00274853262854258,UKB
786,rs12900811,0.00273304688766796,UKB
787,rs12900849,0.00273247877854044,UKB
788,rs12901905,0.0027312693172058,UKB
789,rs12902036,0.00273315256319306,UKB
790,rs62007992,0.00273154071338799,UKB
791,rs62007993,0.00273154071338799,UKB
792,rs398678,0.00292233273712117,UKB
793,rs12906930,0.00272975828758715,UKB
794,rs397120,0.00284128275649909,UKB
795,rs12907457,0.0027297560606373,UKB
796,rs438265,0.00284445117913001,UKB
797,rs403542,0.00292495395577497,UKB
798,rs4776869,0.00273498165139119,UKB
799,rs11856342,0.00273276006215484,UKB
800,rs394806,0.00283979531608058,UKB
801,rs12902639,0.00273247521722519,UKB
802,rs192273437,0.0035535886632152,UKB
803,rs446184,0.0028354786822844,UKB
804,rs559180264,0.0049398136722606,UKB
805,rs28707552,0.00272975589326085,UKB
806,rs28613103,0.00273270314062868,UKB
807,rs35871153,0.00273270801191594,UKB
808,rs413264,0.00284176206846842,UKB
809,rs427259,0.00298458262257106,UKB
810,rs9989299,0.00273145743068171,UKB
811,rs9989300,0.00273211421296604,UKB
812,rs139808495,0.00273217644526214,UKB
813,rs430736,0.00299457424858918,UKB
814,rs112877478,0.00318939792265749,UKB
815,rs386774,0.00298589605599742,UKB
816,rs426612,0.0028321059437405,UKB
817,rs417853,0.00287746394606814,UKB
818,rs374012,0.00298605992394518,UKB
819,rs4776870,0.00273209653756523,UKB
820,rs415706,0.00285543064719407,UKB
821,rs12913067,0.0027298856814072,UKB
822,rs148477240,0.00347896402738257,UKB
823,rs418492,0.00286812490916821,UKB
824,rs2615192,0.00285789888250632,UKB
825,rs117754683,0.0037198408004756,UKB
826,rs12899214,0.00273196773412099,UKB
827,rs12899234,0.00272992945927075,UKB
828,rs373441,0.00309385333357637,UKB
829,rs376016,0.00289416380883079,UKB
830,rs448628,0.00290353412846522,UKB
831,rs380388,0.00290712201743071,UKB
832,rs454434,0.00277062232777403,UKB
833,rs12904969,0.00277168361316038,UKB
834,rs34683838,0.00279750771006448,UKB
835,rs36085174,0.00273384417602041,UKB
836,rs184267700,0.00892613964607314,UKB
837,rs117580397,0.00408987228962809,UKB
838,rs16950504,0.00382817285593884,UKB
839,rs12161926,0.00274906459633595,UKB
840,rs117658043,0.00348256061253371,UKB
841,rs142939028,0.00369877383424089,UKB
842,rs371743334,0.00350505137922985,UKB
843,rs151089613,0.00275897311981388,UKB
844,rs34753179,0.00275423386219675,UKB
845,rs12912238,0.00273734912886092,UKB
846,rs266301,0.0039677866670268,UKB
847,rs113329979,0.00454970888751505,UKB
848,rs197712,0.0031585188857246,UKB
849,rs8036667,0.00292378706317276,UKB
850,rs7177127,0.00286429400235244,UKB
851,rs66928947,0.00275381095100191,UKB
852,rs143203469,0.00503250841408121,UKB
853,rs266302,0.00368593732858447,UKB
854,rs35402903,0.00361775009242837,UKB
855,rs75977079,0.00357438271944177,UKB
856,rs266303,0.00311003951682798,UKB
857,rs451806,0.00305923930879215,UKB
858,rs1462127,0.00299582815406541,UKB
859,rs4776871,0.00274783446497773,UKB
860,rs144626518,0.00306135581410594,UKB
861,rs904366,0.00286029809780175,UKB
862,rs79317851,0.00375143231329811,UKB
863,rs266304,0.00273935876639098,UKB
864,rs266305,0.00309740334364317,UKB
865,rs16950516,0.00274762201253431,UKB
866,rs66892254,0.00275147890986982,UKB
867,rs197713,0.00304151481837334,UKB
868,rs35503745,0.00276999220495755,UKB
869,rs12439987,0.00278605782060037,UKB
870,rs8039785,0.0027853235433285,UKB
871,rs8038877,0.00277804677182958,UKB
872,rs7162222,0.00277769427558183,UKB
873,rs62007994,0.00297379466849956,UKB
874,rs12907153,0.00302334916750247,UKB
875,rs266308,0.00283391982304915,UKB
876,rs35841291,0.00295088831492574,UKB
877,rs8031538,0.00295718024599723,UKB
878,rs7175405,0.00297010030112477,UKB
879,rs149724023,0.00367581233993253,UKB
880,rs11633409,0.0029873858674162,UKB
881,rs35056907,0.00275416782477855,UKB
882,rs16953603,0.00299258739381392,UKB
883,rs36114454,0.00296439212723754,UKB
884,rs34281344,0.0029227250189664,UKB
885,rs116986130,0.018862191585975,UKB
886,rs586436,0.00284298443468811,UKB
887,rs655926,0.00280982829249299,UKB
888,rs7175844,0.00292224490566562,UKB
889,rs7176854,0.00287986686374664,UKB
890,rs7178347,0.00287221677995186,UKB
891,rs35606306,0.00305493577272586,UKB
892,rs62005972,0.00304575032669807,UKB
893,rs4776873,0.00300256719067049,UKB
894,rs4776874,0.00303198419503525,UKB
895,rs4776875,0.00301716394857798,UKB
896,rs266336,0.00280043906288052,UKB
897,rs898888,0.00275258050579597,UKB
898,rs749348,0.0029465104872336,UKB
899,rs2414934,0.00295533245894841,UKB
900,rs266337,0.00277476917146657,UKB
901,rs78739111,0.00301129041162718,UKB
902,rs7173609,0.00294151056304293,UKB
903,rs35087077,0.00293810587284193,UKB
904,rs4776876,0.00297659768082137,UKB
905,rs147252639,0.00300998144387366,UKB
906,rs266338,0.0029029306172017,UKB
907,rs72741100,0.00352811688562005,UKB
908,rs72741101,0.00328253738620521,UKB
909,rs266339,0.00278534120361817,UKB
910,rs266340,0.00277470532149582,UKB
911,rs266341,0.00289303236281158,UKB
912,rs200821980,0.00276090536641083,UKB
913,rs62005974,0.00275409142536498,UKB
914,rs364510,0.00309140927914386,UKB
915,rs435377,0.00309132710529059,UKB
916,rs7170170,0.00275413195868723,UKB
917,rs112046409,0.00273935303971962,UKB
918,rs7176445,0.00273837338490635,UKB
919,rs266344,0.00274764150597717,UKB
920,rs266345,0.00274575968058299,UKB
921,rs28475775,0.00280795360982355,UKB
922,rs266346,0.00350561374299685,UKB
923,rs72743403,0.00344867118970127,UKB
924,rs75131657,0.00275440827974194,UKB
925,rs4776335,0.00314893728653831,UKB
926,rs6494623,0.00280302884134365,UKB
927,rs266347,0.00296037071505229,UKB
928,rs8023420,0.00276812568692275,UKB
929,rs148848754,0.00567796947746235,UKB
930,rs68018114,0.0039423823067668,UKB
931,rs117958632,0.00354950530569775,UKB
932,rs28451248,0.00306602913875975,UKB
933,rs8030614,0.00345048412437055,UKB
934,rs10438354,0.00465636373187428,UKB
935,rs149733883,0.00347094011544835,UKB
936,rs6494624,0.00350149520508591,UKB
937,rs12899132,0.00358251892351891,UKB
938,rs148394369,0.00843023975496704,UKB
939,rs6494625,0.0027552497512382,UKB
940,rs6494626,0.00354494510844927,UKB
941,rs6494627,0.00349333501414362,UKB
942,rs8029398,0.00355591051860971,UKB
943,rs140605065,0.00303673349233236,UKB
944,rs11631381,0.0036434706147761,UKB
945,rs12905780,0.00474537108390305,UKB
946,rs75268907,0.00355534526822554,UKB
947,rs146320617,0.00868206013657524,UKB
948,rs35200241,0.00393701835788085,UKB
949,rs34616320,0.00373854481827696,UKB
950,rs78650348,0.00291122530242327,UKB
951,rs139890497,0.00309885463299797,UKB
952,rs12907183,0.00289830351134079,UKB
953,rs12911494,0.00286707692643895,UKB
954,rs11638002,0.00323985847532415,UKB
955,rs72743410,0.002735073986189,UKB
956,rs71398291,0.00275032048992052,UKB
957,rs79346334,0.00358806360354136,UKB
958,rs266332,0.00377636379064739,UKB
959,rs16950543,0.00382333858852857,UKB
960,rs7181798,0.00425270453581261,UKB
961,rs17212752,0.00316363876666603,UKB
962,rs35597327,0.00362664984948102,UKB
963,rs266335,0.00275672414964467,UKB
964,rs33932452,0.0056331980870884,UKB
965,rs145337321,0.00306601173911625,UKB
966,rs3101486,0.00386861388788096,UKB
967,rs1409,0.00618266754687635,UKB
968,rs74619957,0.00274761345472585,UKB
969,rs67535429,0.00384616805704274,UKB
970,rs12901393,0.00414405154295727,UKB
971,rs422342,0.00350213503889052,UKB
972,rs34722686,0.00646748102671846,UKB
973,rs3101491,0.00664896160507744,UKB
974,rs57252824,0.00364513148706525,UKB
975,rs3104500,0.00347746342555044,UKB
976,rs560099636,0.00777372718779057,UKB
977,rs7181718,0.00361487298927665,UKB
978,rs76116632,0.00340855339204837,UKB
979,rs12912472,0.00365169171058399,UKB
980,rs55766013,0.012662956033792,UKB
981,rs117702232,0.00275753990324179,UKB
982,rs62005979,0.00413753219691626,UKB
983,rs58048858,0.00368802408412194,UKB
984,rs62005980,0.0123870973037785,UKB
985,rs2054364,0.00372996873132148,UKB
986,rs34307601,0.00369641158530354,UKB
987,rs11635753,0.00410670053808127,UKB
988,rs34189958,0.00371623962298862,UKB
989,rs36221701,0.00348370371820705,UKB
990,rs76500746,0.00281428962028174,UKB
991,rs3809572,0.00347981290057131,UKB
992,rs36222034,0.0128404723853292,UKB
993,rs11633026,0.0034531274891656,UKB
994,rs1061427,0.00361531911944035,UKB
995,rs146298603,0.00311503460052809,UKB
996,rs4776337,0.00728883516009204,UKB
997,rs4776338,0.00733906736620515,UKB
998,rs76302777,0.00346779117996887,UKB
999,rs72743414,0.0123455022945125,UKB
1000,rs12901148,0.00345733871474918,UKB
1001,rs7162912,0.00280118427823628,UKB
1002,rs16950547,0.0131234105359049,UKB
1003,rs12904944,0.00277704753613195,UKB
1004,rs16950553,0.0131733459991329,UKB
1005,rs538968965,0.00437211261186665,UKB
1006,rs17291497,0.00540068938773375,UKB
1007,rs10518705,0.0065043243055084,UKB
1008,rs78679132,0.00456747860935991,UKB
1009,rs11632964,0.00553901161184134,UKB
1010,rs4776879,0.00536608848714437,UKB
1011,rs76246800,0.00334699338856026,UKB
1012,rs76131938,0.00332476844260954,UKB
1013,rs7163797,0.0065639196137216,UKB
1014,rs4776880,0.0124247760195012,UKB
1015,rs10518707,0.00651918505720195,UKB
1016,rs12908498,0.00669768250808756,UKB
1017,rs7177795,0.00648826081778464,UKB
1018,rs7178381,0.0064885458027546,UKB
1019,rs142802325,0.00529414271919038,UKB
1020,rs12913535,0.00283237374747491,UKB
1021,rs1498505,0.00509925356395924,UKB
1022,rs11638611,0.00345501407892468,UKB
1023,rs1498506,0.00647416536949863,UKB
1024,rs1498507,0.00645218453166219,UKB
1025,rs74687488,0.00310002186894598,UKB
1026,rs2899722,0.00508981308208512,UKB
1027,rs573337207,0.00538655077955308,UKB
1028,rs28613758,0.00672210876697388,UKB
1029,rs79559143,0.00327380243543729,UKB
1030,rs11635145,0.00613950200108637,UKB
1031,rs12901081,0.00515927364299029,UKB
1032,rs12901071,0.0123337354485306,UKB
1033,rs12901499,0.00559550810433551,UKB
1034,rs78800186,0.00275780559386307,UKB
1035,rs12901372,0.00390247712650871,UKB
1036,rs72743421,0.00535744797542292,UKB
1037,rs28672134,0.00365444581215579,UKB
1038,rs28617673,0.00310523435999432,UKB
1039,rs561054612,0.00366031172864512,UKB
1040,rs28424190,0.00396390136059799,UKB
1041,rs12592283,0.00316996152313098,UKB
1042,rs12594609,0.00890941506214149,UKB
1043,rs61414048,0.00355652053329392,UKB
1044,rs16950556,0.00367552993427267,UKB
1045,rs6494629,0.0102793803976254,UKB
1046,rs72743422,0.0414175945841537,UKB
1047,rs72743423,0.0336797912869188,UKB
1048,rs12903831,0.00687043717744973,UKB
1049,rs11427899,0.00451721917521508,UKB
1050,rs7166537,0.00679558805232583,UKB
1051,rs11071929,0.00532742791175234,UKB
1052,rs12910698,0.00526107341495852,UKB
1053,rs4776881,0.00535620707130025,UKB
1054,rs58843535,0.00392405634245108,UKB
1055,rs11071930,0.0053659232130393,UKB
1056,rs12324036,0.00538632076371959,UKB
1057,rs16950559,0.00575871349879353,UKB
1058,rs58419901,0.005758805170059,UKB
1059,rs11856909,0.0038323817775735,UKB
1060,rs4776882,0.00290685245865396,UKB
1061,rs532188806,0.00431388966147617,UKB
1062,rs28437657,0.00503303664608978,UKB
1063,rs2118613,0.00325256681750741,UKB
1064,rs4776883,0.00540265632161119,UKB
1065,rs72743427,0.00644434771599933,UKB
1066,rs12911469,0.00321304999310246,UKB
1067,rs8035486,0.00534256766296937,UKB
1068,rs2083194,0.00538430953011726,UKB
1069,rs11631785,0.00539971561900621,UKB
1070,rs11631839,0.00325406190371036,UKB
1071,rs12907997,0.00324054984620248,UKB
1072,rs112215760,0.00327870007454167,UKB
1073,rs12912885,0.00491987800407279,UKB
1074,rs148586558,0.00464437551777208,UKB
1075,rs12914117,0.0048430541056016,UKB
1076,rs4776884,0.00307071967005745,UKB
1077,rs4776885,0.00305073761971253,UKB
1078,rs151285353,0.0153843670411226,UKB
1079,rs4776886,0.00319026419613233,UKB
1080,rs4776887,0.00314426416747482,UKB
1081,rs11629799,0.0032092666722362,UKB
1082,rs142788699,0.00466577163080895,UKB
1083,rs11634686,0.00316945453158235,UKB
1084,rs80256914,0.00408601674789955,UKB
1085,rs62005996,0.00370259984402377,UKB
1086,rs141177232,0.00539145569565613,UKB
1087,rs12904824,0.00281356484827733,UKB
1088,rs4776339,0.00326305455367659,UKB
1089,rs4776888,0.00276400565789048,UKB
1090,rs12442353,0.00276109751882325,UKB
1091,rs142854796,0.00559860519961575,UKB
1092,rs79458729,0.0112997697968492,UKB
1093,rs1465842,0.00277901438172357,UKB
1094,rs1465841,0.00277806310877737,UKB
1095,rs1465840,0.00279437869101706,UKB
1096,rs881862,0.00278551919947279,UKB
1097,rs881861,0.00279532082729539,UKB
1098,rs79826987,0.0038136748107489,UKB
1099,rs7169183,0.00280917036032846,UKB
1100,rs7169630,0.00280971347446679,UKB
1101,rs79824500,0.0028272216507429,UKB
1102,rs7176870,0.00277504900201142,UKB
1103,rs28417316,0.00394642579155391,UKB
1104,rs7181878,0.00307223610104357,UKB
1105,rs9302242,0.0031978628259719,UKB
1106,rs2053295,0.00330692241407959,UKB
1107,rs9972423,0.00468551334134126,UKB
1108,rs1530061,0.00316042307103281,UKB
1109,rs4776890,0.00283595687920424,UKB
1110,rs17213990,0.00322072561390352,UKB
1111,rs12916733,0.00349415842205347,UKB
1112,rs113486399,0.00403336152738532,UKB
1113,rs117584337,0.0181862288694831,UKB
1114,rs114214638,0.00305112926866169,UKB
1115,rs12594610,0.00331532920005362,UKB
1116,rs72743436,0.00358411456397123,UKB
1117,rs56067504,0.00304483085860419,UKB
1118,rs56099042,0.00304677505824325,UKB
1119,rs1530060,0.00358558071282256,UKB
1120,rs56336169,0.0030521537979229,UKB
1121,rs56286270,0.00322056894178047,UKB
1122,rs2053294,0.00300721509370905,UKB
1123,rs12593840,0.00273565473450277,UKB
1124,rs2118612,0.00306177752087988,UKB
1125,rs2118611,0.00325663712021451,UKB
1126,rs11071933,0.00273407280121374,UKB
1127,rs11071934,0.00273306051224453,UKB
1128,rs62006018,0.00277095707178066,UKB
1129,rs56324967,0.00273429009263437,UKB
1130,rs4776891,0.0031196268074577,UKB
1131,rs117775603,0.0095142411104755,UKB
1132,rs28647290,0.0033714758840967,UKB
1133,rs4776340,0.00303165620845591,UKB
1134,rs8038623,0.00320341447341577,UKB
1135,rs56118922,0.00380644322141788,UKB
1136,rs1438386,0.00301665582410626,UKB
1137,rs7168228,0.00948063143923306,UKB
1138,rs151090251,0.00327897025155177,UKB
1139,rs60428975,0.00749472944472618,UKB
1140,rs35887379,0.00330419694801543,UKB
1141,rs72743439,0.00342668311841721,UKB
1142,rs75310666,0.00279281128339104,UKB
1143,rs11637580,0.00325663437978851,UKB
1144,rs11637581,0.00335798834989465,UKB
1145,rs718663,0.0050237853779378,UKB
1146,rs7180412,0.00507190528964163,UKB
1147,rs117683492,0.0305173184730653,UKB
1148,rs7359174,0.00272997537505637,UKB
1149,rs7163381,0.0027798176007362,UKB
1150,rs4776892,0.00316442294713559,UKB
1151,rs920293,0.00304336466008315,UKB
1152,rs4776341,0.00486900870425622,UKB
1153,rs35254564,0.00273229781395445,UKB
1154,rs150511805,0.00412996041721259,UKB
1155,rs4776894,0.0058779387011324,UKB
1156,rs17214419,0.00634386059019154,UKB
1157,rs16950615,0.00294059487337328,UKB
1158,rs4776896,0.00569007438053548,UKB
1159,rs11071937,0.00635167897456457,UKB
1160,rs16950625,0.00272999484973024,UKB
1161,rs71398295,0.00273067338680155,UKB
1162,rs142440283,0.00304164401227836,UKB
1163,rs11631254,0.00623578027512395,UKB
1164,rs11636161,0.00561101883471693,UKB
1165,rs16950635,0.0030136899025307,UKB
1166,rs8028147,0.00353145303314084,UKB
1167,rs4776342,0.00353527119845032,UKB
1168,rs991157,0.00389028018598814,UKB
1169,rs55847720,0.00623255354918484,UKB
1170,rs7173555,0.00539422109207566,UKB
1171,rs71398296,0.00302263996126306,UKB
1172,rs12442452,0.00621536683302137,UKB
1173,rs7178291,0.00531359146117527,UKB
1174,rs61592978,0.00308058617550144,UKB
1175,rs11071938,0.0061750514159048,UKB
1176,rs1545161,0.00314250151353057,UKB
1177,rs1545160,0.00547758623093508,UKB
1178,rs12439500,0.00608082595170911,UKB
1179,rs4776897,0.0053751866823385,UKB
1180,rs55993214,0.00305404668550169,UKB
1181,rs2414936,0.0056891160901128,UKB
1182,rs990986,0.00597395649195898,UKB
1183,rs34732626,0.00296609754552923,UKB
1184,rs8026261,0.00538034602347359,UKB
1185,rs8025083,0.00540042332211699,UKB
1186,rs55825142,0.00307267725401839,UKB
1187,rs6494633,0.00308447581996796,UKB
1188,rs6494634,0.00522465533093985,UKB
1189,rs72743447,0.00287327418551286,UKB
1190,rs12102171,0.0031623235846987,UKB
1191,rs12102184,0.00316504878709134,UKB
1192,rs7178117,0.0032542156058829,UKB
1193,rs10163132,0.00344874214532631,UKB
1194,rs67614233,0.00595951283620755,UKB
1195,rs71398297,0.00273681894927413,UKB
1196,rs79783885,0.00287313472676687,UKB
1197,rs34783441,0.00311562868040705,UKB
1198,rs11631380,0.0054999541847196,UKB
1199,rs28414740,0.0032075627183602,UKB
1200,rs62006053,0.00301459576539265,UKB
1201,rs72219900,0.00314460223171043,UKB
1202,rs28587205,0.00289327507402248,UKB
1203,rs4147358,0.00350577774170946,UKB
1204,rs2118610,0.00321528370037461,UKB
1205,rs12916244,0.00274604092673336,UKB
1206,rs2033787,0.00330068040095111,UKB
1207,rs12914140,0.00273084089389841,UKB
1208,rs10518714,0.00330130462718337,UKB
1209,rs34728056,0.0034158634652468,UKB
1210,rs12438366,0.00565252807196093,UKB
1211,rs2414937,0.00287547207875571,UKB
1212,rs12443188,0.00466722195170166,UKB
1213,rs17293408,0.00282484262393856,UKB
1214,rs71398298,0.00483865294206298,UKB
1215,rs71400358,0.00491629557610307,UKB
1216,rs12915039,0.00454122929369272,UKB
1217,rs745103,0.00275827824843722,UKB
1218,rs145131010,0.00274755349106615,UKB
1219,rs2033786,0.00432562708626671,UKB
1220,rs12439792,0.00331671878111894,UKB
1221,rs17293443,0.00317354574568784,UKB
1222,rs893473,0.00362761254216448,UKB
1223,rs148501142,0.00320220392127679,UKB
1224,rs17227716,0.00352628741541761,UKB
1225,rs750766,0.00292795848872041,UKB
1226,rs72743459,0.0031117717271073,UKB
1227,rs2289263,0.00295259162430639,UKB
1228,rs62006055,0.00352368843743289,UKB
1229,rs2414944,0.00562106520534644,UKB
1230,rs7167532,0.00843604154009681,UKB
1231,rs147793459,0.00332820384585086,UKB
1232,rs72743461,0.00564720690749954,UKB
1233,rs1866317,0.00379652778838646,UKB
1234,rs2033785,0.00834424233607467,UKB
1235,rs1866316,0.00367531666196519,UKB
1236,rs11637659,0.00331104466950616,UKB
1237,rs11637816,0.00833333160164829,UKB
1238,rs17293632,0.00599661259178419,UKB
1239,rs569297644,0.0155910346810494,UKB
1240,rs17227883,0.00281650133252009,UKB
1241,rs8024330,0.00378952881570716,UKB
1242,rs11630297,0.00280005890823376,UKB
1243,rs8026358,0.0147869209624637,UKB
1244,rs10152307,0.00281374473555784,UKB
1245,rs10152544,0.00619319635247195,UKB
1246,rs12439555,0.0144836636532073,UKB
1247,rs145031687,0.00325345588572401,UKB
1248,rs7177402,0.00344206084030951,UKB
1249,rs71400359,0.00274656567106013,UKB
1250,rs744910,0.00528621337660318,UKB
1251,rs7181794,0.0145603982132672,UKB
1252,rs35533195,0.00880793565165516,UKB
1253,rs11634793,0.00516421256164046,UKB
1254,rs12441344,0.00961612013937319,UKB
1255,rs28434383,0.00359224885353993,UKB
1256,rs56375023,0.00532992015934253,UKB
1257,rs8032802,0.00340285993996259,UKB
1258,rs8032739,0.00347717561875183,UKB
1259,rs11637537,0.00815830021167652,UKB
1260,rs183562163,0.0163727809768082,UKB
1261,rs2033784,0.00357959967865151,UKB
1262,rs17228058,0.0056914419470423,UKB
1263,rs4776900,0.00356754395036396,UKB
1264,rs7173698,0.0035829410797481,UKB
1265,rs1470004,0.00352266976292392,UKB
1266,rs7174445,0.00354362062330171,UKB
1267,rs72743467,0.00360863502864317,UKB
1268,rs112694013,0.00425015692112707,UKB
1269,rs10152987,0.00278032355346336,UKB
1270,rs7180244,0.0134583470762857,UKB
1271,rs4601989,0.00899536774735688,UKB
1272,rs76270685,0.013746037473461,UKB
1273,rs9920190,0.00382915044297238,UKB
1274,rs7164786,0.00382633791163289,UKB
1275,rs16950679,0.00334000573973625,UKB
1276,rs35738694,0.00279044662337413,UKB
1277,rs79483120,0.0124150730034074,UKB
1278,rs56062135,0.00578194443186397,UKB
1279,rs4776901,0.00365783769707373,UKB
1280,rs11852653,0.00278928793091426,UKB
1281,rs1065080,0.00349322248409123,UKB
1282,rs200305159,0.0120886857641139,UKB
1283,rs2289261,0.0139880377106359,UKB
1284,rs35874463,0.933228742053833,UKB
1285,rs56336520,0.00280624919398043,UKB
1286,rs2289259,0.00323816178141312,UKB
1287,rs140143645,0.00327044747660654,UKB
1288,rs4562997,0.00393648005486447,UKB
1289,rs17228212,0.00278526598902096,UKB
1290,rs28360855,0.00285251256571084,UKB
1291,rs7179840,0.00303249787226867,UKB
1292,rs7179893,0.00302963350729046,UKB
1293,rs536010162,0.00351249525593289,UKB
1294,rs4776343,0.0105592068107899,UKB
1295,rs11638064,0.00934306119580797,UKB
1296,rs17228313,0.0105398490120834,UKB
1297,rs11639295,0.00300149854108156,UKB
1298,rs77813578,0.0106385456338817,UKB
1299,rs7183244,0.00316098165366918,UKB
1300,rs7165382,0.00898356179300885,UKB
1301,rs11392160,0.0121144781700603,UKB
1302,rs118128985,0.00913854322218333,UKB
1303,rs72743474,0.00280238937797861,UKB
1304,rs11071939,0.00977249333982078,UKB
1305,rs75822029,0.0110486869416256,UKB
1306,rs16950687,0.0040485211400948,UKB
1307,rs72743477,0.00406598200896635,UKB
1308,rs34708051,0.0120078258385244,UKB
1309,rs72743479,0.00594880393720454,UKB
1310,rs1866320,0.0122172547212671,UKB
1311,rs4776344,0.00734745939021919,UKB
1312,rs72743481,0.00301028385025282,UKB
1313,rs12593904,0.00273103226764038,UKB
1314,rs4776345,0.0118836624258264,UKB
1315,rs74020121,0.00273930973497383,UKB
1316,rs72743482,0.00414688869781366,UKB
1317,rs2278546,0.00425403834291171,UKB
1318,rs2278545,0.00443661376790161,UKB
1319,rs12912010,0.0502432046501184,UKB
1320,rs12912045,0.0588628204462671,UKB
1321,rs12913547,0.0459476731492057,UKB
1322,rs12708492,0.00595320734155636,UKB
1323,rs12324906,0.00273312186028918,UKB
1324,rs11634560,0.00313709815410257,UKB
1325,rs2118616,0.00454060379435906,UKB
1326,rs17294280,0.0100452837308116,UKB
1327,rs117903543,0.00294407439207822,UKB
1328,rs35251008,0.0414021135800003,UKB
1329,rs77100310,0.00976405001799663,UKB
1330,rs117009032,0.00421264437340596,UKB
1331,rs112146149,0.0192414896336229,UKB
1332,rs3784680,0.00489586675512366,UKB
1333,rs1470003,0.00546007327360598,UKB
1334,rs1470002,0.00387904057965138,UKB
1335,rs1470001,0.00359755005785356,UKB
1336,rs542708691,0.00356980036430543,UKB
1337,rs71400360,0.00299835689342698,UKB
1338,rs28447655,0.00275504121034431,UKB
1339,rs55994097,0.00276976465933132,UKB
1340,rs893475,0.0109563998197751,UKB
1341,rs143516956,0.00306650518456775,UKB
1342,rs12904527,0.00273008233180927,UKB
1343,rs12909923,0.00273002720688809,UKB
1344,rs3784681,0.00556491395753223,UKB
1345,rs185919074,0.00275612164306915,UKB
1346,rs74364368,0.00305121814364306,UKB
1347,rs76580234,0.00433125158929115,UKB
1348,rs139899275,0.00369750933803981,UKB
1349,rs7178824,0.0237908607815616,UKB
1350,rs60300820,0.00365389098474112,UKB
1351,rs117185005,0.003281942554343,UKB
1352,rs71400361,0.00274064198335455,UKB
1353,rs10152566,0.00566703437395799,UKB
1354,rs10152593,0.0106989753519868,UKB
1355,rs10152595,0.0570002451278927,UKB
1356,rs34445740,0.010637584385171,UKB
1357,rs35779650,0.00277884363016923,UKB
1358,rs6494636,0.00275801549715671,UKB
1359,rs7181877,0.0321776003852846,UKB
1360,rs7181543,0.0253309347254994,UKB
1361,rs7181556,0.0251492999301179,UKB
1362,rs2289791,0.0164001537417626,UKB
1363,rs2289790,0.0253594440665411,UKB
1364,rs117564349,0.0048105139613398,UKB
1365,rs55894213,0.0027606888216366,UKB
1366,rs79913183,0.00276163612333791,UKB
1367,rs7173811,0.00277855434783214,UKB
1368,rs28564777,0.00273788328414615,UKB
1369,rs3784682,0.00354124426468549,UKB
1370,rs201518573,0.00327006336421209,UKB
1371,rs11632754,0.00364171543971836,UKB
1372,rs3825977,0.00385081451808056,UKB
1373,rs28503201,0.0149363818243399,UKB
1374,rs185078660,0.0027593929937324,UKB
1375,rs2028762,0.00315374591048578,UKB
1376,rs11629568,0.00283821350965363,UKB
1377,rs8025774,0.00559535717639648,UKB
1378,rs55970514,0.00374421993338969,UKB
1379,rs8031440,0.00595001630181047,UKB
1380,rs8031627,0.00605468418585864,UKB
1381,rs2278670,0.00597228291127983,UKB
1382,rs11638476,0.00304055457284236,UKB
1383,rs12595334,0.00637817447473921,UKB
1384,rs3743342,0.0063199751840235,UKB
1385,rs145645018,0.00575715409949373,UKB
1386,rs11556089,0.00338736380628568,UKB
1387,rs11556090,0.00277243149899942,UKB
1388,rs12900401,0.00323841524194501,UKB
1389,rs3743343,0.00274861709908969,UKB
1390,rs1052488,0.00274498456163408,UKB
1391,rs72661162,0.00440695207230279,UKB
1392,rs10438355,0.00749250550471692,UKB
1393,rs746978,0.00288378399272349,UKB
1394,rs34944378,0.00280107042711175,UKB
1395,rs144504184,0.00860031743108836,UKB
1396,rs11281459,0.00278990689047787,UKB
1397,rs143849800,0.00346484433686278,UKB
1398,rs28412970,0.00370208277052087,UKB
1399,rs10163040,0.00628572933303306,UKB
1400,rs12917612,0.0098953183099445,UKB
1401,rs7166081,0.0114982583033629,UKB
1402,rs7172645,0.00282156852592097,UKB
1403,rs12148282,0.00280785808203721,UKB
1404,rs15974,0.00273930687962243,UKB
1405,rs12476,0.0115057700969443,UKB
1406,rs8991,0.00274422534911323,UKB
1407,rs34311413,0.00415885416099704,UKB
1408,rs1050285,0.00282798028944342,UKB
1409,rs10518716,0.0115972876498253,UKB
1410,rs12148121,0.0120104293696124,UKB
1411,rs149079147,0.00449078143767356,UKB
1412,rs118052648,0.0031806414897686,UKB
1413,rs11411631,0.00278674667342504,UKB
1414,rs34772313,0.00302911270861428,UKB
1415,rs7165503,0.00283639041828299,UKB
1416,rs11071940,0.0121477761602289,UKB
1417,rs7171475,0.00284770192379058,UKB
1418,rs4776905,0.0127487142087365,UKB
1419,rs2289262,0.0114511189846575,UKB
1420,rs16953610,0.0114734836876199,UKB
1421,rs28693872,0.00274433131374652,UKB
1422,rs28418884,0.00274750591252537,UKB
1423,rs66517624,0.00273610547212944,UKB
1424,rs8034421,0.00274503137972293,UKB
1425,rs67486165,0.0109534203433593,UKB
1426,rs62014612,0.00283347633918962,UKB
1427,rs11858541,0.00283289257486463,UKB
1428,rs76919478,0.00388087910753643,UKB
1429,rs10163156,0.00346304099298178,UKB
1430,rs72625777,0.0109509758414671,UKB
1431,rs11397902,0.0029336238723422,UKB
1432,rs8024648,0.00282299156412491,UKB
1433,rs4412926,0.00274527592009555,UKB
1434,rs7169664,0.00341027428898677,UKB
1435,rs114877444,0.00279892514001845,UKB
1436,rs877176,0.00900999220265375,UKB
1437,rs877177,0.0109817688135099,UKB
1438,rs11855544,0.00283542917748081,UKB
1439,rs150331935,0.00291825115547939,UKB
1440,rs35997299,0.010838374127186,UKB
1441,rs11856485,0.00388935848481375,UKB
1442,rs2033783,0.0111058005310287,UKB
1443,rs8027890,0.00282764173230721,UKB
1444,rs201213148,0.00304697252051545,UKB
1445,rs7178966,0.00356231828150566,UKB
1446,rs16950776,0.0113984210290927,UKB
1447,rs72745406,0.0118365050476966,UKB
1448,rs8026870,0.0112879099699412,UKB
1449,rs62014640,0.00770366634018682,UKB
1450,rs35322464,0.0110290420177884,UKB
1451,rs74953780,0.00276352599747354,UKB
1452,rs34590589,0.00945373568095187,UKB
1453,rs34699563,0.00990163556819579,UKB
1454,rs117428962,0.00485731511694354,UKB
1455,rs7161888,0.00391137226147531,UKB
1456,rs34296414,0.00948876166741097,UKB
1457,rs72745408,0.00272987520479806,UKB
1458,rs9806590,0.00948813304035589,UKB
1459,rs11071942,0.00942048570699749,UKB
1460,rs1992217,0.00273615275360384,UKB
1461,rs140334701,0.0123053578715099,UKB
1462,rs12594065,0.00944765216821652,UKB
1463,rs79005079,0.00273034545531647,UKB
1464,rs8031500,0.00802912762357166,UKB
1465,rs62014641,0.0064921119225454,UKB
1466,rs184812791,0.00295526219291586,UKB
1467,rs8182047,0.00281196591495281,UKB
1468,rs56317520,0.00289320493589784,UKB
1469,rs4776906,0.00949814870664401,UKB
1470,rs8032898,0.00281719548693882,UKB
1471,rs78553942,0.011498775851533,UKB
1472,rs12915085,0.00799655437378155,UKB
1473,rs117336614,0.00273232616957708,UKB
1474,rs12900758,0.00926238841794491,UKB
1475,rs1822829,0.00283033508193309,UKB
1476,rs12898685,0.0102026460019687,UKB
1477,rs12899067,0.0102012254154867,UKB
1478,rs55841220,0.00282453925390769,UKB
1479,rs12592388,0.00280138572779454,UKB
1480,rs7173826,0.0206790309013573,UKB
1481,rs6494638,0.00282541456206675,UKB
1482,rs6494639,0.00273453895904863,UKB
1483,rs28645602,0.00963395808540135,UKB
1484,rs2289788,0.00273716446258154,UKB
1485,rs2289789,0.00962139072773538,UKB
1486,rs117044723,0.00319788941272092,UKB
1487,rs141947059,0.0032630110064712,UKB
1488,rs4776348,0.00969955838892378,UKB
1489,rs1992216,0.00282199990825438,UKB
1490,rs13313480,0.0028228488438129,UKB
1491,rs7182798,0.00962983711782406,UKB
1492,rs17295739,0.00273764891383532,UKB
1493,rs12900708,0.0106281839553308,UKB
1494,rs11071943,0.00273488103781983,UKB
1495,rs12910196,0.009786934761016,UKB
1496,rs12910062,0.0101018997091106,UKB
1497,rs74964736,0.00276506629535567,UKB
1498,rs547944931,0.00349236875273307,UKB
1499,rs112173287,0.00917696192157813,UKB
1500,rs12591495,0.00976700377705297,UKB
1501,rs117325434,0.00287429196155453,UKB
1502,rs6494640,0.00273538948416185,UKB
1503,rs4776908,0.00948422224842438,UKB
1504,rs7167097,0.00281450739490485,UKB
1505,rs4776350,0.00929658948589773,UKB
1506,rs4776909,0.00929591774331395,UKB
1507,rs112582956,0.00281771014999732,UKB
1508,rs8042340,0.00273395457435255,UKB
1509,rs190305945,0.00348111335615409,UKB
1510,rs58074225,0.00876772506915036,UKB
1511,rs12911370,0.00836291374696652,UKB
1512,rs2044330,0.00281406758552694,UKB
1513,rs151328686,0.00274215363920161,UKB
1514,rs3743347,0.00941551187843337,UKB
1515,rs78249440,0.00656714299569172,UKB
1516,rs78226807,0.00652036445213022,UKB
1517,rs143999488,0.0027339563475659,UKB
1518,rs7176337,0.00273485624689152,UKB
1519,rs7176940,0.00273764252502862,UKB
1520,rs11071944,0.00273764225221973,UKB
1521,rs11631135,0.00280586891624002,UKB
1522,rs35731545,0.00278216159391065,UKB
1523,rs8038652,0.00861874234220994,UKB
1524,rs11380255,0.00382081005578505,UKB
1525,rs75826896,0.00303505719875474,UKB
1526,rs34871379,0.00282075777512847,UKB
1527,rs16950804,0.00859638269692853,UKB
1528,rs8035235,0.0027389261359918,UKB
1529,rs62014646,0.00801093886955029,UKB
1530,rs12443472,0.00868781364458404,UKB
1531,rs62014647,0.0036191294377973,UKB
1532,rs8042237,0.00885423368994254,UKB
1533,rs8025621,0.00896907727574037,UKB
1534,rs12438251,0.00273363686748918,UKB
1535,rs1444934,0.00280722173528203,UKB
1536,rs8032868,0.00280253534615238,UKB
1537,rs12592400,0.00889024767312385,UKB
1538,rs62014648,0.00357223730962875,UKB
1539,rs16950805,0.00902855914265155,UKB
1540,rs11071945,0.00280832541865494,UKB
1541,rs5813433,0.00273388778030048,UKB
1542,rs12443279,0.00890228005000859,UKB
1543,rs549145143,0.0080052614542826,UKB
1544,rs67872952,0.00802187260937726,UKB
1545,rs12901789,0.00898549824411954,UKB
1546,rs71400364,0.00871682760980308,UKB
1547,rs8038044,0.00273834115250937,UKB
1548,rs75260023,0.00288379498126767,UKB
1549,rs34667215,0.00342253434382245,UKB
1550,rs11855736,0.0028195541140561,UKB
1551,rs35129260,0.00874437181983589,UKB
1552,rs141940839,0.00527357453850108,UKB
1553,rs112986650,0.00277066948550575,UKB
1554,rs148467642,0.00272972678392081,UKB
1555,rs2414945,0.00273588008089787,UKB
1556,rs71400365,0.00300737520260708,UKB
1557,rs35151633,0.00882888807693061,UKB
1558,rs62014649,0.00666524823473835,UKB
1559,rs62014650,0.00779354011164446,UKB
1560,rs956197,0.00281860343993856,UKB
1561,rs12442171,0.0088986793342265,UKB
1562,rs111791352,0.0111587093098471,UKB
1563,rs139941211,0.00901159259973927,UKB
1564,rs151179632,0.00284810116267997,UKB
1565,rs9920845,0.00273590309566463,UKB
1566,rs55885982,0.00280739008784003,UKB
1567,rs12899051,0.00854489044265905,UKB
1568,rs7161879,0.00273353526469677,UKB
1569,rs13379644,0.00280616719987581,UKB
1570,rs7166809,0.00273738514078858,UKB
1571,rs971868,0.00273840699949812,UKB
1572,rs8029582,0.00273536872522606,UKB
1573,rs117423782,0.00398422183113056,UKB
1574,rs2120837,0.00273613354407443,UKB
1575,rs12440294,0.00273361135657813,UKB
1576,rs8025414,0.00273892551048838,UKB
1577,rs12439028,0.00273339021472185,UKB
1578,rs35524716,0.00960967418948377,UKB
1579,rs34796890,0.0089588294478371,UKB
1580,rs4597266,0.00273610847789707,UKB
1581,rs12591763,0.00281402527726526,UKB
1582,rs4776913,0.00850096689227609,UKB
1583,rs8038739,0.00280988600807497,UKB
1584,rs8032525,0.00280835906883026,UKB
1585,rs12324222,0.00884322564716134,UKB
1586,rs8038097,0.00390983950986834,UKB
1587,rs12595736,0.00850604081951434,UKB
1588,rs35782264,0.00274096357445197,UKB
1589,rs77522868,0.00273175450238405,UKB
1590,rs62015981,0.00729222204939539,UKB
1591,rs1037039,0.0028064179600108,UKB
1592,rs8040514,0.00281126592432335,UKB
1593,rs12708493,0.00273365014061366,UKB
1594,rs11636197,0.00273564324230147,UKB
1595,rs143697763,0.00274686987294526,UKB
1596,rs138163086,0.0037568683828656,UKB
1597,rs9920957,0.00273676728184058,UKB
1598,rs72625778,0.00863373541501311,UKB
1599,rs10851773,0.00273426928158382,UKB
1600,rs71142368,0.00273245268084443,UKB
1601,rs74631573,0.00291793017198827,UKB
1602,rs12595533,0.00550794563668544,UKB
1603,rs113122047,0.00291842914580509,UKB
1604,rs12916403,0.00866795379333363,UKB
1605,rs12901312,0.00873001057329303,UKB
1606,rs12148134,0.00906578540189818,UKB
1607,rs11631885,0.00280701757233204,UKB
1608,rs117367464,0.00299278619807875,UKB
1609,rs12594229,0.00864915028319757,UKB
1610,rs12594234,0.00865476805811694,UKB
1611,rs8027755,0.0028210739845238,UKB
1612,rs138305245,0.00295515262428414,UKB
1613,rs10438290,0.00273567129796193,UKB
1614,rs8038883,0.00281479249129668,UKB
1615,rs140693279,0.00335764111693293,UKB
1616,rs34310656,0.00871312357602561,UKB
1617,rs4776917,0.00902893745368216,UKB
1618,rs62015983,0.00904470879016417,UKB
1619,rs117553999,0.00711801373024867,UKB
1620,rs75874311,0.00782590801367766,UKB
1621,rs2044329,0.00273448092434592,UKB
1622,rs148983545,0.00275847926303119,UKB
1623,rs17230654,0.00320019314483899,UKB
1624,rs5813434,0.00273542013532768,UKB
1625,rs17296465,0.00273361506717751,UKB
1626,rs8038166,0.00273493484373977,UKB
1627,rs4776918,0.00273351628819374,UKB
1628,rs4776919,0.00273442716492967,UKB
1629,rs17230761,0.00273375953453325,UKB
1630,rs35494569,0.00292160538388842,UKB
1631,rs28429363,0.00273362348219008,UKB
1632,rs11071947,0.00273363829453466,UKB
1633,rs72745440,0.00892843841897206,UKB
1634,rs4641686,0.00281361881020314,UKB
1635,rs76173081,0.0031782016449311,UKB
1636,rs11635391,0.00353279101705972,UKB
1637,rs138075852,0.00450214154839779,UKB
1638,rs975946,0.00273339420226781,UKB
1639,rs975944,0.00273404279748546,UKB
1640,rs4776920,0.00273336659779866,UKB
1641,rs12440869,0.00273351346007933,UKB
1642,rs17526859,0.00831923143539659,UKB
1643,rs7163460,0.00273553204020982,UKB
1644,rs12440986,0.00351658020187573,UKB
1645,rs12441098,0.0027334099645725,UKB
1646,rs12441076,0.00273339308794895,UKB
1647,rs7170004,0.0028197688797067,UKB
1648,rs9806377,0.00873913626497746,UKB
1649,rs9806386,0.00273601912401633,UKB
1650,rs7177772,0.00273600043514766,UKB
1651,rs139038563,0.00420313375630566,UKB
1652,rs11629488,0.00448940074129234,UKB
1653,rs7183186,0.00273598397678998,UKB
1654,rs11852260,0.0028224678520854,UKB
1655,rs35008245,0.0083502536779172,UKB
1656,rs140958912,0.00391357889871358,UKB
1657,rs74791128,0.00291628626649798,UKB
1658,rs8032438,0.00273368051161671,UKB
1659,rs113203559,0.0087290215214405,UKB
1660,rs35173773,0.0194333625900751,UKB
1661,rs7178975,0.00273466281468893,UKB
1662,rs56213124,0.00653413087939292,UKB
1663,rs4776921,0.00273362994999815,UKB
1664,rs4133922,0.00273695098943927,UKB
1665,rs11071948,0.00284190680201424,UKB
1666,rs8029371,0.00280037499917585,UKB
1667,rs28655729,0.00364257317696404,UKB
1668,rs201906429,0.00381290697959391,UKB
1669,rs8031586,0.00273347418009184,UKB
1670,rs8030620,0.00828710160631907,UKB
1671,rs55832357,0.00282468110148471,UKB
1672,rs118110169,0.00393240757056512,UKB
1673,rs4374116,0.00273347652350475,UKB
1674,rs58036323,0.00283286328050847,UKB
1675,rs35722009,0.00867556910983569,UKB
1676,rs146863803,0.00342488422203735,UKB
1677,rs75966616,0.00273651096995231,UKB
1678,rs137876438,0.00935936796498238,UKB
1679,rs72745452,0.00335696924936513,UKB
1680,rs28571147,0.00273339326448596,UKB
1681,rs956129,0.00337953044629058,UKB
1682,rs72745455,0.00355621728894207,UKB
1683,rs7183394,0.003874746228273,UKB
1684,rs10163085,0.00288651638856297,UKB
1685,rs12915601,0.00856250052665997,UKB
1686,rs28538466,0.00374514587844188,UKB
1687,rs7162340,0.00273346164114319,UKB
1688,rs34630901,0.00292276559413285,UKB
1689,rs12901046,0.00273376631768307,UKB
1690,rs138580959,0.00472977349818005,UKB
1691,rs6494650,0.00281859626764491,UKB
1692,rs4506839,0.00282804219207211,UKB
1693,rs4238407,0.00854864958589396,UKB
1694,rs4776922,0.00858747996965459,UKB
1695,rs4432221,0.00897623565356243,UKB
1696,rs1444935,0.00848563872310848,UKB
1697,rs1444936,0.008529785717871,UKB
1698,rs11636980,0.00285466884936902,UKB
1699,rs2166185,0.00332157126094601,UKB
1700,rs8037981,0.00285537325776297,UKB
1701,rs2120836,0.00282481879280605,UKB
1702,rs8043518,0.00281923290377217,UKB
1703,rs55962710,0.00282147167812707,UKB
1704,rs68022462,0.00305364990647206,UKB
1705,rs185511475,0.00285785743368561,UKB
1706,rs35688953,0.00864227404666407,UKB
1707,rs11639194,0.00283713657996487,UKB
1708,rs11071949,0.00284871577429524,UKB
1709,rs8025186,0.00273382730690763,UKB
1710,rs12594477,0.00273344569664458,UKB
1711,rs116972932,0.0127722553840957,UKB
1712,rs35892110,0.00330967284948669,UKB
1713,rs117803621,0.00512678284022816,UKB
1714,rs4410030,0.00273376306352069,UKB
1715,rs4352000,0.00880158945336396,UKB
1716,rs4301969,0.00285368311217193,UKB
1717,rs34221449,0.00880120863136558,UKB
1718,rs75986296,0.00276709983298362,UKB
1719,rs77715810,0.00576644990467778,UKB
1720,rs12904476,0.00273339409289619,UKB
1721,rs35011221,0.00948994571522821,UKB
1722,rs72745461,0.00410396376442157,UKB
1723,rs11853367,0.0028268894407415,UKB
1724,rs11856840,0.00280583229432574,UKB
1725,rs151119143,0.0030800204905469,UKB
1726,rs202063479,0.0030800204905469,UKB
1727,rs74892931,0.00285410218022797,UKB
1728,rs10152973,0.00857224297909909,UKB
1729,rs10152913,0.00912773533302902,UKB
1730,rs12708494,0.00273461223622928,UKB
1731,rs7162810,0.0027343642687121,UKB
1732,rs148601227,0.0028716993515866,UKB
1733,rs117661903,0.00318761594968553,UKB
1734,rs8029963,0.00273359606502277,UKB
1735,rs8030142,0.00273340506105346,UKB
1736,rs869304,0.0028423955642467,UKB
1737,rs869305,0.00281955762207675,UKB
1738,rs16950870,0.00372572814422911,UKB
1739,rs5813437,0.00273403984060017,UKB
1740,rs3743349,0.00858038848335696,UKB
1741,rs139534889,0.00800741749444345,UKB
1742,rs17231180,0.00293373862083046,UKB
1743,rs8042007,0.00883337430342923,UKB
1744,rs4491456,0.00869217101659547,UKB
1745,rs72745470,0.00276862679496015,UKB
1746,rs4536412,0.00869809865208404,UKB
1747,rs11071950,0.00278617547561499,UKB
1748,rs4496076,0.0028002978892131,UKB
1749,rs12442323,0.00867707662461359,UKB
1750,rs62016013,0.00278666156383223,UKB
1751,rs12915659,0.0086616322990668,UKB
1752,rs8039943,0.00872179703568232,UKB
1753,rs28696998,0.00876850746026603,UKB
1754,rs4312262,0.00274173367508523,UKB
1755,rs4776354,0.00273505630184567,UKB
1756,rs4776923,0.00273593997684829,UKB
1757,rs78140934,0.00327224341108301,UKB
1758,rs150134693,0.0027533464563444,UKB
1759,rs11637059,0.00280914695078249,UKB
1760,rs4625676,0.00279683619112847,UKB
1761,rs137909273,0.00273716232173815,UKB
1762,rs143412009,0.0164374266959118,UKB
1763,rs71400367,0.00292264254875707,UKB
1764,rs7178870,0.00280492850015801,UKB
1765,rs8043060,0.00868742500855357,UKB
1766,rs36105209,0.00283363975228135,UKB
1767,rs34231942,0.00283363975228135,UKB
1768,rs35819343,0.00288877030997292,UKB
1769,rs41357746,0.00279639003026955,UKB
1770,rs41370046,0.00279728454561057,UKB
1771,rs72745473,0.00325196859569121,UKB
1772,rs8028934,0.00273997292002659,UKB
1773,rs59962165,0.00282739797531228,UKB
1774,rs140045367,0.00899906274961815,UKB
1775,rs56026891,0.00595512586045299,UKB
1776,rs34983272,0.00294305904575642,UKB
1777,rs76024542,0.00325089378950838,UKB
1778,rs11633767,0.00280819036989477,UKB
1779,rs11633857,0.00280691969577562,UKB
1780,rs4580100,0.00281858808572322,UKB
1781,rs55691227,0.00282148588420084,UKB
1782,rs78297923,0.00317657392865056,UKB
1783,rs11857142,0.00287927953072842,UKB
1784,rs117400732,0.00297825375418481,UKB
1785,rs12164949,0.00286736390866293,UKB
1786,rs139800563,0.00292855521620161,UKB
1787,rs563472710,0.00362095990043299,UKB
1788,rs66926990,0.0034441761560905,UKB
1789,rs4776924,0.00275711239449517,UKB
1790,rs72745484,0.0108541958008969,UKB
1791,rs12903168,0.00372029658859419,UKB
1792,rs117862906,0.00593194928541296,UKB
1793,rs113386507,0.00300611868012746,UKB
1794,rs3825979,0.00366303934524315,UKB
1795,rs6494654,0.00298787385115917,UKB
1796,rs77494054,0.00303389749660288,UKB
1797,rs4275804,0.0035463068108359,UKB
1798,rs4776926,0.00359689795364515,UKB
1799,rs11071951,0.00310009099765707,UKB
1800,rs11071952,0.00308965231438785,UKB
1801,rs12324662,0.00305388771934678,UKB
1802,rs950784,0.00374185444369646,UKB
1803,rs62016025,0.00305964869574127,UKB
1804,rs2286664,0.00383835123232368,UKB
1805,rs75940327,0.0030185627320618,UKB
1806,rs7359257,0.0030189017715454,UKB
1807,rs79287697,0.00296121431448881,UKB
1808,rs8026196,0.00293779496783431,UKB
1809,rs35806920,0.0030689197867545,UKB
1810,rs12439895,0.00310369766174501,UKB
1811,rs4776928,0.00277821858458172,UKB
1812,rs4776929,0.00273506902056486,UKB
1813,rs55854539,0.00307702047493397,UKB
1814,rs56108040,0.00307477203623929,UKB
1815,rs78910246,0.00300619676714931,UKB
1816,rs117864772,0.00388145139442442,UKB
1817,rs28399271,0.00340637380655529,UKB
1818,rs187478541,0.00475716411904004,UKB
1819,rs60141690,0.00273830649683027,UKB
1820,rs3809573,0.00383812811760564,UKB
1821,rs77167076,0.00273627631174977,UKB
1822,rs3743352,0.00406035086770507,UKB
1823,rs6494657,0.00384316112674787,UKB
1824,rs75463836,0.00323611798600354,UKB
1825,rs12148153,0.00398934293204345,UKB
1826,rs12148151,0.00400528574988002,UKB
1827,rs76479722,0.00273926770142052,UKB
1828,rs4776359,0.004319222581045,UKB
1829,rs12594849,0.00481547283032002,UKB
1830,rs137869543,0.00273861455850843,UKB
1831,rs145784300,0.00304468296067495,UKB
1832,rs17298032,0.00280190039704897,UKB
1833,rs139772769,0.00290609588095825,UKB
1834,rs4238408,0.00417395075310434,UKB
1835,rs4423371,0.00383007007801772,UKB
1836,rs541782495,0.003100967487496,UKB
1837,rs72747403,0.00412482085592436,UKB
1838,rs72747405,0.00398858311995276,UKB
1839,rs72747406,0.00925674545328015,UKB
1840,rs79700085,0.0027477716881863,UKB
1841,rs10518723,0.00395174452231617,UKB
1842,rs11635641,0.00395113236352807,UKB
1843,rs2414952,0.00346378065806929,UKB
1844,rs2414953,0.00273209274788944,UKB
1845,rs2414954,0.00273190692516212,UKB
1846,rs62016030,0.00275784231651022,UKB
1847,rs79171522,0.0033550651398726,UKB
1848,rs117817908,0.00298254352588867,UKB
1849,rs62016031,0.00273201825719194,UKB
1850,rs200802324,0.00475164145608387,UKB
1851,rs117353140,0.00273869055070497,UKB
1852,rs2414955,0.0040290188390868,UKB
1853,rs13379682,0.00341000388128221,UKB
1854,rs4776931,0.00397240347304428,UKB
1855,rs143915181,0.0115590133431911,UKB
1856,rs151338802,0.00379416150304013,UKB
1857,rs142506665,0.00379416150304013,UKB
1858,rs7178729,0.00274233402491286,UKB
1859,rs4304972,0.00380978149512878,UKB
1860,rs143073716,0.00396454161797943,UKB
1861,rs2899723,0.00332170219555161,UKB
1862,rs139107736,0.00273401724346956,UKB
1863,rs60357413,0.00405315234751247,UKB
