study,SNP,position,GWAS_p,eQTL_p,GWAS_beta,GWAS_se,eQTL_beta,eQTL_se,LD_r_with_SMR_top,SMR_top_SNP,coloc_susie_hit
FinnGen,rs1470003,67469335,0.124399891050616,2.54302e-07,0.0201,0.0131,-0.148318,0.0287744,-0.445059636916703,FALSE,FALSE
FinnGen,rs1470002,67469568,0.00391796001986903,8.24356e-06,0.0376,0.013,-0.122463,0.0274657,-0.609626000321117,FALSE,FALSE
FinnGen,rs1470001,67469570,0.00486295219186784,3.4265e-06,0.0366,0.013,-0.127821,0.0275272,-0.597882513098222,FALSE,FALSE
FinnGen,rs55994097,67470134,0.0107701065537592,1.94883e-07,0.0335,0.0131,-0.146689,0.0281869,-0.472394468521777,FALSE,FALSE
FinnGen,rs3784681,67472185,1.94298747037308e-05,4.20623e-06,-0.0638,0.0149,0.134813,0.0293013,0.856255386266027,FALSE,TRUE
FinnGen,rs7178824,67472683,8.31208546509356e-05,1.3436e-08,-0.062,0.0158,0.183777,0.0323527,0.986830551570364,FALSE,FALSE
FinnGen,rs10152566,67475083,3.78599468552044e-05,2.63342e-06,-0.0624,0.0152,0.141824,0.0301913,0.862520328009354,FALSE,FALSE
FinnGen,rs10152595,67475488,0.00137401033689108,8.85017e-09,-0.0484,0.0151,0.188227,0.0327271,0.961794929225223,FALSE,FALSE
FinnGen,rs34445740,67475764,2.66397411122358e-05,4.53341e-06,-0.0627,0.0149,0.138164,0.030132,0.868444856170739,FALSE,FALSE
FinnGen,rs6494636,67476318,0.0026860246875521,5.58566e-06,0.0386,0.0128,-0.124116,0.0273293,-0.573751290572823,FALSE,FALSE
FinnGen,rs7181877,67476735,8.26095012228098e-05,4.66627e-09,-0.0621,0.0158,0.190881,0.032581,0.989408588536999,FALSE,FALSE
FinnGen,rs7181543,67476756,0.000133299954139726,4.89065e-09,-0.0613,0.0161,0.191666,0.0327587,0.989470474036851,FALSE,FALSE
FinnGen,rs7181556,67476768,0.000132800588624373,4.23295e-09,-0.0613,0.0161,0.19209,0.0326972,0.986777183343484,FALSE,FALSE
FinnGen,rs2289791,67476952,4.89496961149461e-05,9.366e-09,-0.0639,0.0157,0.184392,0.0321138,0.973946595322126,FALSE,FALSE
FinnGen,rs2289790,67476970,7.90205412410682e-05,7.90807e-09,-0.0622,0.0157,0.185258,0.0321048,0.992049942753943,FALSE,FALSE
FinnGen,rs55894213,67477450,0.00242097330112405,5.0056e-06,0.0389,0.0128,-0.124542,0.0272846,-0.582874040851519,FALSE,FALSE
FinnGen,rs11315136,67478645,8.87503347889448e-05,3.15624e-09,-0.0616,0.0157,0.19558,0.033019,1,TRUE,TRUE
FinnGen,rs7173811,67479051,0.0069640198444687,6.54275e-06,0.0345,0.0128,-0.122876,0.027257,-0.579564128194671,FALSE,FALSE
FinnGen,rs3825977,67481248,0.000302398755830314,2.91271e-06,-0.0607,0.0168,0.168904,0.0361147,0.85586111855986,FALSE,FALSE
FinnGen,rs11629568,67482368,0.017300155231478,8.69376e-09,0.0312,0.0131,-0.168879,0.0293477,-0.457433282242572,FALSE,FALSE
FinnGen,rs8025774,67483276,7.9290288856521e-05,1.29906e-08,-0.0668,0.0169,0.193677,0.034061,0.942258839735826,FALSE,FALSE
FinnGen,rs8031440,67483979,6.95792911515072e-05,1.35839e-08,-0.0673,0.0169,0.193224,0.034027,0.939352327021861,FALSE,FALSE
FinnGen,rs8031627,67484119,6.95296430790847e-05,1.35839e-08,-0.0673,0.0169,0.193224,0.034027,0.934108855254824,FALSE,FALSE
FinnGen,rs2278670,67484297,6.9659443401291e-05,1.35839e-08,-0.0673,0.0169,0.193224,0.034027,0.93680337898845,FALSE,FALSE
FinnGen,rs11638476,67485101,0.0177500671350065,8.67479e-09,0.0309,0.013,-0.168296,0.0292445,-0.446216701252866,FALSE,FALSE
FinnGen,rs12595334,67485156,9.9001095426017e-05,1.35839e-08,-0.0658,0.0169,0.193224,0.034027,0.936803378988452,FALSE,FALSE
FinnGen,rs3743342,67485667,9.69192400170094e-05,1.32817e-08,-0.0659,0.0169,0.193184,0.0339969,0.933898790559529,FALSE,FALSE
FinnGen,rs10438355,67487549,7.45195116218567e-05,3.27029e-08,-0.0668,0.0169,0.187104,0.0338569,0.939211484008889,FALSE,FALSE
FinnGen,rs746978,67488064,0.00925294541108259,9.89899e-06,0.0332,0.0128,-0.120726,0.0273175,-0.546397011008817,FALSE,FALSE
FinnGen,rs10163040,67490486,8.58301753926579e-05,2.76436e-08,-0.0662,0.0169,0.189173,0.03405,0.920812845248246,FALSE,FALSE
FinnGen,rs12917612,67491274,9.05503222046106e-05,5.63424e-08,-0.0659,0.0168,0.184639,0.0340033,0.929040715157217,FALSE,FALSE
FinnGen,rs7166081,67492301,0.000115499472298547,5.99584e-08,0.0649,0.0168,-0.176395,0.0325517,-0.92355917704443,FALSE,FALSE
FinnGen,rs12476,67493726,0.000113099321621163,5.63424e-08,-0.0649,0.0168,0.184639,0.0340033,0.929040715157216,FALSE,FALSE
FinnGen,rs10518716,67494823,0.00011459878152322,7.6638e-08,-0.0649,0.0168,0.180906,0.0336577,0.929040715157218,FALSE,FALSE
FinnGen,rs12148121,67494922,0.00011459878152322,8.7889e-08,-0.0649,0.0168,0.182762,0.0341603,0.929040715157217,FALSE,FALSE
FinnGen,rs11071940,67499477,0.00011459878152322,4.14438e-08,-0.0649,0.0168,0.184557,0.0336501,0.929040715157216,FALSE,FALSE
FinnGen,rs4776905,67500330,9.10604935783528e-05,5.63424e-08,-0.0658,0.0168,0.184639,0.0340033,0.929040715157216,FALSE,FALSE
FinnGen,rs2289262,67501033,0.000117898967017164,5.63424e-08,-0.0648,0.0168,0.184639,0.0340033,0.929040715157217,FALSE,FALSE
FinnGen,rs16953610,67501592,0.0001103011397345,5.63424e-08,-0.065,0.0168,0.184639,0.0340033,0.929040715157218,FALSE,FALSE
FinnGen,rs67486165,67502583,0.00011459878152322,4.14438e-08,-0.0649,0.0168,0.184557,0.0336501,0.929040715157217,FALSE,FALSE
FinnGen,rs10163156,67503637,0.0230001146036191,5.30332e-07,0.0296,0.013,-0.144339,0.0287814,-0.442218638353432,FALSE,FALSE
FinnGen,rs72625777,67503808,0.00011459878152322,6.0037e-08,-0.0649,0.0168,0.183255,0.0338191,0.926145389191656,FALSE,FALSE
FinnGen,rs877177,67505960,0.000114699097313576,4.14438e-08,-0.0649,0.0168,0.184557,0.0336501,0.929040715157218,FALSE,FALSE
FinnGen,rs66739142,67506533,0.000114699097313576,5.63424e-08,-0.0649,0.0168,0.184639,0.0340033,0.929040715157219,FALSE,FALSE
FinnGen,rs35997299,67507590,0.000114699097313576,5.63424e-08,-0.0649,0.0168,0.184639,0.0340033,0.929040715157218,FALSE,FALSE
FinnGen,rs2033783,67507768,0.000114699097313576,5.63424e-08,-0.0649,0.0168,0.184639,0.0340033,0.926145389191658,FALSE,FALSE
FinnGen,rs16950776,67510604,0.000114699097313576,5.63424e-08,-0.0649,0.0168,0.184639,0.0340033,0.929040715157217,FALSE,FALSE
FinnGen,rs8026870,67511389,0.000114699097313576,4.14438e-08,-0.0649,0.0168,0.184557,0.0336501,0.926145389191659,FALSE,FALSE
FinnGen,rs35322464,67511490,0.000114699097313576,4.14438e-08,-0.0649,0.0168,0.184557,0.0336501,0.926145389191659,FALSE,FALSE
FinnGen,rs74953780,67513156,0.626700440557279,5.39223e-08,0.0121,0.0249,-0.282757,0.0519978,-0.160542697837585,FALSE,FALSE
FinnGen,rs34590589,67514190,8.45492968187664e-05,5.63424e-08,-0.0662,0.0168,0.184639,0.0340033,0.92642429516291,FALSE,FALSE
FinnGen,rs34699563,67514217,8.45492968187664e-05,4.70289e-08,-0.0662,0.0168,0.186573,0.0341572,0.926424295162909,FALSE,FALSE
FinnGen,rs34296414,67514409,8.45492968187664e-05,5.63424e-08,-0.0662,0.0168,0.184639,0.0340033,0.926424295162909,FALSE,FALSE
FinnGen,rs9806590,67516341,8.35391399856314e-05,5.63424e-08,-0.0662,0.0168,0.184639,0.0340033,0.926424295162908,FALSE,FALSE
FinnGen,rs12594065,67518001,8.5899374221582e-05,4.70289e-08,-0.0661,0.0168,0.186573,0.0341572,0.929040715157218,FALSE,FALSE
FinnGen,rs8031500,67519040,8.5899374221582e-05,9.43049e-08,-0.0661,0.0168,0.178466,0.0334371,0.917865732350145,FALSE,FALSE
FinnGen,rs8182047,67519487,0.0103499916638235,8.56849e-06,0.0327,0.0128,-0.12224,0.0274668,-0.542917279657877,FALSE,FALSE
FinnGen,rs4776906,67520617,8.5899374221582e-05,4.14438e-08,-0.0661,0.0168,0.184557,0.0336501,0.926424295162908,FALSE,FALSE
FinnGen,rs8032898,67520902,0.0102600623506025,8.74687e-06,0.0327,0.0128,-0.122358,0.0275207,-0.542917279657877,FALSE,FALSE
FinnGen,rs12915085,67522138,8.5899374221582e-05,9.43049e-08,-0.0661,0.0168,0.178466,0.0334371,0.917865732350146,FALSE,FALSE
FinnGen,rs12900758,67523043,8.5899374221582e-05,4.14438e-08,-0.0661,0.0168,0.184557,0.0336501,0.926145389191659,FALSE,FALSE
FinnGen,rs12898685,67525772,8.52805514555238e-05,5.63424e-08,-0.0662,0.0168,0.184639,0.0340033,0.92642429516291,FALSE,FALSE
FinnGen,rs12899067,67526499,8.5899374221582e-05,5.63424e-08,-0.0661,0.0168,0.184639,0.0340033,0.926424295162908,FALSE,FALSE
FinnGen,rs55841220,67527445,0.0102600623506025,8.56849e-06,0.0327,0.0128,-0.12224,0.0274668,-0.544075390622089,FALSE,FALSE
FinnGen,rs7173826,67528374,0.0158201282537326,1.89533e-07,-0.0321,0.0133,0.159953,0.0307052,0.706558551695532,FALSE,FALSE
FinnGen,rs28645602,67531323,7.12393584917084e-05,8.3018e-08,-0.0667,0.0168,0.180493,0.0336713,0.92355917704443,FALSE,FALSE
FinnGen,rs2289789,67532383,7.12393584917084e-05,4.75038e-08,-0.0667,0.0168,0.183597,0.0336233,0.92355917704443,FALSE,FALSE
FinnGen,rs4776348,67533304,7.12393584917084e-05,6.48862e-08,-0.0667,0.0168,0.183604,0.0339706,0.926424295162909,FALSE,FALSE
FinnGen,rs7182798,67535212,7.12393584917084e-05,4.75038e-08,-0.0667,0.0168,0.183597,0.0336233,0.923559177044429,FALSE,FALSE
FinnGen,rs12900708,67535440,6.8839863419155e-05,5.4122e-08,-0.0669,0.0168,0.185554,0.0341267,0.926424295162909,FALSE,FALSE
FinnGen,rs12910196,67537069,7.12393584917084e-05,4.75038e-08,-0.0667,0.0168,0.183597,0.0336233,0.926424295162909,FALSE,FALSE
FinnGen,rs12910062,67537210,7.12393584917084e-05,1.05605e-07,-0.0667,0.0168,0.182659,0.034355,0.92642429516291,FALSE,FALSE
FinnGen,rs12591495,67539192,7.12492012527005e-05,4.21526e-08,-0.0667,0.0168,0.18434,0.0336289,0.92642429516291,FALSE,FALSE
FinnGen,rs4776908,67540087,7.12606861926609e-05,4.75038e-08,-0.0667,0.0168,0.183597,0.0336233,0.92355917704443,FALSE,FALSE
FinnGen,rs4776350,67542179,7.13099283364599e-05,4.75038e-08,-0.0667,0.0168,0.183597,0.0336233,0.921029317601017,FALSE,FALSE
FinnGen,rs4776909,67542349,7.13099283364599e-05,4.75038e-08,-0.0667,0.0168,0.183597,0.0336233,0.92390454747084,FALSE,FALSE
FinnGen,rs58074225,67545892,7.92994180138845e-05,4.75038e-08,-0.0664,0.0168,0.183597,0.0336233,0.923904547470841,FALSE,FALSE
FinnGen,rs12911370,67546321,7.87100158770003e-05,4.75038e-08,-0.0665,0.0168,0.183597,0.0336233,0.921029185983982,FALSE,FALSE
FinnGen,rs3743347,67547301,7.20692495803174e-05,6.48862e-08,-0.0667,0.0168,0.183604,0.0339706,0.923904547470839,FALSE,FALSE
FinnGen,rs8038652,67552064,7.20792070029207e-05,3.7543e-08,-0.0667,0.0168,0.182298,0.0331328,0.921029185983983,FALSE,FALSE
FinnGen,rs16950804,67554479,7.20692495803174e-05,6.48862e-08,-0.0667,0.0168,0.183604,0.0339706,0.92390454747084,FALSE,FALSE
FinnGen,rs12443472,67555958,7.20792070029207e-05,3.7543e-08,-0.0667,0.0168,0.182298,0.0331328,0.921029185983983,FALSE,FALSE
FinnGen,rs8042237,67556625,7.20692495803174e-05,3.7543e-08,-0.0667,0.0168,0.182298,0.0331328,0.921029185983982,FALSE,FALSE
FinnGen,rs10587237,67556657,7.20692495803174e-05,6.48862e-08,-0.0667,0.0168,0.183604,0.0339706,0.92390454747084,FALSE,FALSE
FinnGen,rs8025621,67556726,7.20692495803174e-05,3.7543e-08,-0.0667,0.0168,0.182298,0.0331328,0.92390454747084,FALSE,FALSE
FinnGen,rs1444934,67557266,0.0102799262744896,8.68183e-06,0.0327,0.0128,-0.122605,0.0275663,-0.540665947644704,FALSE,FALSE
FinnGen,rs12592400,67558010,7.20792070029207e-05,4.75038e-08,-0.0667,0.0168,0.183597,0.0336233,0.921393543597444,FALSE,FALSE
FinnGen,rs16950805,67560677,7.20692495803174e-05,6.48862e-08,-0.0667,0.0168,0.183604,0.0339706,0.926424295162909,FALSE,FALSE
FinnGen,rs11071945,67560701,0.0103499916638235,8.68183e-06,0.0327,0.0128,-0.122605,0.0275663,-0.544075390622087,FALSE,FALSE
FinnGen,rs67872952,67561598,7.20792070029207e-05,1.20053e-07,-0.0667,0.0168,0.175056,0.0330705,0.92070636461622,FALSE,FALSE
FinnGen,rs12901789,67562214,7.20692495803174e-05,4.60846e-08,-0.0667,0.0168,0.183516,0.0335754,0.926424295162911,FALSE,FALSE
FinnGen,rs71400364,67563515,7.20692495803174e-05,6.48862e-08,-0.0667,0.0168,0.183604,0.0339706,0.92642429516291,FALSE,FALSE
FinnGen,rs35129260,67565687,7.20692495803174e-05,4.60846e-08,-0.0667,0.0168,0.183516,0.0335754,0.92651968968378,FALSE,FALSE
FinnGen,rs35151633,67568265,7.20692495803174e-05,6.48862e-08,-0.0667,0.0168,0.183604,0.0339706,0.926424295162911,FALSE,FALSE
FinnGen,rs12442171,67572286,7.09594106783403e-05,5.4122e-08,-0.0668,0.0168,0.185554,0.0341267,0.926519689683782,FALSE,FALSE
FinnGen,rs36078679,67573648,7.20692495803174e-05,1.20053e-07,-0.0667,0.0168,0.175056,0.0330705,0.9178394779373,FALSE,FALSE
FinnGen,rs12899051,67573741,7.20692495803174e-05,5.4122e-08,-0.0667,0.0168,0.185554,0.0341267,0.926519689683782,FALSE,FALSE
FinnGen,rs35524716,67578987,7.44903474524108e-05,1.05605e-07,-0.0666,0.0168,0.182659,0.034355,0.924006376359232,FALSE,FALSE
FinnGen,rs34796890,67579091,7.20692495803174e-05,1.05605e-07,-0.0667,0.0168,0.182659,0.034355,0.924006376359232,FALSE,FALSE
FinnGen,rs4776913,67580356,7.20692495803174e-05,5.4122e-08,-0.0667,0.0168,0.185554,0.0341267,0.924006376359232,FALSE,FALSE
FinnGen,rs12324222,67581282,7.20692495803174e-05,6.48862e-08,-0.0667,0.0168,0.183604,0.0339706,0.926519441497172,FALSE,FALSE
FinnGen,rs12595736,67582602,7.20692495803174e-05,6.48862e-08,-0.0667,0.0168,0.183604,0.0339706,0.921393444397779,FALSE,FALSE
FinnGen,rs77522868,67584200,0.653899492046446,7.43767e-08,0.0111,0.0248,-0.278805,0.0518199,-0.160542697837584,FALSE,FALSE
FinnGen,rs72625778,67590103,7.20692495803174e-05,6.48862e-08,-0.0667,0.0168,0.183604,0.0339706,0.92390440185785,FALSE,FALSE
FinnGen,rs12916403,67591665,7.20692495803174e-05,6.62072e-08,-0.0667,0.0168,0.183724,0.0340156,0.926519441497172,FALSE,FALSE
FinnGen,rs12901312,67591972,7.20692495803174e-05,1.19887e-07,-0.0667,0.0168,0.17985,0.0339746,0.926519441497173,FALSE,FALSE
FinnGen,rs12148134,67592098,7.20692495803174e-05,1.00759e-07,-0.0667,0.0168,0.181754,0.03413,0.92390440185785,FALSE,FALSE
FinnGen,rs12594229,67596084,7.20692495803174e-05,5.4122e-08,-0.0667,0.0168,0.185554,0.0341267,0.92139344439778,FALSE,FALSE
FinnGen,rs12594234,67596154,7.20692495803174e-05,6.48862e-08,-0.0667,0.0168,0.183604,0.0339706,0.921393444397779,FALSE,FALSE
FinnGen,rs34310656,67599975,7.06707987638882e-05,6.48862e-08,-0.0668,0.0168,0.183604,0.0339706,0.924006376359233,FALSE,FALSE
FinnGen,rs4776917,67600344,7.20692495803174e-05,5.4122e-08,-0.0667,0.0168,0.185554,0.0341267,0.92139344439778,FALSE,FALSE
FinnGen,rs17526859,67611066,9.12809181946881e-05,5.4122e-08,-0.0659,0.0168,0.185554,0.0341267,0.923904401857849,FALSE,FALSE
FinnGen,rs9806377,67612062,7.20692495803174e-05,5.4122e-08,-0.0667,0.0168,0.185554,0.0341267,0.923904401857848,FALSE,FALSE
FinnGen,rs144822359,67612831,7.20692495803174e-05,4.10947e-08,-0.0667,0.0168,0.186035,0.0339104,0.926519441497174,FALSE,FALSE
FinnGen,rs35008245,67614967,7.20692495803174e-05,6.48862e-08,-0.0667,0.0168,0.183604,0.0339706,0.926519441497172,FALSE,FALSE
FinnGen,rs113203559,67616538,7.20692495803174e-05,5.4122e-08,-0.0667,0.0168,0.185554,0.0341267,0.92390440185785,FALSE,FALSE
FinnGen,rs11071948,67618753,0.0102799262744896,8.68183e-06,0.0327,0.0128,-0.122605,0.0275663,-0.537370469724903,FALSE,FALSE
FinnGen,rs8029371,67618789,0.0102799262744896,8.68183e-06,0.0327,0.0128,-0.122605,0.0275663,-0.537370469724904,FALSE,FALSE
FinnGen,rs8030620,67620665,7.20692495803174e-05,5.4122e-08,-0.0667,0.0168,0.185554,0.0341267,0.926519441497172,FALSE,FALSE
FinnGen,rs34340802,67622405,7.20692495803174e-05,5.4122e-08,-0.0667,0.0168,0.185554,0.0341267,0.926519441497173,FALSE,FALSE
FinnGen,rs58036323,67624292,0.0102799262744896,8.68183e-06,0.0327,0.0128,-0.122605,0.0275663,-0.537370469724904,FALSE,FALSE
FinnGen,rs35722009,67625533,7.20692495803174e-05,1.05605e-07,-0.0667,0.0168,0.182659,0.034355,0.92390440185785,FALSE,FALSE
FinnGen,rs75966616,67627605,0.61450015957329,3.91062e-07,0.0128,0.0253,-0.265886,0.0524093,-0.168429857152884,FALSE,FALSE
FinnGen,rs72745452,67628221,0.0215198876670251,2.61142e-08,0.0299,0.013,-0.164332,0.029526,-0.448845453448682,FALSE,FALSE
FinnGen,rs956129,67629175,0.0215501352418273,5.31775e-07,0.0299,0.013,-0.144881,0.0288925,-0.447030503961808,FALSE,FALSE
FinnGen,rs12915601,67631271,7.20692495803174e-05,6.48862e-08,-0.0667,0.0168,0.183604,0.0339706,0.929040715157219,FALSE,FALSE
FinnGen,rs4506839,67633242,0.0109199336604537,8.68183e-06,0.0325,0.0128,-0.122605,0.0275663,-0.540768881391139,FALSE,FALSE
FinnGen,rs4238407,67633784,7.20692495803174e-05,6.48862e-08,-0.0667,0.0168,0.183604,0.0339706,0.929040715157218,FALSE,FALSE
FinnGen,rs4776922,67634437,7.20692495803174e-05,6.48862e-08,-0.0667,0.0168,0.183604,0.0339706,0.926424295162908,FALSE,FALSE
FinnGen,rs4432221,67634862,7.11901650789983e-05,5.4122e-08,-0.0668,0.0168,0.185554,0.0341267,0.926424295162911,FALSE,FALSE
FinnGen,rs1444935,67635420,7.21207110744967e-05,6.48862e-08,-0.0667,0.0168,0.183604,0.0339706,0.926424295162911,FALSE,FALSE
FinnGen,rs1444936,67635549,7.21306756072594e-05,6.48862e-08,-0.0667,0.0168,0.183604,0.0339706,0.92642429516291,FALSE,FALSE
FinnGen,rs11636980,67636755,0.0109199336604537,8.774e-06,0.0325,0.0128,-0.122213,0.0274922,-0.544258303841219,FALSE,FALSE
FinnGen,rs2166185,67637484,0.0269500763569653,8.55131e-09,0.0288,0.013,-0.170078,0.0295417,-0.448611067544361,FALSE,FALSE
FinnGen,rs8037981,67638449,0.0115899083049355,8.774e-06,0.0322,0.0128,-0.122213,0.0274922,-0.544258303841218,FALSE,FALSE
FinnGen,rs11071949,67641345,0.0112300063026005,8.774e-06,0.0323,0.0128,-0.122213,0.0274922,-0.544258303841218,FALSE,FALSE
FinnGen,rs4352000,67643705,7.25404090156294e-05,6.48862e-08,-0.0667,0.0168,0.183604,0.0339706,0.929040715157219,FALSE,FALSE
FinnGen,rs4301969,67644023,0.0117100837193059,6.66564e-06,0.0322,0.0128,-0.123495,0.0274184,-0.544258303841218,FALSE,FALSE
FinnGen,rs34221449,67644263,7.26005649119156e-05,6.48862e-08,-0.0667,0.0168,0.183604,0.0339706,0.929040715157218,FALSE,FALSE
FinnGen,rs74892931,67646948,0.0110700606430562,6.77122e-06,0.0324,0.0128,-0.124343,0.0276271,-0.539609325987544,FALSE,FALSE
FinnGen,rs10152973,67647218,7.32200464403414e-05,6.48862e-08,-0.0666,0.0168,0.183604,0.0339706,0.926424295162911,FALSE,FALSE
FinnGen,rs10152913,67647328,7.24202467149676e-05,6.48862e-08,-0.0667,0.0168,0.183604,0.0339706,0.923904592997595,FALSE,FALSE
FinnGen,rs3743349,67652097,7.27796562479045e-05,6.48862e-08,-0.0667,0.0168,0.183604,0.0339706,0.926424295162911,FALSE,FALSE
FinnGen,rs8042007,67652976,8.31591420344219e-05,5.1308e-08,-0.0661,0.0168,0.184843,0.0339366,0.926424295162911,FALSE,FALSE
FinnGen,rs4491456,67653639,6.3880749060751e-05,6.48862e-08,-0.0672,0.0168,0.183604,0.0339706,0.926424295162912,FALSE,FALSE
FinnGen,rs72745470,67653682,0.0802601560872627,4.9984e-06,0.024,0.0137,-0.136562,0.029916,-0.388971404509966,FALSE,FALSE
FinnGen,rs4536412,67653764,6.38895751220507e-05,4.27285e-08,-0.0672,0.0168,0.186794,0.0340916,0.92642429516291,FALSE,FALSE
FinnGen,rs12442323,67654919,6.38101844503311e-05,5.1308e-08,-0.0672,0.0168,0.184843,0.0339366,0.92642429516291,FALSE,FALSE
FinnGen,rs12915659,67655973,6.37602483508129e-05,5.1308e-08,-0.0672,0.0168,0.184843,0.0339366,0.92642429516291,FALSE,FALSE
FinnGen,rs8039943,67656430,6.37602483508129e-05,5.1308e-08,-0.0672,0.0168,0.184843,0.0339366,0.92642429516291,FALSE,FALSE
FinnGen,rs28696998,67656863,6.36502333247305e-05,5.1308e-08,-0.0672,0.0168,0.184843,0.0339366,0.92642429516291,FALSE,FALSE
FinnGen,rs8043060,67661784,6.0379567800509e-05,5.1308e-08,-0.0674,0.0168,0.184843,0.0339366,0.92642429516291,FALSE,FALSE
FinnGen,rs72745473,67663250,0.0257098770641523,2.04564e-08,0.029,0.013,-0.165605,0.0295296,-0.451489183215289,FALSE,FALSE
FinnGen,rs11857142,67672502,0.0105599047282805,7.63806e-06,0.0327,0.0128,-0.122601,0.0273963,-0.542041469198802,FALSE,FALSE
FinnGen,rs66926990,67674711,0.0241301487988978,3.06764e-07,0.0294,0.013,-0.147273,0.0287685,-0.451799885444953,FALSE,FALSE
FinnGen,rs77167076,67713276,0.744800569414536,1.39824e-07,0.0083,0.0255,-0.287033,0.0545122,-0.135374016161807,FALSE,FALSE
