study,tissue,gene,nsnps,pph0,pph1,pph2,pph3,pph4,top_snp,top_snp_pph4
UKB,Adipose Subcutaneous,DIS3L,389,2.04564739110534e-17,4.95596317913546e-18,0.744646448259494,0.180329497032084,0.0750240547084194,rs7170930,0.272400528622272
UKB,Adipose Subcutaneous,TIPIN,362,1.98999553275248e-33,5.70620590397746e-34,0.763075952783569,0.218789819624154,0.0181342275922749,rs144941212,0.0134003511151327
UKB,Adipose Subcutaneous,MAP2K1,70,0.0247988046442271,0.000393200089173659,0.77941379621093,0.0121748591469372,0.183219339908732,rs12909274,0.0516583914369535
UKB,Adipose Subcutaneous,CTD-3185P2.1,60,0.000266411547287431,1.62321942525558e-05,0.526197582234169,0.031618801564713,0.441900972459577,rs74521803,0.114980066144876
UKB,Adipose Subcutaneous,SNAPC5,137,4.43910542542923e-12,1.06605944137561e-12,0.113940665170603,0.0265035072720349,0.859555827551859,rs12593228,0.166465296853906
UKB,Adipose Subcutaneous,ZWILCH,3,0.771527110648646,1.7553662485682e-05,0.226732435043787,3.43911888450231e-06,0.00171946152619688,rs74019811,0.368633658083595
UKB,Adipose Subcutaneous,RP11-622C24.1,2,0.705150912404363,8.29454241372647e-06,0.293115154464196,1.72393748626455e-06,0.00172391465154149,rs4395023,0.510397481300525
UKB,Adipose Subcutaneous,SMAD3,155,7.31513999841388e-07,3.659803284731e-05,0.00135114296107933,0.0666664528804717,0.931945074611601,rs10152595,0.219805295907168
UKB,Adipose Subcutaneous,AAGAB,116,6.87180531025563e-06,0.000323230166929396,0.00224595453723868,0.10475063688789,0.892673306602633,rs10152595,0.173858511394488
UKB,Adipose Subcutaneous,IQCH,216,3.59661099388611e-09,1.80014283963517e-07,0.00303644637257469,0.15113160490564,0.845831765110891,rs8031500,0.0557968741521813
UKB,Adipose Subcutaneous,IQCH-AS1,506,2.48666646721744e-24,2.08309233126048e-26,0.986260106379661,0.00825646440863636,0.00548342921170303,rs8024524,0.270025007738546
UKB,Adipose Subcutaneous,C15orf61,3,0.409242793729478,6.30616886537775e-06,0.587718620777609,6.03011763678962e-06,0.00302624920641117,rs12592101,0.414978143869951
UKB,Adipose Subcutaneous,RP11-502I4.3,505,1.33943009425415e-22,1.06682385371493e-24,0.986554320867051,0.00785207427195769,0.0055936048609927,rs12593494,0.515735837091252
UKB,Adipose Subcutaneous,MAP2K5,439,1.1805486080399e-28,5.93144942599697e-27,0.0191851715857876,0.96390676449973,0.0169080639144867,rs12441715,0.368597193498268
UKB,Adipose Subcutaneous,SKOR1,425,9.56110383752418e-20,4.6457815408618e-18,0.0196867797433798,0.956565360312406,0.023747859944216,rs12903168,0.300389854094844
UKB,Adipose Subcutaneous,RP11-34F13.2,145,2.88628807859424e-15,7.79646967617768e-18,0.991440602446953,0.00267220188699885,0.00588719566604505,rs12898654,0.710438409395414
UKB,Adipose Subcutaneous,PIAS1,260,1.07968597250436e-20,5.20184372875854e-23,0.985960930371597,0.00474098562168776,0.00929808400671451,rs57484993,0.94710882662479
UKB,Adipose Subcutaneous,CALML4,1,0.856938061948545,5.58877511292129e-06,0.142129410275458,0,0.000926939000883536,rs62016179,1
FinnGen,Adipose Subcutaneous,DIS3L,385,2.97070869692679e-17,4.23192000721931e-18,0.846421262493642,0.120543818644339,0.0330349188620188,rs7170930,0.28149319169773
FinnGen,Adipose Subcutaneous,TIPIN,357,4.14798412780664e-34,9.91154568971148e-35,0.502257048287441,0.119635458824999,0.378107492887556,rs34448293,0.0303034408693503
FinnGen,Adipose Subcutaneous,MAP2K1,66,0.0278160132294756,0.00013333948560833,0.805053672925214,0.00369582279079372,0.163301151568908,rs3087660,0.887621921311581
FinnGen,Adipose Subcutaneous,CTD-3185P2.1,59,0.000293810137864617,2.31217863131334e-06,0.937019750007239,0.00731863820840188,0.0553654894678633,rs111385971,0.0746032030776825
FinnGen,Adipose Subcutaneous,SNAPC5,140,1.76424093186137e-11,3.38919061945955e-13,0.96190367691942,0.0184589891380245,0.0196373339245754,rs79227224,0.274791069344742
FinnGen,Adipose Subcutaneous,ZWILCH,3,0.80318677890074,2.66626580071391e-05,0.194630005087377,4.30870989348488e-06,0.00215224464398239,rs74019811,0.36619229647756
FinnGen,Adipose Subcutaneous,RP11-622C24.1,2,0.710279452043418,2.72558335280253e-05,0.28422227850448,5.44100096492603e-06,0.00546557261760894,rs4395023,0.564495821859755
FinnGen,Adipose Subcutaneous,SMAD3,159,3.37179186624411e-05,8.08184498352435e-05,0.0534964885445543,0.127406704465368,0.81898227062158,rs11315136,0.0564520993165492
FinnGen,Adipose Subcutaneous,AAGAB,120,0.000179283540663002,0.000401737748907639,0.0447308138312114,0.0993772949169557,0.855310869962262,rs12443472,0.0210695609431325
FinnGen,Adipose Subcutaneous,IQCH,221,7.01649087858807e-08,1.68468929910819e-07,0.0430627014517709,0.102540981442617,0.854396078471775,rs12915085,0.056067262440067
FinnGen,Adipose Subcutaneous,IQCH-AS1,510,1.14653180899106e-24,5.27689829976169e-27,0.986962398101956,0.00453397846003423,0.00850362343801051,rs8024524,0.35853828629727
FinnGen,Adipose Subcutaneous,C15orf61,3,0.408432333813179,7.76531618985083e-06,0.587827168789662,7.45077762426315e-06,0.00372528130334481,rs12592101,0.411212476068484
FinnGen,Adipose Subcutaneous,RP11-502I4.3,510,3.93405802413727e-23,1.83551444222905e-25,0.986992462730227,0.00459660228189225,0.00841093498788039,rs12593494,0.519628417638521
FinnGen,Adipose Subcutaneous,MAP2K5,452,3.35780686643747e-27,8.08719384079377e-27,0.291749083776322,0.702664783910856,0.0055861323128209,rs12441715,0.23305302801573
FinnGen,Adipose Subcutaneous,SKOR1,435,2.32387687182098e-18,5.23568151884085e-18,0.304813690431398,0.686735078528691,0.008451231039911,rs12903168,0.245885794487204
FinnGen,Adipose Subcutaneous,RP11-34F13.2,146,8.47610819321366e-16,1.42601086289153e-18,0.9906116250051,0.0016588642915028,0.0077295107033998,rs12898654,0.724040251839709
FinnGen,Adipose Subcutaneous,PIAS1,265,1.28613927855665e-20,4.47358646815778e-23,0.985998998107803,0.00341902463619129,0.0105819772560063,rs57484993,0.946090014484458
FinnGen,Adipose Subcutaneous,CALML4,1,0.845531652637207,7.32589300105671e-06,0.153134229062421,0,0.00132679240737065,rs62016179,1
