"","gene","p_val","p_val_adj","avg_log2FC","celltype"
"MECOM","MECOM",0,2e-04,8.71,"FAP1"
"EPHA6...2","EPHA6",0,0.001,3.19,"FAP1"
"MT-CO3","MT-CO3",2e-04,0.0027,1.61,"FAP4"
"SLPI...4","SLPI",0,0.0031,4.13,"FAP1"
"AC004160.1","AC004160.1",0,0.0051,2.72,"FAP3"
"DKK2","DKK2",0,0.0057,3.85,"FAP3"
"NEAT1","NEAT1",5e-04,0.0062,2.44,"FAP4"
"MT-CO1","MT-CO1",6e-04,0.0067,1.46,"FAP4"
"KAZN","KAZN",0,0.007,2.12,"FAP3"
"HPSE2","HPSE2",0,0.007,3.14,"FAP3"
"FN1","FN1",7e-04,0.0073,4.74,"FAP4"
"LUCAT1","LUCAT1",0,0.0089,2.95,"FAP3"
"LRP1B","LRP1B",0,0.0089,3.86,"FAP3"
"MT-ATP6","MT-ATP6",9e-04,0.0091,1.13,"FAP4"
"EPHA6...15","EPHA6",0,0.0106,4.1,"FAP3"
"MT-CO2","MT-CO2",0.0012,0.0109,1.2,"FAP4"
"APLP2","APLP2",0.0014,0.0124,1.7,"FAP4"
"LHFPL6","LHFPL6",0.0015,0.0127,2.76,"FAP4"
"AC004917.1","AC004917.1",0,0.0145,2.05,"FAP1"
"PTGFR","PTGFR",0,0.0145,2.29,"FAP1"
"AC011511.5","AC011511.5",0,0.0145,3.03,"FAP1"
"ZNF608","ZNF608",0,0.0145,4.49,"FAP1"
"EFNA5","EFNA5",0,0.0151,2.05,"FAP1"
"AMPD3","AMPD3",0,0.0156,3.58,"FAP3"
"SNED1","SNED1",0.0021,0.0167,3.83,"FAP4"
"AC109927.1","AC109927.1",0,0.0174,1.9,"FAP3"
"PLA2G2A...27","PLA2G2A",0,0.0174,2.67,"FAP3"
"RUNX1","RUNX1",0.0023,0.0176,3.46,"FAP4"
"OPA3","OPA3",0,0.0182,1.33,"FAP1"
"EYA1","EYA1",0,0.0182,2.82,"FAP1"
"AC023355.1","AC023355.1",0,0.0185,2.1,"FAP1"
"MT-ND5","MT-ND5",0.0027,0.0197,1.67,"FAP4"
"ERI2...33","ERI2",0,0.0204,2.01,"FAP1"
"ICAM5","ICAM5",0,0.0204,3.05,"FAP1"
"COTL1","COTL1",1e-04,0.0215,1.54,"FAP3"
"ERI2...36","ERI2",1e-04,0.0215,2.33,"FAP3"
"SORBS2...37","SORBS2",0,0.022,5.93,"FAP1"
"MT-ND4","MT-ND4",0.0031,0.022,1.18,"FAP4"
"MT-CYB","MT-CYB",0.0033,0.0228,1.24,"FAP4"
"C1S","C1S",0.0035,0.0231,3.56,"FAP4"
"TLE4","TLE4",0.0035,0.0231,3.47,"FAP4"
"ADM","ADM",1e-04,0.0236,1.55,"FAP3"
"ISM1","ISM1",1e-04,0.0237,2.17,"FAP3"
"GAS6","GAS6",1e-04,0.0237,1.54,"FAP3"
"CXCL2","CXCL2",1e-04,0.0237,1.72,"FAP3"
"EFCAB13...46","EFCAB13",1e-04,0.0237,1.52,"FAP3"
"SLPI...47","SLPI",1e-04,0.0237,3.02,"FAP3"
"CCDC85A","CCDC85A",1e-04,0.0237,3.11,"FAP3"
"NTRK2","NTRK2",1e-04,0.0238,1.26,"FAP3"
"EPHA7...50","EPHA7",1e-04,0.0239,2.88,"FAP1"
"SLFN11","SLFN11",1e-04,0.024,1.23,"FAP3"
"ACOT12","ACOT12",1e-04,0.0251,1.48,"FAP1"
"CACNA1C","CACNA1C",1e-04,0.0256,1.62,"FAP3"
"RASD1","RASD1",1e-04,0.0256,1.75,"FAP3"
"TMEM72-AS1","TMEM72-AS1",1e-04,0.0259,3.1,"FAP3"
"KCNH1","KCNH1",1e-04,0.0261,3.33,"FAP3"
"MX2","MX2",2e-04,0.027,2.05,"FAP3"
"AC119674.1","AC119674.1",2e-04,0.027,1.72,"FAP3"
"RSPO3...59","RSPO3",2e-04,0.027,2.95,"FAP3"
"ASAP1","ASAP1",0.0043,0.0271,2.57,"FAP4"
"DPH6","DPH6",2e-04,0.028,1.32,"FAP3"
"CRYM","CRYM",2e-04,0.0281,1.95,"FAP3"
"SMIM4","SMIM4",2e-04,0.0282,1.28,"FAP3"
"ICAM1","ICAM1",2e-04,0.0282,2.38,"FAP3"
"PCDH9","PCDH9",2e-04,0.0282,1.2,"FAP3"
"RPLP0","RPLP0",0.0046,0.0285,2.35,"FAP4"
"AUTS2","AUTS2",0.0047,0.0291,2.49,"FAP4"
"TRPS1","TRPS1",0.0048,0.0291,1.45,"FAP4"
"LRMDA","LRMDA",2e-04,0.0294,1.35,"FAP3"
"ANGPT1","ANGPT1",2e-04,0.0298,1.91,"FAP3"
"ZCWPW2","ZCWPW2",3e-04,0.0307,1.26,"FAP3"
"AC096531.2","AC096531.2",1e-04,0.0311,2.5,"FAP1"
"CP...73","CP",1e-04,0.0311,2.52,"FAP1"
"TMEM150C","TMEM150C",1e-04,0.0311,1.03,"FAP1"
"MYH11","MYH11",1e-04,0.0311,4.95,"FAP1"
"CASC15","CASC15",3e-04,0.0315,2.02,"FAP3"
"PRKCE","PRKCE",3e-04,0.0315,1.15,"FAP3"
"ALPK1","ALPK1",3e-04,0.0332,1.26,"FAP3"
"AL355304.1","AL355304.1",3e-04,0.0332,1.8,"FAP3"
"CUX1","CUX1",0.0056,0.0335,1.44,"FAP4"
"TANC1","TANC1",1e-04,0.0341,5.51,"FAP1"
"ZBTB7C","ZBTB7C",0,0.0347,1.91,"FAP2"
"SORBS2...83","SORBS2",0,0.0347,5.65,"FAP2"
"CDK14","CDK14",0.0062,0.0352,3.57,"FAP4"
"PLCB1","PLCB1",0.0062,0.0352,2.01,"FAP4"
"PSD3","PSD3",0.0064,0.0354,2.49,"FAP4"
"UGDH","UGDH",0.0068,0.0364,3.41,"FAP4"
"MT-ND1","MT-ND1",0.0068,0.0364,1.09,"FAP4"
"SYNE2","SYNE2",4e-04,0.0365,3.27,"FAP3"
"MEPCE","MEPCE",4e-04,0.0367,1.63,"FAP3"
"AL355838.1","AL355838.1",1e-04,0.0369,3.55,"FAP1"
"TMEM184B","TMEM184B",4e-04,0.0369,1.61,"FAP3"
"PTPRG","PTPRG",0.007,0.0371,4.74,"FAP4"
"PRKG1","PRKG1",0.0071,0.0371,4.88,"FAP4"
"EXOC6B","EXOC6B",0.0072,0.0371,1.92,"FAP4"
"RPLP1","RPLP1",0.0072,0.0371,1.39,"FAP4"
"AL078604.4...97","AL078604.4",4e-04,0.0374,1.63,"FAP3"
"SKAP2","SKAP2",4e-04,0.0384,2.86,"FAP3"
"SLC39A8","SLC39A8",4e-04,0.0386,1.63,"FAP3"
"SLC16A7","SLC16A7",4e-04,0.0386,1.21,"FAP3"
"AC104758.5","AC104758.5",1e-04,0.0387,2.23,"FAP1"
"AL033523.1...102","AL033523.1",1e-04,0.0396,1.71,"FAP1"
"L3MBTL4","L3MBTL4",1e-04,0.0396,6.19,"FAP1"
"CP...104","CP",4e-04,0.0399,2.86,"FAP3"
"RMDN2-AS1","RMDN2-AS1",5e-04,0.0399,1.62,"FAP3"
"CAMK1D","CAMK1D",0.0079,0.0399,3.36,"FAP4"
"TMSB4X","TMSB4X",0.008,0.0399,3.25,"FAP4"
"GEM","GEM",0.0081,0.0401,3.48,"FAP4"
"PRG4","PRG4",0.0081,0.0401,8.73,"FAP4"
"LINC00880","LINC00880",5e-04,0.0404,2.1,"FAP3"
"NABP1","NABP1",5e-04,0.0404,1.48,"FAP3"
"CES1","CES1",5e-04,0.041,1.71,"FAP3"
"SERPINE3","SERPINE3",5e-04,0.041,1.85,"FAP3"
"RFC3","RFC3",5e-04,0.0413,1.69,"FAP3"
"PLA2G2A...115","PLA2G2A",2e-04,0.0414,3.95,"FAP1"
"STEAP2-AS1","STEAP2-AS1",2e-04,0.0414,1.94,"FAP1"
"MPPED2","MPPED2",2e-04,0.0414,1.39,"FAP1"
"ARL4C","ARL4C",2e-04,0.0414,1.67,"FAP1"
"CGNL1","CGNL1",2e-04,0.0414,1.22,"FAP1"
"AC009262.1","AC009262.1",2e-04,0.0414,1.9,"FAP1"
"OAS3","OAS3",2e-04,0.0414,3.6,"FAP1"
"PRDM16","PRDM16",2e-04,0.0414,3.46,"FAP1"
"THEGL","THEGL",2e-04,0.0416,1.89,"FAP1"
"AC114971.1","AC114971.1",5e-04,0.042,3.94,"FAP3"
"AC006460.2","AC006460.2",6e-04,0.0422,1.32,"FAP3"
"LINC02245","LINC02245",6e-04,0.0422,1.57,"FAP3"
"NUP210L","NUP210L",6e-04,0.0422,1.74,"FAP3"
"SOD2","SOD2",0.0088,0.0424,3.62,"FAP4"
"TMEM255A","TMEM255A",2e-04,0.0425,2.33,"FAP1"
"EPHA2","EPHA2",2e-04,0.0425,2.21,"FAP1"
"EPHA7...131","EPHA7",6e-04,0.0426,3.47,"FAP3"
"RABGEF1","RABGEF1",0.009,0.0431,1.97,"FAP4"
"TBX18...133","TBX18",6e-04,0.0445,1.21,"FAP3"
"ICAM4","ICAM4",2e-04,0.0456,4.39,"FAP1"
"SCARA5","SCARA5",0.0099,0.0457,3.68,"FAP4"
"DLC1","DLC1",0.0099,0.0457,1.61,"FAP4"
"ANKH","ANKH",0.01,0.0458,3.28,"FAP4"
"LMO3","LMO3",3e-04,0.0462,2.33,"FAP1"
"PBK","PBK",3e-04,0.0462,1.68,"FAP1"
"TBX18...140","TBX18",3e-04,0.0462,1.26,"FAP1"
"PDZRN4","PDZRN4",3e-04,0.0462,2.26,"FAP1"
"AL513166.1","AL513166.1",3e-04,0.0462,1.06,"FAP1"
"RORB","RORB",7e-04,0.0467,2.18,"FAP3"
"PLEKHA6","PLEKHA6",7e-04,0.0468,1.94,"FAP3"
"AL078604.4...145","AL078604.4",0.0106,0.0469,5.99,"FAP4"
"CD44","CD44",0.0106,0.0469,2.93,"FAP4"
"ADGRB3","ADGRB3",7e-04,0.047,2.71,"FAP3"
"TPRG1","TPRG1",7e-04,0.047,1.25,"FAP3"
"SMAD3","SMAD3",7e-04,0.047,1,"FAP3"
"AL033523.1...150","AL033523.1",7e-04,0.0471,1.66,"FAP3"
"C1R","C1R",0.0108,0.0473,4.02,"FAP4"
"RSPO3...152","RSPO3",3e-04,0.0474,1.72,"FAP1"
"DHDH","DHDH",8e-04,0.0474,1.42,"FAP3"
"FBXL7","FBXL7",0.011,0.0476,2.71,"FAP4"
"EFCAB13...155","EFCAB13",0,0.0478,2.23,"FAP2"
"LGI4","LGI4",3e-04,0.0482,1.62,"FAP1"
"CNTN3","CNTN3",3e-04,0.0483,2.58,"FAP1"
"ERRFI1","ERRFI1",0.0116,0.0494,3.49,"FAP4"
"CNTFR","CNTFR",3e-04,0.0496,2.47,"FAP1"
