gene,Yellow_Module,Brown_Module,Blue_Module,FAP_DEGs_BH,UKB_SMR_BH
AAGAB,0,0,1,0,0
AATK,1,0,0,0,0
ABAT,0,0,1,0,0
ABCA1,0,0,1,0,0
ABCB9,0,0,1,0,0
ABCC4,0,1,0,0,0
ABCC9,0,1,0,0,0
ABHD10,0,0,1,0,0
ABI3BP,0,1,0,0,0
ABL2,0,1,0,0,0
ABR,1,0,0,0,0
AC002070.1,0,1,0,0,0
AC002074.1,1,0,0,0,0
AC002480.2,1,0,0,0,0
AC003991.1,0,0,1,0,0
AC004083.1,0,0,1,0,0
AC004160.1,0,0,0,1,0
AC004917.1,0,0,1,1,0
AC005050.3,0,0,1,0,0
AC005208.1,0,0,1,0,0
AC005291.2,0,1,0,0,0
AC005355.1,0,0,1,0,0
AC005670.3,0,0,1,0,0
AC005759.1,0,0,1,1,0
AC006001.2,0,1,0,0,0
AC006059.5,0,0,1,0,0
AC006230.1,0,0,1,0,0
AC006333.1,0,0,1,0,0
AC006460.2,0,0,0,1,0
AC007262.2,0,0,1,0,0
AC007384.1,0,0,1,0,0
AC008050.1,0,0,1,0,0
AC008250.1,0,1,0,0,0
AC008269.1,0,0,1,0,0
AC008393.1,0,0,1,0,0
AC008397.1,0,0,1,0,0
AC008467.1,0,0,1,0,0
AC008691.1,1,0,0,0,0
AC008875.3,0,0,1,0,0
AC009093.2,0,0,1,0,0
AC009226.1,0,1,0,0,0
AC009262.1,0,0,1,1,0
AC009495.1,0,0,1,0,0
AC009522.1,0,0,1,0,0
AC010168.1,0,0,1,0,0
AC011287.1,1,0,0,0,0
AC011511.5,0,0,0,1,0
AC011997.1,0,1,0,0,0
AC012063.1,0,0,1,0,0
AC012363.1,0,0,1,0,0
AC013652.1,0,1,0,0,0
AC016821.1,1,0,0,0,0
AC016831.1,0,1,0,0,0
AC016831.7,0,1,0,0,0
AC017002.5,0,1,0,0,0
AC017101.1,0,1,0,0,0
AC018754.1,0,0,1,0,0
AC018816.1,0,0,1,0,0
AC019117.2,0,0,1,0,0
AC019131.1,0,1,0,0,0
AC020611.2,0,1,0,0,0
AC020637.1,0,0,1,0,0
AC020651.2,0,0,1,0,0
AC021231.1,0,0,1,0,0
AC021851.2,0,0,1,0,0
AC022075.1,0,0,1,0,0
AC022210.2,0,0,1,0,0
AC022276.1,0,0,1,0,0
AC022509.2,0,1,0,0,0
AC022816.1,1,0,0,0,0
AC023355.1,0,0,1,1,0
AC023424.3,0,1,0,0,0
AC023509.6,0,0,1,0,0
AC023790.2,0,0,1,0,0
AC025159.1,0,0,1,0,0
AC025259.1,0,0,1,0,0
AC025470.2,0,0,0,1,0
AC025569.1,0,0,1,0,0
AC025580.2,1,0,0,0,0
AC026254.2,0,0,1,0,0
AC026341.1,0,0,1,0,0
AC027288.3,0,1,0,0,0
AC034195.1,0,0,1,0,0
AC037198.1,0,1,0,0,0
AC068051.1,0,0,1,0,0
AC068282.1,0,0,0,1,0
AC073050.1,1,0,0,0,0
AC073475.1,0,0,1,0,0
AC073529.1,0,0,1,0,0
AC078785.1,0,0,1,0,0
AC078923.1,0,0,1,0,0
AC079298.3,0,0,1,0,0
AC079305.3,0,0,1,0,0
AC079447.1,0,0,1,0,0
AC079465.1,1,0,0,0,0
AC079760.1,0,0,1,0,0
AC079760.2,0,0,1,0,0
AC079793.1,0,0,1,0,0
AC079949.3,0,1,0,0,0
AC083837.1,1,0,0,0,0
AC083855.2,0,1,0,0,0
AC084740.1,0,0,1,0,0
AC084816.1,0,0,1,0,0
AC087280.2,0,1,0,0,0
AC087521.3,0,0,1,0,0
AC087645.2,0,0,1,0,0
AC087854.1,0,0,1,0,0
AC090115.1,0,0,1,0,0
AC090517.5,0,0,1,0,0
AC090518.1,0,0,1,0,0
AC090617.5,0,1,0,0,0
AC090825.1,0,0,1,0,0
AC091078.1,0,0,1,0,0
AC091946.1,0,0,1,0,0
AC092153.1,0,0,1,0,0
AC092574.2,0,0,1,0,0
AC092839.1,0,0,0,0,1
AC092910.3,1,0,0,0,0
AC092944.1,0,0,1,0,0
AC093157.1,0,0,1,0,0
AC093675.1,0,0,1,0,0
AC093801.1,1,0,0,0,0
AC093827.4,0,0,1,0,0
AC093865.1,0,0,1,0,0
AC095032.1,0,0,1,0,0
AC096531.2,0,0,0,1,0
AC096564.1,0,1,0,0,0
AC096711.2,0,1,0,0,0
AC097376.3,0,0,1,0,0
AC097460.1,0,0,1,0,0
AC098617.1,0,0,1,0,0
AC098872.1,0,0,1,0,0
AC099489.1,0,0,1,0,0
AC099560.1,0,1,0,0,0
AC103409.1,0,0,1,0,0
AC104041.1,0,0,1,0,0
AC104123.1,0,1,0,0,0
AC104248.1,0,0,1,0,0
AC104574.2,0,0,1,0,0
AC104758.5,0,0,0,1,0
AC106729.1,1,0,0,0,0
AC106791.1,0,0,1,0,0
AC106798.1,0,1,0,0,0
AC107021.1,0,1,0,0,0
AC107223.1,0,0,1,0,0
AC108519.1,0,0,1,0,0
AC109927.1,0,0,1,1,0
AC110995.1,1,0,0,0,0
AC114971.1,0,0,1,1,0
AC116366.1,0,0,1,0,0
AC116366.2,0,0,1,0,0
AC119674.1,0,1,0,1,0
AC127029.2,1,0,0,0,0
AC135050.3,0,1,0,0,0
AC138305.1,1,0,0,0,0
AC138356.3,0,0,1,0,0
AC138512.1,0,1,0,0,0
AC138627.1,0,0,1,0,0
AC243829.2,0,0,1,0,0
AC243964.3,0,0,1,0,0
ACER2,0,0,1,0,0
ACOT11,1,0,0,0,0
ACOT12,0,0,1,1,0
ACOT13,0,0,1,0,0
ACSL1,0,1,0,0,0
ACSL3,0,1,0,0,0
ACSL4,0,1,0,0,0
ACTA2,0,0,1,0,0
ACTR3B,0,1,0,0,0
ACVR1C,0,0,1,0,0
ADAM12,1,0,0,0,0
ADAM32,0,0,1,0,0
ADAMTS1,0,1,0,0,0
ADAMTS16,1,0,0,0,0
ADAMTS17,0,1,0,0,0
ADAMTS18,0,0,1,0,0
ADAMTS2,1,0,0,0,0
ADAMTS3,0,1,0,0,0
ADAMTSL1,1,0,0,1,0
ADCY1,0,0,0,1,0
ADCY3,0,0,0,0,1
ADCY8,1,0,0,0,0
ADCY9,0,1,0,0,0
ADGRA3,1,0,0,0,0
ADGRB3,1,0,0,1,0
ADGRD1,0,1,0,0,0
ADGRV1,1,0,0,0,0
ADK,0,1,0,0,0
ADM,0,0,0,1,0
ADPRHL1,1,0,0,0,0
AF117829.1,0,1,0,0,0
AF121898.1,0,0,0,1,0
AF165147.1,0,0,1,1,0
AFAP1,0,1,0,0,0
AFAP1L1,0,0,1,0,0
AFAP1L2,0,0,1,0,0
AFTPH,0,1,0,0,0
AGAP3,0,1,0,0,0
AGBL3,0,0,1,0,0
AGMO,0,0,1,0,0
AGPAT4,1,0,0,0,0
AGPAT5,0,1,0,0,0
AGTR1,0,1,0,0,0
AHCYL2,0,1,0,0,0
AHI1,0,1,0,0,0
AHR,0,1,0,0,0
AHRR,0,0,1,0,0
AIM2,0,0,1,0,0
AK9,0,0,1,0,0
AKR1C1,0,1,0,0,0
AKR1C2,0,1,0,0,0
AL008633.1,0,1,0,0,0
AL022068.1,1,0,0,0,0
AL031428.1,0,0,1,0,0
AL033523.1,0,0,1,1,0
AL034417.2,1,0,0,0,0
AL034417.3,0,0,1,0,0
AL035458.2,0,0,1,0,0
AL049629.1,0,0,1,0,0
AL049828.1,1,0,0,0,0
AL050403.2,0,0,1,0,0
AL078459.1,0,1,0,0,0
AL078604.4,0,0,1,1,0
AL096803.2,0,0,1,0,0
AL109809.5,0,0,1,0,0
AL109824.1,0,0,1,0,0
AL136038.5,0,1,0,0,0
AL136441.1,0,0,1,0,0
AL136442.1,0,0,1,0,0
AL136962.1,1,0,0,0,0
AL136985.3,0,0,1,0,0
AL138720.1,0,1,0,0,0
AL139106.1,0,0,1,0,0
AL139260.1,0,1,0,0,0
AL157371.2,0,0,1,0,0
AL162231.2,0,0,1,0,0
AL162414.1,0,0,1,0,0
AL353135.2,0,0,1,0,0
AL353586.1,0,0,1,0,0
AL354740.1,0,0,1,0,0
AL355304.1,0,0,0,1,0
AL355838.1,0,0,0,1,0
AL357153.2,0,0,1,0,0
AL357507.1,0,0,1,0,0
AL359232.1,0,0,1,0,0
AL359644.1,0,0,1,0,0
AL365214.2,0,1,0,0,0
AL390755.1,0,0,1,0,0
AL390957.1,0,0,1,0,0
AL392086.3,1,0,0,0,0
AL392172.1,1,0,0,0,0
AL445250.1,0,0,0,1,0
AL451070.1,1,0,0,0,0
AL513166.1,0,0,1,1,0
AL583785.1,0,0,1,0,0
AL589935.1,0,1,0,0,0
AL591043.2,0,0,1,0,0
AL603840.1,0,0,1,0,0
AL606807.1,0,0,1,0,0
AL645465.1,0,1,0,0,0
AL807742.1,0,0,1,0,0
ALCAM,0,1,0,0,0
ALDH18A1,0,1,0,0,0
ALG13,0,1,0,0,0
ALG1L9P,0,0,1,0,0
ALKAL2,0,1,0,0,0
ALKBH1,0,1,0,0,0
ALOX12-AS1,0,0,1,0,0
ALPK1,0,0,1,1,0
ALPK2,1,0,0,0,0
AMPD1,0,0,1,0,0
AMPD3,0,0,1,1,0
AMT,0,0,0,0,1
ANGPT1,0,0,0,1,0
ANK1,1,0,0,0,0
ANK3,0,0,0,1,0
ANKFN1,0,0,1,0,0
ANKH,0,1,0,0,0
ANKMY1,0,0,1,0,0
ANKRD17,0,1,0,0,0
ANKRD23,0,0,1,0,0
ANKRD26,0,0,1,0,0
ANKRD39,0,0,1,0,0
ANKRD42,0,0,1,0,0
ANKRD46,0,0,1,0,0
ANKS1B,0,0,1,0,0
ANO3,0,1,0,0,0
ANO5,1,0,0,0,0
ANPEP,1,0,0,0,0
AOPEP,1,0,0,0,0
AP000317.1,0,0,1,0,0
AP000446.1,0,0,1,0,0
AP000787.1,0,0,1,0,0
AP001042.1,0,0,1,0,0
AP001924.1,0,0,0,1,0
AP001977.1,0,0,0,1,0
AP002381.2,0,0,1,0,0
AP002518.1,0,0,1,0,0
AP002518.2,0,0,1,0,0
AP002762.2,0,1,0,0,0
AP002784.1,0,1,0,0,0
AP002954.1,0,0,1,0,0
AP002989.1,0,0,1,0,0
AP1S2,0,1,0,0,0
AP1S3,0,0,1,0,0
APCDD1L,0,1,0,0,0
APCDD1L-DT,0,0,0,1,0
APOE,1,0,0,0,0
APOLD1,0,0,1,0,0
AQP1,1,0,0,0,0
AQP9,0,0,1,0,0
ARAP2,1,0,0,0,0
ARC,0,1,0,0,0
AREG,0,1,0,0,0
ARFGEF3,0,0,1,0,0
ARHGAP15,1,0,0,0,0
ARHGAP20,1,0,0,0,0
ARHGAP23,0,1,0,0,0
ARHGAP26,0,1,0,0,0
ARHGAP27,0,0,1,0,0
ARHGAP28,1,0,0,0,0
ARHGAP31,0,1,0,0,0
ARHGEF3,0,0,1,0,0
ARID3A,0,0,1,0,0
ARID5B,0,1,0,0,0
ARL4C,0,1,0,1,0
ARMC9,0,0,1,0,0
ARNTL2,1,0,0,0,0
ARRDC3-AS1,0,0,1,0,0
ARRDC4,0,1,0,0,0
ARSB,0,1,0,0,0
ARSJ,0,1,0,0,0
ASAP1,0,1,0,0,0
ASB15,0,0,1,0,0
ASCC3,0,1,0,0,0
ASS1,0,0,1,0,0
ATP11C,0,1,0,0,0
ATP13A3,0,1,0,0,0
ATP1A1,0,1,0,0,0
ATP1B3,0,1,0,0,0
ATP2B1,0,1,0,0,0
ATP2B1-AS1,0,1,0,0,0
ATP6AP1L,0,0,1,0,0
ATP6V1E2,0,0,1,0,0
ATXN1,1,0,0,0,0
ATXN10,0,0,1,0,0
ATXN7L1,0,0,1,0,0
AUH,0,0,1,0,0
AUTS2,1,0,0,0,0
AVEN,0,1,0,0,0
AXL,0,1,0,0,0
AZIN1-AS1,0,0,1,0,0
B2M,1,0,0,0,0
BABAM2,0,0,1,0,0
BACH2,0,1,0,0,0
BANP,0,1,0,0,0
BASP1,0,1,0,0,0
BATF,0,0,1,0,0
BCAT1,1,0,0,0,0
BCL2L11,1,0,0,0,0
BCL6,0,0,1,0,0
BCOR,0,0,1,0,0
BCR,0,1,0,0,0
BDKRB2,1,0,0,0,0
BDNF,1,0,0,0,0
BHLHE40,0,0,0,1,0
BHLHE40-AS1,0,0,1,0,0
BHLHE41,0,1,0,0,0
BICD1,0,1,0,0,0
BICDL1,0,0,1,0,0
BID,0,1,0,0,0
BIRC3,0,1,0,0,0
BMERB1,0,1,0,0,0
BMP2,0,1,0,0,0
BMP6,1,0,0,0,0
BRCA2,0,0,1,0,0
BRIP1,0,0,1,0,0
BST2,1,0,0,0,0
BTBD11,1,0,0,0,0
BTBD2,0,0,1,0,0
BX322234.1,0,1,0,0,0
C11orf80,0,0,0,1,0
C11orf96,0,1,0,0,0
C12orf60,0,0,1,0,0
C14orf39,0,0,1,0,0
C17orf58,0,1,0,0,0
C1GALT1,1,0,0,0,0
C1orf143,0,0,1,0,0
C1QTNF1,0,1,0,0,0
C1R,1,0,0,0,0
C2,0,0,1,0,0
C2CD2,0,1,0,0,0
C2CD6,0,0,1,0,0
C2orf66,0,1,0,0,0
C2orf88,0,0,1,0,0
C3orf52,0,1,0,0,0
C4A,0,0,0,0,1
C4B,0,0,0,0,1
C5AR1,0,0,1,0,0
C5orf56,0,0,1,0,0
C7,1,0,0,0,0
C9,0,0,1,0,0
C9orf153,0,0,1,0,0
C9orf24,0,0,1,0,0
C9orf72,0,1,0,0,0
CA3,1,0,0,0,0
CABLES1,0,0,1,0,0
CACHD1,0,1,0,0,0
CACNA1A,0,0,1,0,0
CACNA1C,0,0,1,1,0
CACNA2D1,0,1,0,0,0
CACNB4,0,1,0,0,0
CACNG7,0,0,1,0,0
CADPS,0,0,1,0,0
CADPS2,1,0,0,0,0
CAMK1D,0,1,0,0,0
CAMK2D,0,1,0,0,0
CAMKK1,0,0,0,1,0
CAPN3,0,0,1,0,0
CAPN6,0,0,0,1,0
CARMIL1,0,1,0,0,0
CARNMT1,0,1,0,0,0
CARS2,0,0,1,0,0
CASC1,0,0,1,0,0
CASC15,0,0,1,1,0
CASP10,0,0,1,0,0
CASP8,0,0,1,0,0
CATSPERB,0,0,1,0,0
CATSPERE,0,1,0,0,0
CAV1,1,0,0,0,0
CAV3,0,0,1,0,0
CAVIN4,0,1,0,0,0
CBLB,0,1,0,0,0
CCBE1,1,0,0,0,0
CCDC138,0,1,0,0,0
CCDC141,0,0,1,0,0
CCDC148,0,0,1,0,0
CCDC15,0,0,1,0,0
CCDC152,0,0,1,0,0
CCDC18,0,1,0,0,0
CCDC181,0,0,1,0,0
CCDC192,0,0,1,0,0
CCDC200,0,0,1,0,0
CCDC3,0,0,1,0,0
CCDC36,0,0,0,0,1
CCDC39,0,0,1,0,0
CCDC69,0,0,1,0,0
CCDC71L,0,0,1,0,0
CCDC85A,0,0,1,1,0
CCDC88C,0,0,1,0,0
CCDC92,0,0,0,0,1
CCHCR1,0,0,0,0,1
CCL2,0,1,0,0,0
CCL20,1,0,0,0,0
CCL3,0,1,0,0,0
CCL3L1,0,1,0,0,0
CCL4L2,0,1,0,0,0
CCN2,0,1,0,0,0
CCNG2,0,0,1,0,0
CCR7,1,0,0,0,0
CCSER2,0,1,0,0,0
CD226,0,0,1,0,0
CD247,0,0,1,0,0
CD38,0,0,1,0,0
CD4,0,0,1,0,0
CD44,0,1,0,0,0
CD55,0,1,0,0,0
CD82,1,0,0,0,0
CDC27,0,0,1,0,0
CDC42BPA,0,0,1,0,0
CDC7,0,0,1,0,0
CDCP1,0,0,1,0,0
CDH11,1,0,0,0,0
CDH17,0,0,1,0,0
CDH2,0,1,0,0,0
CDH23,1,0,0,0,0
CDK14,1,0,0,0,0
CDK17,0,1,0,0,0
CDK6,1,0,0,0,0
CDK8,0,1,0,0,0
CDKL1,0,1,0,0,0
CDON,1,0,0,0,0
CDRT1,0,0,1,0,0
CEMIP,1,0,0,0,0
CENPK,0,0,0,0,1
CENPO,0,0,1,0,1
CEP135,0,0,1,0,0
CEP152,0,1,0,0,0
CERS6,1,0,0,0,0
CES1,0,0,0,1,0
CFAP161,0,1,0,0,0
CFAP299,1,0,0,0,0
CFAP61,0,0,1,0,0
CFAP69,1,0,0,0,0
CFAP70,0,0,1,0,0
CFI,1,0,0,0,0
CFLAR,0,1,0,0,0
CFLAR-AS1,0,1,0,0,0
CGNL1,0,1,0,1,0
CHAF1B,0,0,1,0,0
CHD1,0,1,0,0,0
CHD7,1,0,0,0,0
CHIC2,0,1,0,0,0
CHRM3,1,0,0,0,0
CHST11,1,0,0,0,0
CHST15,1,0,0,0,0
CHST7,0,1,0,0,0
CHSY1,0,1,0,0,0
CHSY3,0,1,0,0,0
CIP2A,0,1,0,0,0
CKMT2-AS1,0,0,1,0,0
CLCN1,0,0,1,0,0
CLDN11,0,0,1,1,0
CLEC11A,0,0,0,1,0
CLIC5,1,0,0,0,0
CLIC6,1,0,0,0,0
CLIP1,0,1,0,0,0
CLMP,0,1,0,0,0
CLSTN2,0,1,0,0,0
CLTCL1,0,0,1,0,0
CLU,1,0,0,0,0
CLVS1,0,0,1,0,0
CMIP,1,0,0,0,0
CMSS1,0,1,0,0,0
CMTM7,0,0,1,0,0
CNKSR3,1,0,0,0,0
CNNM2,0,0,1,0,0
CNOT2,0,1,0,0,0
CNTFR,0,0,0,1,0
CNTN3,0,0,0,1,0
CNTNAP3B,1,0,0,0,0
COBLL1,0,1,0,0,0
COL21A1,0,0,1,1,0
COL23A1,0,0,1,0,0
COL24A1,1,0,0,0,0
COL27A1,1,0,0,0,0
COL8A1,0,0,0,0,1
COLEC12,0,0,0,1,0
CORO1C,0,1,0,0,0
COTL1,0,1,0,1,0
COX10,0,1,0,0,0
CP,1,0,0,1,0
CPB1,0,0,1,0,0
CPE,0,1,0,0,0
CPEB4,1,0,0,0,0
CPNE4,1,0,0,0,0
CPNE5,0,0,1,0,0
CPNE8,0,1,0,0,0
CPNE8-AS1,0,0,1,0,0
CR1L,0,1,0,0,0
CREB3L2,1,0,0,0,0
CREB5,0,1,0,0,0
CRIM1,1,0,0,0,0
CRISPLD1,0,0,0,1,0
CRISPLD2,0,0,0,0,1
CRTAC1,1,0,0,0,0
CRY2,0,0,0,1,0
CRYBG3,0,1,0,0,0
CRYM,0,1,0,1,0
CSF1R,0,0,1,1,0
CSGALNACT1,1,0,0,0,0
CSMD2,0,1,0,0,0
CSPP1,0,1,0,0,0
CTBP2,0,1,0,0,0
CTC-308K20.4,0,0,0,0,1
CTNNAL1,0,1,0,0,0
CTSC,0,1,0,0,0
CTSK,0,0,0,0,1
CTSL,0,1,0,0,0
CTSS,0,1,0,0,0
CTTNBP2,1,0,0,0,0
CWF19L1,0,0,0,0,1
CXCL1,0,1,0,0,0
CXCL2,0,1,0,1,0
CXCL3,0,1,0,0,0
CXCL8,0,1,0,0,0
CYCS,0,1,0,0,0
CYLD,1,0,0,0,0
CYP1B1,0,1,0,0,0
CYP1B1-AS1,0,0,1,0,0
CYP21A2,0,0,0,0,1
CYP27C1,1,0,0,0,0
CYP7B1,0,1,0,0,0
CYTH1,0,1,0,0,0
CYTH3,0,1,0,0,0
CYTIP,1,0,0,0,0
CYTOR,0,1,0,0,0
DAB1,0,0,1,0,0
DAB2,0,1,0,0,0
DACT1,0,0,0,1,0
DAPK2,1,0,0,0,0
DARS2,0,0,1,0,0
DBP,0,0,0,1,0
DCAF10,0,1,0,0,0
DCBLD1,1,0,0,0,0
DCLK1,0,1,0,0,0
DDAH1,1,0,0,0,0
DDHD1,0,1,0,0,0
DDR2,0,0,1,0,0
DDX10,0,1,0,0,0
DDX60,0,0,1,0,0
DEC1,1,0,0,0,0
DENND3,1,0,0,0,0
DGKD,0,1,0,0,0
DGKG,1,0,0,0,0
DGKH,0,1,0,0,0
DGKI,0,0,1,0,0
DHDH,0,0,1,1,0
DHRS3,0,0,1,0,0
DIAPH3,1,0,0,0,0
DIO2,0,1,0,0,0
DIPK1A,0,1,0,0,0
DIRC3,1,0,0,1,0
DISC1,0,0,1,0,0
DISP1,1,0,0,0,0
DKK2,0,0,0,1,0
DKK3,0,0,0,1,0
DLG2,0,0,1,0,0
DLGAP1,0,1,0,0,0
DLL3,0,0,1,0,0
DNAH11,0,0,1,0,0
DNAH12,0,0,1,0,0
DNAH17,1,0,0,0,0
DNAH2,0,0,1,0,0
DNAH3,0,0,1,0,0
DNAJB14,0,0,1,0,0
DNAJC18,0,0,1,0,0
DNAJC6,0,1,0,0,0
DNAJC9,0,0,1,0,0
DNASE1L3,1,0,0,0,0
DNMBP,0,1,0,0,0
DOCK3,1,0,0,0,0
DOCK8,0,0,1,0,0
DOK5,0,1,0,0,0
DOP1B,0,0,1,0,0
DPF3,0,1,0,0,0
DPH6,0,0,1,1,0
DPP4,0,1,0,0,0
DRAIC,0,0,1,0,0
DRAM1,0,1,0,0,0
DSE,0,1,0,0,0
DUSP10,1,0,0,0,0
DUSP16,0,1,0,0,0
DUSP6,0,1,0,0,0
EBF4,0,1,0,0,0
ECRG4,1,0,0,0,0
ECSCR,0,0,1,0,0
EDIL3,1,0,0,0,0
EDNRB,0,1,0,0,0
EED,0,1,0,0,0
EEF1AKMT1,0,0,1,0,0
EFCAB13,0,0,1,1,0
EFCAB2,0,0,1,0,0
EFEMP1,0,0,0,0,1
EFL1,1,0,0,0,0
EFNA5,0,1,0,1,0
EFNB2,1,0,0,1,0
EGF,1,0,0,0,0
EGLN1,0,1,0,0,0
EHD4,0,1,0,0,0
EIF1B-AS1,0,0,1,0,0
EIF2AK3,0,1,0,0,0
EIF2B3,0,0,1,0,0
EIF4A3,0,1,0,0,0
EIF4E,0,1,0,0,0
ELF1,0,1,0,0,0
ELK3,0,1,0,0,0
ELL2,0,1,0,0,0
ELMO1,0,0,1,0,0
ELMOD1,0,0,0,1,0
ELOVL6,0,1,0,0,0
ELOVL7,1,0,0,0,0
ELP1,0,0,1,0,0
EML1,1,0,0,0,0
EML4,0,1,0,0,0
EML6,0,0,1,0,0
ENAH,1,0,0,0,0
ENG,0,0,1,0,0
ENPEP,0,1,0,0,0
ENPP1,0,1,0,0,0
ENTPD7,1,0,0,0,0
EPAS1,0,1,0,0,0
EPB41,1,0,0,0,0
EPB41L1,1,0,0,0,0
EPB41L3,0,1,0,0,0
EPHA1-AS1,0,0,1,0,0
EPHA2,0,1,0,1,0
EPHA3,0,0,0,1,0
EPHA4,1,0,0,0,0
EPHA6,1,0,0,1,0
EPHA7,0,0,0,1,0
EPHB1,1,0,0,0,0
EPS8,1,0,0,0,0
ERCC8,0,1,0,0,0
EREG,1,0,0,0,0
ERI2,0,0,1,1,0
ERN1,0,1,0,0,0
ERO1A,0,1,0,0,0
ERRFI1,1,0,0,0,0
ESR2,0,0,1,0,0
ESRRB,1,0,0,0,0
ETS1,0,1,0,0,0
ETS2,0,1,0,0,0
ETV1,0,0,1,0,0
ETV3,0,1,0,0,0
EVL,0,1,0,0,0
EXT1,0,1,0,0,0
EYA1,0,0,1,1,0
EYA4,1,0,0,0,0
EZH2,0,1,0,0,0
EZR,1,0,0,0,0
F5,1,0,0,0,0
F8,0,1,0,0,0
FADS1,0,0,0,0,1
FADS2,0,0,0,0,1
FAM104A,0,0,1,0,0
FAM107A,0,0,1,0,0
FAM107B,0,1,0,0,0
FAM110B,0,1,0,0,0
FAM124A,0,0,1,0,0
FAM126A,0,1,0,0,0
FAM135B,1,0,0,0,0
FAM151B,0,0,1,0,0
FAM155A,1,0,0,0,0
FAM160A1,0,1,0,0,0
FAM171A1,0,1,0,0,0
FAM171B,0,1,0,0,0
FAM180A,0,1,0,0,0
FAM227B,0,0,1,0,0
FAM234B,0,0,1,0,0
FAM241A,0,1,0,0,0
FANK1,0,0,1,0,0
FAR2,0,1,0,0,0
FARS2,0,0,1,0,0
FARSA,0,0,0,0,1
FAT1,1,0,0,0,0
FAT4,0,1,0,0,0
FBLIM1,0,0,1,0,0
FBXL13,0,0,1,0,0
FBXL18,0,0,1,0,0
FBXL7,0,1,0,0,0
FBXO10,0,1,0,0,0
FBXO32,1,0,0,0,0
FBXO34,0,1,0,0,0
FBXO39,0,0,1,0,0
FBXO40,0,0,1,0,0
FBXO5,0,0,1,0,0
FBXW7,0,1,0,0,0
FCER1G,0,0,1,0,0
FCER2,0,0,0,0,1
FER,0,1,0,0,0
FERMT1,0,1,0,0,0
FGF10,1,0,0,0,0
FGF2,0,1,0,0,0
FGFR1,0,1,0,0,0
FGGY,0,0,1,0,0
FILIP1,0,1,0,0,0
FKTN,0,0,1,0,0
FLNB,0,1,0,0,0
FLRT2,0,1,0,0,0
FLVCR2,0,0,0,0,1
FMNL2,0,1,0,0,0
FN1,1,0,0,0,0
FNDC3A,0,1,0,0,0
FNDC3B,0,1,0,0,0
FNIP2,0,1,0,0,0
FOXC1,1,0,0,0,0
FOXP1,0,1,0,0,0
FRMD6,0,1,0,0,0
FRY,0,0,0,0,1
FSIP1,0,1,0,0,0
FSIP2-AS1,0,0,1,0,0
FST,0,1,0,0,0
FUT10,0,0,1,0,0
FXN,0,1,0,0,0
FXYD5,0,0,0,0,1
FYB1,0,0,1,0,0
FYN,0,1,0,0,0
GABBR2,0,0,1,0,0
GABPB1,0,1,0,0,0
GADL1,0,0,1,0,0
GALNT10,1,0,0,0,0
GALNT18,1,0,0,0,0
GALNT2,0,1,0,0,0
GALNT3,0,0,1,0,0
GALNT6,1,0,0,0,0
GAN,0,1,0,0,0
GANC,0,0,1,0,0
GAS6,0,0,0,1,0
GBE1,0,1,0,0,0
GBP1,0,1,0,0,0
GBP2,0,1,0,0,0
GBP3,0,1,0,0,0
GCFC2,0,1,0,0,0
GCLM,0,1,0,0,0
GCNA,0,1,0,0,0
GCNT4,0,1,0,0,0
GDAP1,1,0,0,0,0
GEM,0,1,0,0,0
GEN1,0,1,0,0,0
GFOD1,0,1,0,0,0
GFPT2,0,1,0,0,0
GHRHR,0,0,1,0,0
GJA1,0,1,0,0,0
GK,1,0,0,0,0
GLCCI1,1,0,0,0,0
GLI1,0,0,0,1,0
GLI2,0,0,0,1,0
GLIPR1,0,1,0,0,0
GLIS3,0,1,0,0,0
GLRA3,0,1,0,0,0
GLS,0,1,0,0,0
GLYATL2,0,1,0,0,0
GMDS,1,0,0,0,0
GMPPB,0,0,0,0,1
GNA13,0,1,0,0,0
GNAI1,0,1,0,0,0
GNAL,0,0,1,0,0
GNAQ,0,1,0,0,0
GNG12,0,1,0,0,0
GNG12-AS1,0,0,1,0,0
GNG2,0,0,0,1,0
GNG4,0,0,1,0,0
GNG7,0,0,1,0,0
GNL3,0,0,0,0,1
GOLM1,1,0,0,0,0
GOLPH3L,0,0,1,0,0
GPC5,1,0,0,0,0
GPC6,1,0,0,0,0
GPCPD1,0,1,0,0,0
GPR1,1,0,0,0,0
GPR156,0,0,1,0,0
GPR176,1,0,0,0,0
GPRC5A,0,1,0,0,0
GPRC5D-AS1,0,0,1,0,0
GPRIN3,1,0,0,0,0
GRB10,0,1,0,0,0
GRIN2A,1,0,0,0,0
GRIP1,1,0,0,0,0
GRM5,1,0,0,0,0
GRM7,0,0,0,1,0
GSK3B,1,0,0,0,0
GSR,0,0,1,0,0
GSTO2,0,0,1,0,0
GSTT2B,0,0,0,1,0
GTF2A1,0,0,1,0,0
GTF2F2,0,1,0,0,0
GTF2IRD1,1,0,0,0,0
GUCY1A2,0,1,0,0,0
GYS1,0,0,1,0,0
HAND2,0,0,0,1,0
HAND2-AS1,0,0,0,1,0
HAS1,1,0,0,0,0
HAS2-AS1,0,0,1,0,0
HAUS6,0,0,1,0,0
HAVCR2,0,0,1,0,0
HBEGF,1,0,0,0,0
HCG17,0,0,0,0,1
HCG22,0,0,0,0,1
HCG23,0,0,0,0,1
HCG27,0,0,0,0,1
HCG4,0,0,0,0,1
HCG4P3,0,0,0,0,1
HCLS1,0,0,1,0,0
HCP5,0,0,1,0,0
HDAC1,0,0,1,0,0
HDAC2-AS2,0,0,1,0,0
HDAC5,0,0,0,1,0
HDX,0,1,0,0,0
HECTD2,0,1,0,0,0
HECW2,1,0,0,0,0
HERC4,0,1,0,0,0
HHIP,0,0,0,1,0
HHIPL1,0,0,0,0,1
HIBADH,0,0,0,0,1
HIF1A,1,0,0,0,0
HIF3A,0,0,1,0,0
HIPK2,1,0,0,0,0
HIPK4,0,0,1,0,0
HIST1H1C,0,0,0,0,1
HIST1H2BD,0,0,1,0,0
HIST1H2BN,0,0,1,0,0
HIVEP1,0,1,0,0,0
HIVEP2,0,1,0,0,0
HIVEP3,0,1,0,0,0
HK2,0,1,0,0,0
HLA-B,1,0,0,0,0
HLA-DPB1,0,0,0,0,1
HLA-E,0,0,0,0,1
HLA-K,0,0,0,0,1
HLA-U,0,0,0,0,1
HMCN1,1,0,0,0,0
HMGA2,1,0,0,0,0
HMOX1,0,1,0,0,0
HMOX2,0,0,1,0,0
HOGA1,0,0,1,0,0
HOMER1,0,1,0,0,0
HOMER2,0,0,1,0,0
HOOK2,0,0,1,0,0
HPCAL1,0,1,0,0,0
HPN,0,0,1,0,0
HPSE2,0,0,0,1,0
HRH1,0,1,0,0,0
HS1BP3,0,0,1,0,0
HS3ST2,1,0,0,0,0
HS6ST3,1,0,0,0,0
HSD11B1,0,1,0,0,0
HSD17B7,0,0,1,0,0
HSH2D,0,0,1,0,0
HSPA12A,0,1,0,0,0
HTRA1,1,0,0,0,0
ICA1,1,0,0,0,0
ICAM1,0,0,0,1,0
ICAM2,1,0,0,0,0
ICAM4,0,0,0,1,0
ICAM5,0,0,0,1,0
ICE2,0,0,1,0,0
ID2,1,0,0,0,0
ID4,0,0,0,1,0
IER3,0,1,0,0,0
IFI27,1,0,0,0,0
IFI30,0,0,1,0,0
IFI44,0,0,1,0,0
IFI44L,0,0,1,0,0
IFI6,1,0,0,0,0
IFIT3,0,0,1,0,0
IFNAR2,0,1,0,0,0
IFNG-AS1,1,0,0,0,0
IFT140,0,0,0,0,1
IGF2BP2,0,1,0,0,0
IGFBP3,0,0,0,1,0
IGFBP5,1,0,0,0,0
IKZF3,0,0,1,0,0
IL10,0,0,1,0,0
IL12RB1,0,0,1,0,0
IL12RB2,0,0,1,0,0
IL15,1,0,0,0,0
IL18R1,0,1,0,0,0
IL19,0,0,1,0,0
IL1R1,0,1,0,0,0
IL1R2,0,0,1,0,0
IL1RL1,0,1,0,0,0
IL1RL2,0,1,0,0,0
IL21R,0,0,1,0,0
IL33,0,1,0,0,0
IL34,0,0,1,0,0
IL3RA,0,0,1,0,0
IL4R,0,1,0,0,0
IL6,0,1,0,0,0
IL6R-AS1,0,1,0,0,0
INHBA,1,0,0,0,0
INPP4B,1,0,0,0,0
INSIG1,0,1,0,0,0
INTS2,0,0,1,0,0
IQCB1,0,1,0,0,0
IQCH,0,0,1,0,1
IQCH-AS1,0,0,1,0,0
IQCK,0,0,1,0,0
IRAK2,0,1,0,0,0
ISG20,0,1,0,0,0
ISM1,0,1,0,1,0
ITGA3,0,0,1,0,0
ITGA6,1,0,0,0,0
ITGA7,0,0,1,0,0
ITGA9,0,0,1,0,0
ITGAM,0,0,1,0,0
ITGB1-DT,0,0,1,0,0
ITGB3,0,1,0,0,0
ITGB6,0,0,1,0,0
ITGB8,1,0,0,0,0
ITGBL1,0,1,0,0,0
ITIH4,0,0,1,0,0
ITM2C,0,0,0,1,0
ITPKB,0,1,0,0,0
ITPR1,1,0,0,0,0
ITPR2,1,0,0,0,0
ITPRIP,0,1,0,0,0
JAG1,0,1,0,0,0
JARID2,0,1,0,0,0
JMJD1C,0,1,0,0,0
JMY,0,1,0,0,0
JPH1,0,1,0,0,0
JPH2,0,0,1,0,0
KALRN,1,0,0,0,0
KANK1,0,0,1,0,0
KANSL1L,0,0,1,0,0
KAZN,1,0,0,1,0
KCNB1,0,0,1,0,0
KCND2,0,0,0,1,0
KCNE1,0,0,1,0,0
KCNH1,0,0,1,1,0
KCNIP1,0,0,0,1,0
KCNK1,0,1,0,0,0
KCNQ1,0,0,1,0,0
KCNQ1OT1,0,0,0,1,0
KCNQ3,1,0,0,0,0
KCNQ5,1,0,0,0,0
KCP,0,0,1,0,0
KCTD1,0,0,1,0,0
KCTD20,0,1,0,0,0
KCTD8,0,1,0,0,0
KDM7A,0,1,0,0,0
KHDRBS3,0,1,0,0,0
KIAA0319,0,0,1,0,0
KIAA0408,1,0,0,0,0
KIAA0586,0,0,1,0,0
KIAA1217,1,0,0,0,0
KIAA1549L,0,1,0,0,0
KIAA1671,1,0,0,0,0
KIF13B,0,1,0,0,0
KIF14,0,0,1,0,0
KIF1BP,0,0,1,0,0
KIF21A,0,1,0,0,0
KIF25,0,0,1,0,0
KIF26B,0,0,1,0,0
KITLG,0,1,0,0,0
KLF3,0,1,0,0,0
KLF5,1,0,0,0,0
KLHDC8B,0,0,0,0,1
KLHL29,0,1,0,0,0
KLHL3,0,1,0,0,0
KLHL8,0,0,1,0,0
KLRD1,0,0,1,0,0
KYNU,1,0,0,0,0
L2HGDH,0,0,1,0,0
L3MBTL1,0,0,1,0,0
L3MBTL4,1,0,0,1,0
LAMA4,0,1,0,0,0
LAMC1,0,1,0,0,0
LAMC2,0,0,1,0,0
LAMP3,0,0,1,0,0
LAPTM4B,0,1,0,0,0
LARGE1,0,1,0,0,0
LARP1B,0,1,0,0,0
LDB2,0,0,1,0,0
LDHAL6A,0,0,1,0,0
LDHC,0,0,1,0,0
LEKR1,0,0,1,0,0
LEPR,0,0,1,0,0
LFNG,0,0,0,1,0
LGI4,0,0,0,1,0
LGR4,1,0,0,0,0
LGR5,0,0,1,0,0
LGR6,0,0,1,0,0
LHFPL2,0,1,0,0,0
LHFPL6,0,1,0,0,0
LIF,0,1,0,0,0
LIMK2,0,0,1,0,0
LIN7A,0,1,0,0,0
LINC00159,0,0,1,0,0
LINC00174,0,0,1,0,0
LINC00271,0,0,1,0,0
LINC00310,0,0,1,0,0
LINC00393,0,0,1,0,0
LINC00461,0,0,1,0,0
LINC00467,0,0,1,0,0
LINC00472,0,1,0,0,0
LINC00513,0,1,0,0,0
LINC00535,0,0,1,0,0
LINC00536,0,1,0,0,0
LINC00551,0,0,1,0,0
LINC00571,0,1,0,0,0
LINC00598,1,0,0,0,0
LINC00603,0,0,1,0,0
LINC00607,1,0,0,0,0
LINC00620,0,0,1,0,0
LINC00639,0,0,1,0,0
LINC00645,0,0,1,0,0
LINC00670,1,0,0,0,0
LINC00707,1,0,0,0,0
LINC00880,0,0,1,1,0
LINC00884,0,1,0,0,0
LINC00886,0,0,1,0,0
LINC00894,0,0,1,0,0
LINC00907,0,0,1,0,0
LINC00910,1,0,0,0,0
LINC00944,1,0,0,0,0
LINC01004,0,0,1,0,0
LINC01006,0,0,1,0,0
LINC01010,1,0,0,0,0
LINC01013,0,0,1,0,0
LINC01031,0,0,1,0,0
LINC01033,0,0,1,0,0
LINC01060,1,0,0,0,0
LINC01088,0,0,1,0,0
LINC01091,0,0,1,0,0
LINC01115,1,0,0,0,0
LINC01138,0,0,1,0,0
LINC01208,1,0,0,0,0
LINC01239,1,0,0,0,0
LINC01257,0,0,1,0,0
LINC01277,0,0,1,0,0
LINC01344,0,0,1,0,0
LINC01348,0,1,0,0,0
LINC01358,0,0,1,0,0
LINC01376,0,0,1,0,0
LINC01393,0,0,1,0,0
LINC01476,0,0,1,0,0
LINC01482,0,0,1,0,0
LINC01483,0,0,1,0,0
LINC01500,0,0,1,0,0
LINC01504,0,0,1,0,0
LINC01509,0,0,1,0,0
LINC01572,0,0,1,0,0
LINC01588,0,0,1,0,0
LINC01602,0,1,0,0,0
LINC01605,1,0,0,0,0
LINC01619,0,0,1,0,0
LINC01705,1,0,0,0,0
LINC01762,0,0,1,0,0
LINC01807,0,0,1,0,0
LINC01934,0,0,1,0,0
LINC01993,0,0,1,0,0
LINC02018,1,0,0,0,0
LINC02054,0,0,1,0,0
LINC02062,0,1,0,0,0
LINC02133,0,0,1,0,0
LINC02150,0,0,1,0,0
LINC02224,1,0,0,0,0
LINC02245,0,0,1,1,0
LINC02246,0,1,0,0,0
LINC02284,0,0,1,0,0
LINC02328,0,0,1,0,0
LINC02388,0,0,1,0,0
LINC02542,0,0,1,0,0
LINC02613,0,0,1,0,0
LINC02615,0,0,1,0,0
LINC02649,0,0,1,0,0
LINC02664,0,0,1,0,0
LINC02798,0,0,1,0,0
LIPA,0,0,1,0,0
LIPE-AS1,0,0,1,0,0
LIPG,0,1,0,0,0
LIX1-AS1,0,0,1,0,0
LLGL2,0,0,1,0,0
LMCD1,0,1,0,0,0
LMNB1,0,0,1,0,0
LMO3,0,0,0,1,0
LMO7,1,0,0,0,0
LMOD1,0,0,1,0,0
LNCSRLR,0,1,0,0,0
LNX1,1,0,0,0,0
LONRF2,0,1,0,0,0
LONRF3,0,1,0,0,0
LPCAT2,0,0,1,0,0
LPL,0,1,0,0,0
LRATD1,0,0,0,1,0
LRCH1,0,1,0,0,0
LRFN5,0,1,0,0,0
LRGUK,0,0,1,0,0
LRMDA,1,0,0,1,0
LRP12,0,1,0,0,0
LRP1B,1,0,0,1,0
LRP5L,0,1,0,0,0
LRRC2,1,0,0,0,0
LRRC49,0,1,0,0,0
LRRC8B,0,1,0,0,0
LRRC8C,0,1,0,0,0
LRRFIP1,0,1,0,0,0
LRRK1,0,0,1,0,0
LSMEM1,0,0,1,0,0
LTBP1,0,1,0,0,0
LUCAT1,0,0,1,1,0
LY96,0,0,1,0,0
LYN,1,0,0,0,0
LYRM1,0,0,1,1,0
LYRM4,0,1,0,0,0
LYVE1,1,0,0,0,0
LZTFL1,0,0,1,0,0
MACC1,1,0,0,0,0
MAGI1,1,0,0,0,0
MAGI2,1,0,0,0,0
MAML2,1,0,0,0,0
MAMLD1,0,1,0,0,0
MANBA,0,0,1,0,0
MAOA,0,0,1,0,0
MAP1B,0,1,0,0,0
MAP3K20,0,1,0,0,0
MAP3K5,0,0,0,1,0
MAP3K7CL,0,0,1,0,0
MAP3K8,1,0,0,0,0
MAP4K4,0,1,0,0,0
MAP7,0,0,1,0,0
MAP7D2,0,0,1,0,0
MAPK10,1,0,0,0,0
MAPK8,0,1,0,0,0
MAPK9,0,0,1,0,0
MAPT,0,0,1,0,0
MARCH3,0,1,0,0,0
MARCKS,0,0,0,1,0
MARK1,0,1,0,0,0
MAST1,0,0,1,0,0
MAST2,0,1,0,0,0
MAT2A,0,1,0,0,0
MB21D2,0,1,0,0,0
MBP,0,0,1,0,0
MCC,0,1,0,0,0
MCF2,0,0,1,0,0
MCF2L,0,0,1,0,0
MCM5,0,0,1,0,0
MCOLN3,0,0,0,1,0
MCPH1,0,0,1,0,0
MCTP2,1,0,0,0,0
MCUB,0,1,0,0,0
MDC1,0,0,1,0,0
MDFIC,0,1,0,0,0
ME1,0,1,0,0,0
ME2,0,1,0,0,0
ME3,0,1,0,0,0
MECOM,0,0,0,1,0
MEDAG,0,1,0,0,0
MEG3,0,1,0,0,0
MEG8,0,1,0,0,0
MEIS2,0,1,0,0,0
MEPCE,0,0,0,1,0
MERTK,0,0,1,0,0
MET,1,0,0,0,0
METTL2B,0,0,1,0,0
MFHAS1,0,1,0,0,0
MGAT4C,1,0,0,0,0
MGST1,0,1,0,0,0
MIA3,0,0,0,0,1
MID1,0,1,0,0,0
MIR155HG,0,1,0,0,0
MIR181A1HG,0,1,0,0,0
MIR193BHG,0,1,0,0,0
MIR222HG,0,1,0,0,0
MIR3936HG,0,0,1,0,0
MIR4435-2HG,0,1,0,0,0
MIR924HG,1,0,0,0,0
MMP1,1,0,0,0,0
MMP10,0,1,0,0,0
MMP12,0,1,0,0,0
MMP3,1,0,0,0,0
MN1,0,0,1,0,0
MOB1B,0,1,0,0,0
MPP6,0,1,0,0,0
MPP7,1,0,0,0,0
MPPED2,0,0,0,1,0
MPZL1,0,1,0,0,0
MRC1,1,0,0,0,0
MRNIP,0,0,1,0,0
MRPS35,0,0,1,0,0
MSANTD3,0,1,0,0,0
MSC-AS1,1,0,0,0,0
MSH4,0,0,1,0,0
MSI2,0,1,0,0,0
MSRA,0,1,0,0,0
MSX1,0,0,0,0,1
MTBP,0,0,1,0,0
MTFR2,0,0,1,0,0
MTHFD1L,1,0,0,0,0
MTHFD2L,0,1,0,0,0
MTMR1,0,1,0,0,0
MTMR2,1,0,0,0,0
MTX2,0,0,0,1,0
MX1,0,1,0,0,0
MX2,0,0,1,1,0
MXD4,0,0,0,1,0
MYBL1,0,0,1,0,0
MYEF2,0,0,1,0,0
MYH11,0,0,1,1,0
MYH13,0,1,0,0,0
MYLK4,0,0,1,0,0
MYO10,1,0,0,0,0
MYO18B,0,1,0,0,0
MYO1B,0,1,0,0,0
MYO1D,0,0,0,1,0
MYO1E,0,1,0,0,0
MYO1F,0,0,1,0,0
MYO9B,0,1,0,0,0
MYOF,1,0,0,0,0
MYOM1,0,0,1,0,0
MYOM2,0,1,0,0,0
MYOZ2,0,1,0,0,0
MYOZ3,0,0,1,0,0
MYPN,1,0,0,0,0
NABP1,0,0,0,1,0
NAF1,0,1,0,0,0
NAV2,0,1,0,0,0
NBEAL1,0,0,1,0,0
NCAPG2,0,0,1,0,0
NDNF,1,0,0,0,0
NDUFA4L2,1,0,0,0,0
NDUFAF2,0,1,0,0,0
NDUFAF6,0,0,1,0,0
NEB,0,0,1,0,0
NEBL,1,0,0,0,0
NEDD4L,1,0,0,0,0
NEDD9,0,1,0,0,0
NEK1,0,1,0,0,0
NEK10,1,0,0,0,0
NEK4,0,0,0,0,1
NFE2L3,0,0,1,0,0
NFKB1,0,1,0,0,0
NFKBIA,0,1,0,0,0
NGF,0,1,0,0,0
NHS,1,0,0,0,0
NHSL2,0,1,0,0,0
NICN1,0,0,0,0,1
NIFK-AS1,0,0,1,0,0
NIM1K,0,0,1,0,0
NLGN1,0,0,1,0,0
NLN,0,1,0,0,0
NLRC5,0,0,1,0,0
NOD1,0,0,1,0,0
NOL4L,0,0,1,0,0
NOS3,1,0,0,0,0
NOTCH2,0,1,0,0,0
NOTCH4,0,0,0,0,1
NPAS2,1,0,0,0,0
NPHP4,0,1,0,0,0
NPHS1,1,0,0,0,0
NPL,0,0,1,0,0
NPNT,0,0,1,0,0
NR1D1,0,0,0,1,0
NR1D2,0,0,0,1,0
NR1H3,0,0,0,0,1
NR2F2-AS1,0,0,1,0,0
NR3C1,0,1,0,0,0
NR6A1,0,1,0,0,0
NRIP1,0,1,0,0,0
NRIR,0,0,1,0,0
NRK,0,0,0,1,0
NRP2,1,0,0,0,0
NSD3,0,0,1,0,0
NSUN6,0,0,1,0,0
NT5DC3,0,1,0,0,0
NTN1,0,1,0,0,0
NTRK2,0,1,0,1,0
NUP107,0,0,1,0,0
NUP210L,0,0,1,1,0
NUP93,0,0,1,0,0
NUSAP1,0,0,1,0,0
OAF,0,1,0,0,0
OAS2,0,0,1,0,0
OAS3,0,0,0,1,0
OBSCN,0,0,1,0,0
OGFRL1,0,1,0,0,0
OLA1,0,1,0,0,0
OPA3,0,0,1,1,0
OSBPL6,0,1,0,0,0
OSBPL8,1,0,0,0,0
OSMR,0,0,1,0,0
OSMR-AS1,0,1,0,0,0
OTULINL,0,1,0,0,0
OVCH1,0,0,1,0,0
OVCH1-AS1,0,0,1,0,0
OXCT1,1,0,0,0,0
OXNAD1,0,0,1,0,0
PACRGL,0,0,1,0,0
PAG1,0,1,0,0,0
PAK3,0,0,0,1,0
PALD1,0,0,1,0,0
PALLD,0,1,0,0,0
PALM2-AKAP2,0,1,0,0,0
PALMD,1,0,0,0,0
PAM,0,1,0,0,0
PAPPA,0,1,0,0,0
PAPSS2,0,1,0,0,0
PAQR3,0,1,0,0,0
PARD3,0,0,1,0,0
PARM1,0,1,0,0,0
PARP14,0,1,0,0,0
PARVA,0,1,0,0,0
PARVB,0,1,0,0,0
PATL2,0,0,1,0,0
PAWR,0,1,0,0,0
PAX8-AS1,0,1,0,0,0
PBK,0,0,1,1,0
PBX3,0,1,0,0,0
PBX4,0,0,1,0,0
PCBD2,0,0,1,0,0
PCBP3,1,0,0,0,0
PCDH9,0,0,0,1,0
PCGF5,0,1,0,0,0
PCNX1,0,1,0,0,0
PCNX2,0,0,1,0,0
PCOLCE2,0,1,0,0,0
PCSK5,0,1,0,0,0
PCSK6,0,1,0,0,0
PDE1C,0,1,0,0,0
PDE3A,0,1,0,0,0
PDE4B,1,0,0,0,0
PDE4C,0,0,1,0,0
PDE4DIP,1,0,0,0,0
PDE7A,0,1,0,0,0
PDE8A,1,0,0,0,0
PDE8B,0,0,1,0,0
PDGFA,1,0,0,0,0
PDGFC,0,1,0,0,0
PDLIM3,0,0,0,1,0
PDLIM5,0,1,0,0,0
PDPN,0,1,0,0,0
PDZRN4,0,0,0,1,0
PEAK1,0,1,0,0,0
PEBP4,0,0,1,0,0
PECAM1,0,0,1,0,0
PER1,0,0,0,1,0
PER3,0,0,0,1,0
PEX5,0,0,1,0,0
PGAP1,0,1,0,0,0
PHF19,1,0,0,0,0
PHLDA1,1,0,0,0,0
PHLDB2,0,1,0,0,0
PHTF2,0,0,1,0,0
PIK3CB,1,0,0,0,0
PIK3IP1-AS1,0,0,1,0,0
PIK3R3,1,0,0,0,0
PILRA,0,0,1,0,0
PINX1,0,1,0,0,0
PIP5K1B,0,0,1,0,0
PITPNC1,0,1,0,0,0
PITPNM2,0,1,0,0,0
PKD1L1,0,0,1,0,0
PKP4,0,1,0,0,0
PLA2G2A,1,0,0,1,0
PLA2G4A,1,0,0,0,0
PLAGL1,0,1,0,0,0
PLB1,0,0,1,0,0
PLCB1,0,1,0,0,0
PLCB4,0,0,0,1,0
PLCE1,0,1,0,0,1
PLD5,0,0,0,1,0
PLEKHA6,0,0,1,1,1
PLEKHA8,0,0,1,0,0
PLEKHG2,0,0,1,0,0
PLEKHO1,0,1,0,0,0
PLGRKT,1,0,0,0,0
PLIN2,0,1,0,0,0
PLK2,0,1,0,0,0
PLOD2,1,0,0,0,0
PLPP3,0,1,0,0,0
PLPPR5,0,0,0,1,0
PLS1,0,0,1,0,0
PLSCR2,0,0,1,0,0
PLXNA4,1,0,0,0,0
PM20D2,0,0,1,0,0
PMAIP1,1,0,0,0,0
PML,0,0,1,0,0
PODXL,0,0,1,0,0
POLB,0,0,1,0,0
POLR3B,0,0,1,0,0
POU2F2,0,0,1,0,0
POU2F3,0,0,1,0,0
PPARA,0,0,1,0,0
PPARG,1,0,0,0,0
PPARGC1A,1,0,0,0,0
PPAT,0,1,0,0,0
PPDPF,0,0,0,1,0
PPIL6,0,0,1,0,0
PPM1E,0,0,1,0,0
PPM1N,0,0,1,0,0
PPOX,0,0,1,0,0
PPP1R13L,0,0,1,0,0
PPP1R14A,0,0,0,1,0
PPP1R14C,1,0,0,0,0
PPP1R36,0,0,1,0,0
PPP1R3C,1,0,0,0,0
PPP3CA,0,1,0,0,0
PPP4R4,1,0,0,0,0
PRC1,0,0,1,0,0
PRDM16,0,1,0,1,0
PRDM6,1,0,0,0,0
PRG4,1,0,0,0,0
PRH1,0,0,1,0,0
PRICKLE2,0,1,0,0,0
PRKCA,1,0,0,0,0
PRKCE,0,1,0,1,0
PRKCH,1,0,0,0,0
PRKD2,0,0,1,0,0
PRKX,0,1,0,0,0
PRKY,0,1,0,0,0
PRMT3,0,1,0,0,0
PROCR,0,0,1,0,0
PROM1,0,0,1,0,0
PRORP,0,0,1,0,0
PRPS2,0,1,0,0,0
PRR5L,0,1,0,0,0
PRRG1,0,0,1,0,0
PRRX1,0,1,0,0,0
PRSS16,0,0,0,0,1
PRUNE2,1,0,0,0,0
PRX,0,0,1,0,0
PSD3,0,1,0,0,0
PSMB9,0,0,1,0,1
PSORS1C1,0,0,0,0,1
PSORS1C3,0,0,0,0,1
PTCHD1,0,1,0,0,0
PTGDR2,0,0,0,1,0
PTGER3,0,0,1,0,0
PTGFR,0,0,1,1,0
PTGIR,0,1,0,0,0
PTGS2,0,1,0,0,0
PTPN1,1,0,0,0,0
PTPN22,1,0,0,0,0
PTPN3,1,0,0,0,0
PTPN6,0,0,1,0,0
PTPRE,0,1,0,0,0
PTPRG,0,1,0,0,0
PTPRG-AS1,0,0,1,0,0
PTPRM,0,1,0,0,0
PTX3,0,1,0,0,0
PVT1,0,1,0,0,0
PYGL,0,0,1,0,0
PYGM,0,0,1,0,0
PYGO1,0,1,0,0,0
QSOX2,0,0,0,0,1
RAB20,0,0,1,0,0
RAB31,0,1,0,0,0
RAB44,0,0,1,0,0
RAB4B,0,0,1,0,0
RAB6A,0,0,0,1,0
RAB7A,0,1,0,0,0
RAB8B,0,1,0,0,0
RABGEF1,0,1,0,0,0
RAI14,1,0,0,0,0
RALGPS1,0,0,1,0,0
RANBP2,0,1,0,0,0
RAPGEF1,0,1,0,0,0
RASA2,0,1,0,0,0
RASAL2,0,1,0,0,0
RASD1,0,1,0,1,0
RASGEF1B,0,0,0,1,0
RASGEF1C,0,0,1,0,0
RASSF2,0,0,0,1,0
RASSF3,0,0,1,0,0
RASSF8,0,1,0,0,0
RB1,0,0,1,0,0
RBBP8,0,1,0,0,0
RBFOX1,0,0,0,1,0
RBM47,1,0,0,0,0
RBMS1,0,1,0,0,0
RCAN1,1,0,0,0,0
RDH10,0,0,0,0,1
REL,0,1,0,0,0
RETREG1,1,0,0,0,0
REXO5,0,0,1,0,0
RFC3,0,0,0,1,0
RFFL,0,0,1,0,0
RFTN1,0,1,0,0,0
RFWD3,0,1,0,0,0
RFX3-AS1,0,0,1,0,0
RFX8,0,1,0,0,0
RGCC,0,0,0,1,0
RGS2,0,1,0,0,0
RGS3,1,0,0,0,0
RGS6,1,0,0,0,0
RHBDL2,0,1,0,0,0
RHBDL3,0,1,0,0,0
RHOA,0,0,0,0,1
RHOH,0,0,1,0,0
RIPK2,0,1,0,0,0
RIPOR3,0,0,1,1,0
RIT1,0,0,0,0,1
RMDN2,0,0,1,0,0
RMDN2-AS1,0,0,1,1,0
RMND1,0,0,1,0,0
RND3,0,1,0,0,0
RNF149,0,1,0,0,0
RNF150,0,0,0,1,0
RNF152,0,1,0,0,0
RNF157,0,0,1,0,0
RNF2,0,1,0,0,0
RNF214,0,0,1,0,0
RNF217,1,0,0,0,0
RNF217-AS1,1,0,0,0,0
RNF24,0,1,0,0,0
RNF5,0,0,0,0,1
ROBO1,0,1,0,0,0
ROBO2,0,0,0,1,0
ROR2,1,0,0,0,0
RORB,0,1,0,0,0
RP1-265C24.5,0,0,0,0,1
RP1-313I6.12,0,0,0,0,1
RP1-95L4.4,0,0,0,0,1
RP11-378J18.8,0,0,0,0,1
RP11-3B7.1,0,0,0,0,1
RP11-417E7.1,0,0,0,0,1
RP11-417E7.2,0,0,0,0,1
RP2,0,1,0,0,0
RP5-874C20.3,0,0,0,0,1
RPS6KA6,0,1,0,0,0
RRAD,0,1,0,0,0
RRAS2,0,1,0,0,0
RSPO3,1,0,0,1,0
RTKN2,0,0,1,0,0
RTL1,0,1,0,0,0
RTN4RL1,0,0,1,0,0
RUBCNL,0,1,0,0,0
RUFY3,0,1,0,0,0
RUNX1,0,1,0,0,0
RUNX3,0,0,1,0,0
RUSC2,0,1,0,0,0
RUVBL2,0,0,1,0,0
RYR2,1,0,0,0,0
S1PR3,0,1,0,0,0
SAA2,0,0,1,0,0
SAMD12,1,0,0,0,0
SAMD4A,0,1,0,0,0
SATB2,0,1,0,0,0
SAXO1,0,0,1,0,0
SBF2-AS1,0,0,1,0,0
SCARF1,0,0,1,0,0
SCD5,0,0,1,0,0
SCFD2,0,1,0,0,0
SCGB2B2,0,0,1,0,0
SCLT1,0,1,0,0,0
SCLY,0,0,1,0,0
SCML2,0,1,0,0,0
SCML4,0,0,1,0,0
SCN4A,1,0,0,0,0
SCN7A,0,0,0,1,0
SCN9A,0,0,0,1,0
SCUBE2,0,1,0,0,0
SDC2,0,1,0,0,0
SDCBP2,0,1,0,0,0
SDCBP2-AS1,0,0,1,0,0
SDK1,0,1,0,0,0
SELENOV,0,0,1,0,0
SELENOW,0,0,0,1,0
SELP,1,0,0,0,0
SEMA3A,1,0,0,0,0
SEMA3C,0,1,0,0,0
SEMA3D,1,0,0,0,0
SEMA3E,1,0,0,0,0
SEMA3G,1,0,0,0,0
SEMA4D,0,0,1,0,0
SEMA5A,1,0,0,0,0
SEMA6D,1,0,0,0,0
SEPTIN9,0,1,0,0,0
SERPINE2,0,1,0,0,0
SERPINE3,0,0,0,1,0
SERTAD2,1,0,0,0,0
SETBP1,0,1,0,0,0
SF3B6,0,0,0,1,0
SFMBT1,0,1,0,0,0
SFRP1,0,1,0,0,0
SFXN5,0,0,1,0,0
SGIP1,0,1,0,0,0
SGK1,1,0,0,0,0
SGMS1,0,1,0,0,0
SGMS1-AS1,0,1,0,0,0
SGMS2,0,1,0,0,0
SGO2,0,0,1,0,0
SH3BGR,0,0,1,0,0
SH3BP4,0,1,0,0,0
SH3GL2,1,0,0,0,0
SH3PXD2B,1,0,0,0,0
SH3RF1,0,1,0,0,0
SH3RF2,0,0,1,0,0
SHANK2,1,0,0,0,0
SHB,0,1,0,0,0
SHBG,0,0,1,0,0
SHOX,0,0,0,1,0
SHQ1,0,1,0,0,0
SINHCAF,0,1,0,0,0
SIPA1L1,1,0,0,0,0
SIPA1L2,0,1,0,0,0
SKAP2,0,0,1,1,0
SLC10A1,0,0,1,0,0
SLC10A6,0,1,0,0,0
SLC12A1,0,0,1,0,0
SLC12A8,0,0,1,0,0
SLC13A3,0,0,1,0,0
SLC16A1,0,1,0,0,0
SLC16A10,1,0,0,0,0
SLC16A7,0,1,0,1,0
SLC19A2,0,1,0,0,0
SLC1A1,1,0,0,0,0
SLC1A2,0,0,1,0,0
SLC1A3,0,1,0,0,0
SLC20A2,0,1,0,0,0
SLC22A23,0,1,0,0,0
SLC22A4,0,0,1,0,0
SLC24A3,1,0,0,0,0
SLC25A51,0,1,0,0,0
SLC28A1,0,0,1,0,0
SLC2A13,0,1,0,1,0
SLC2A14,0,0,1,0,0
SLC35E3,0,0,1,0,0
SLC35F2,0,1,0,0,0
SLC35G2,1,0,0,0,0
SLC39A11,0,0,1,0,0
SLC39A14,0,1,0,0,0
SLC39A8,0,1,0,1,0
SLC41A2,0,1,0,0,0
SLC43A2,0,0,1,0,0
SLC44A3,0,0,1,0,0
SLC4A4,1,0,0,0,0
SLC4A7,0,1,0,0,0
SLC4A8,1,0,0,0,0
SLC6A20,0,0,0,1,0
SLC7A1,0,1,0,0,0
SLC7A11,0,1,0,0,0
SLC7A14-AS1,0,0,1,0,0
SLC7A2,1,0,0,0,0
SLC7A5,0,1,0,0,0
SLC7A8,1,0,0,0,0
SLC9A7,0,1,0,0,0
SLC9B1,0,0,1,0,0
SLC9C1,0,1,0,0,0
SLCO3A1,0,0,1,0,0
SLCO5A1,0,1,0,0,0
SLFN11,0,0,0,1,0
SLFN5,0,0,1,0,0
SLIT2,0,1,0,0,0
SLPI,0,0,1,1,0
SMAD1,0,1,0,0,0
SMAD3,0,1,0,1,1
SMC4,1,0,0,0,0
SMG5,0,0,0,1,0
SMG6,0,0,1,0,0
SMIM4,0,0,0,1,0
SMIM41,0,0,1,0,0
SMOC1,0,0,1,0,0
SMS,0,1,0,0,0
SMURF2,0,0,0,0,1
SNAPC1,1,0,0,0,0
SNED1,0,1,0,0,0
SNHG31,0,0,1,0,0
SNTB2,0,0,1,0,0
SNTG2,1,0,0,0,0
SNX1,0,0,0,0,1
SNX14,0,0,1,0,0
SNX25,0,1,0,0,0
SNX31,0,0,1,0,0
SNX32,0,0,1,0,0
SNX8,0,1,0,0,0
SNX9,0,1,0,0,0
SOCS2,0,1,0,0,0
SOCS2-AS1,0,1,0,0,0
SOD2,0,1,0,0,0
SORBS1,0,1,0,0,0
SORBS2,1,0,0,1,0
SORT1,1,0,0,0,0
SOX2-OT,0,0,1,0,0
SOX5,1,0,0,0,0
SOX6,0,0,0,1,0
SP100,0,1,0,0,0
SP140,1,0,0,0,0
SPAG1,0,0,1,0,0
SPAG16,0,0,1,0,0
SPAG17,0,1,0,0,0
SPATA6L,0,0,1,0,0
SPDYA,0,0,1,0,0
SPOCK1,0,1,0,0,0
SPSB1,0,1,0,0,0
SPTLC2,1,0,0,0,0
SPTLC3,1,0,0,0,0
SRGAP1,0,1,0,0,0
SRGAP3,0,0,1,0,0
SRL,0,0,1,0,0
SRPK1,0,1,0,0,0
SRPX2,0,1,0,0,0
SRSF12,0,0,1,0,0
SSH1,0,1,0,0,0
SSTR2,0,0,1,0,0
ST3GAL1,0,1,0,0,0
ST3GAL3,0,0,1,0,0
ST5,1,0,0,0,0
ST7,0,1,0,0,0
STAC3,0,0,1,0,0
STAM,0,1,0,0,0
STARD13,1,0,0,0,0
STAT1,0,0,1,0,0
STAT4,1,0,0,0,0
STEAP1B,0,1,0,0,0
STEAP2-AS1,1,0,0,1,0
STIM2,0,0,1,0,0
STK10,0,1,0,0,0
STK17B,0,1,0,0,0
STK26,1,0,0,0,0
STK32A,0,0,1,0,0
STK33,0,0,1,0,0
STK38L,1,0,0,0,0
STPG4,0,0,1,0,0
STRADA,0,0,1,0,0
STX6,0,1,0,0,0
STYK1,0,0,1,0,0
SULF2,0,0,1,0,0
SUPT5H,0,0,1,0,0
SUSD4,0,0,0,1,0
SV2B,1,0,0,0,0
SVIL,0,1,0,0,0
SWT1,0,0,1,0,0
SYCP2,0,0,1,0,0
SYNE2,0,0,0,1,0
SYNJ2,0,1,0,0,0
SYNM,0,1,0,0,0
SYNPO,0,0,1,0,0
SYNPO2,0,0,1,0,0
TACR3,1,0,0,0,0
TAF4B,0,1,0,0,0
TAGLN,0,1,0,0,0
TANC1,0,0,0,1,0
TAP2,0,0,0,0,1
TARID,0,1,0,0,0
TBC1D1,1,0,0,0,0
TBC1D30,0,0,1,0,0
TBC1D32,0,1,0,0,0
TBC1D8,0,0,1,0,0
TBX18,0,0,1,1,0
TBXAS1,1,0,0,0,0
TC2N,0,0,1,0,0
TCIM,1,0,0,0,0
TCTA,0,0,0,0,1
TDP2,0,0,1,0,0
TDRP,1,0,0,0,0
TEAD4,1,0,0,0,0
TELO2,0,0,0,0,1
TENM4,0,0,0,1,0
TES,0,1,0,0,0
TESC,0,0,1,0,0
TESK2,0,0,1,0,0
TET3,0,1,0,0,0
TEX2,0,1,0,0,0
TEX26,0,0,1,0,0
TEX26-AS1,0,1,0,0,0
TEX29,0,0,1,0,0
TEX41,1,0,0,0,0
TEX9,0,0,1,0,0
TFPI,0,1,0,0,0
TFRC,0,1,0,0,0
TGFB1,0,0,1,0,0
TGFB2,0,0,1,0,0
TGFBR1,0,0,1,0,0
TGIF2,0,1,0,0,0
THBD,0,1,0,0,0
THBS1,0,1,0,0,0
THBS2,0,1,0,0,0
THEGL,0,0,0,1,0
THSD7B,1,0,0,0,0
THSD8,0,0,1,0,0
TIAM1,0,1,0,0,0
TIGAR,0,0,1,0,0
TIGD7,0,0,0,0,1
TIMM50,0,0,1,0,0
TIMP1,1,0,0,0,0
TIMP3,1,0,0,1,0
TIPARP,0,1,0,0,0
TJP1,0,1,0,0,0
TJP2,0,1,0,0,0
TLE1,0,1,0,0,0
TLE4,0,1,0,0,0
TLL1,1,0,0,0,0
TLL2,0,0,0,1,0
TM4SF1,0,1,0,0,0
TMC1,0,0,1,0,0
TMC3-AS1,0,0,1,0,0
TMEFF1,0,0,1,0,0
TMEM100,0,1,0,0,0
TMEM117,0,1,0,0,0
TMEM150C,0,0,0,1,0
TMEM151B,0,0,1,0,0
TMEM161B-AS1,0,0,1,0,0
TMEM181,0,1,0,0,0
TMEM184B,0,0,1,1,0
TMEM204,0,0,0,0,1
TMEM233,0,1,0,0,0
TMEM252-DT,0,0,1,0,0
TMEM255A,0,0,0,1,0
TMEM255B,0,0,1,0,0
TMEM260,1,0,0,0,0
TMEM38B,0,1,0,0,0
TMEM72-AS1,0,0,1,1,0
TMOD1,1,0,0,0,0
TNC,1,0,0,0,0
TNFAIP3,1,0,0,0,0
TNFAIP6,0,1,0,0,0
TNFAIP8,1,0,0,0,0
TNFRSF10B,0,1,0,0,0
TNFRSF11A,0,0,1,0,0
TNFRSF21,0,1,0,0,0
TNFSF15,1,0,0,0,0
TNFSF8,1,0,0,0,0
TNIP1,0,0,1,0,0
TNNI3K,0,0,1,0,0
TNS3,0,0,1,0,0
TOGARAM2,0,0,1,0,0
TPD52L1,1,0,0,0,0
TPK1,0,0,1,0,0
TPRG1,0,0,1,1,0
TPST2,1,0,0,0,0
TRAF1,1,0,0,0,0
TRAF3,0,1,0,0,0
TRG-AS1,0,0,1,0,0
TRHDE,1,0,0,0,0
TRIM25,0,0,1,0,0
TRIM59,0,0,1,0,0
TRIM69,0,0,1,0,0
TRIM72,0,0,1,0,0
TRIM9,0,1,0,0,0
TRIO,0,1,0,0,0
TRIT1,0,1,0,0,0
TRPM3,0,0,1,0,0
TSC22D2,0,1,0,0,0
TSGA10,0,0,1,0,0
TSHZ2,0,1,0,0,0
TSPAN13,0,1,0,0,0
TSPAN15,0,0,1,0,0
TSPAN7,1,0,0,0,0
TTC21A,0,0,1,0,0
TTC28-AS1,0,0,1,0,0
TTI2,0,0,1,0,0
TTLL7,0,0,0,1,0
TTN-AS1,0,0,1,0,0
TULP2,0,0,1,0,0
TWIST1,1,0,0,0,0
TWIST2,0,1,0,0,0
TWISTNB,1,0,0,0,0
TXNRD1,0,1,0,0,0
UAP1,0,1,0,0,0
UBASH3B,0,1,0,0,0
UBE2D3-AS1,0,0,1,0,0
UBE2E1,0,1,0,0,0
UBE2E2,0,1,0,0,0
UBE2F,0,1,0,0,0
UCHL3,0,1,0,0,0
UCK2,0,1,0,0,0
UEVLD,0,0,1,0,0
UGCG,0,1,0,0,0
UGDH,0,1,0,0,0
UGP2,0,1,0,0,0
UHRF2,0,1,0,0,0
ULK4,0,0,1,0,0
UNC5C,1,0,0,0,0
UNC79,0,0,1,0,0
UPP1,0,1,0,0,0
URI1,0,1,0,0,0
USP12,0,1,0,0,0
USP13,1,0,0,0,0
USP2,1,0,0,0,0
USP2-AS1,0,1,0,0,0
USP3,0,1,0,0,0
USP3-AS1,0,0,1,0,0
USP31,0,1,0,0,0
USP37,0,1,0,0,0
USP48,0,0,1,0,0
USP49,0,0,1,0,0
USP6NL,0,1,0,0,0
VAMP8,0,0,1,0,0
VASP,0,0,1,0,0
VAV1,0,0,1,0,0
VAV3,1,0,0,0,0
VCAM1,1,0,0,0,0
VCAN,0,1,0,0,0
VCAN-AS1,0,1,0,0,0
VEGFA,0,1,0,0,0
VEGFC,1,0,0,0,0
VGLL3,0,1,0,0,0
VIM,0,1,0,0,0
VKORC1L1,0,1,0,0,0
VMP1,0,1,0,0,0
VPS13A,1,0,0,0,0
VPS37B,0,1,0,0,0
VSTM4,0,1,0,0,0
WAKMAR2,0,0,1,0,0
WARS,1,0,0,0,0
WARS2,0,1,0,0,0
WDFY4,0,0,1,0,0
WDPCP,0,0,1,0,0
WDR19,0,0,1,0,0
WDR25,1,0,0,0,0
WDR27,0,0,1,0,0
WDR49,0,0,1,0,0
WDR78,0,0,1,0,0
WHRN,1,0,0,0,0
WIPF3,0,0,1,0,0
WNT2B,0,0,1,0,0
WNT9A,0,1,0,0,0
WTAP,0,1,0,0,0
WWTR1,0,1,0,0,0
XG,0,0,1,0,0
XIRP1,0,1,0,0,0
XKR6,0,0,0,1,0
XXYLT1,0,0,1,0,0
XYLT1,0,1,0,0,0
YAF2,0,1,0,0,0
YES1,0,1,0,0,0
YIPF7,0,0,1,0,0
YPEL1,0,0,1,0,0
YTHDC2,0,0,0,0,1
Z99289.3,0,1,0,0,0
ZBTB38,1,0,0,0,0
ZBTB46,0,0,1,0,0
ZBTB7C,1,0,0,1,0
ZC3H12C,0,1,0,0,0
ZCWPW2,0,0,1,1,0
ZDBF2,1,0,0,0,0
ZDHHC14,0,1,0,0,0
ZEB2,0,1,0,0,0
ZFAND3,0,1,0,0,0
ZFHX3,0,0,1,0,0
ZFP57,0,0,0,0,1
ZFPM2,0,1,0,0,0
ZFPM2-AS1,0,1,0,0,0
ZFY,0,1,0,0,0
ZHX2,0,1,0,0,0
ZKSCAN3,0,0,0,0,1
ZKSCAN4,0,0,0,0,1
ZNF165,0,0,0,0,1
ZNF204P,0,0,0,0,1
ZNF251,0,0,1,0,0
ZNF263,0,0,0,0,1
ZNF267,0,1,0,0,0
ZNF385B,1,0,0,0,0
ZNF608,1,0,0,1,0
ZNF670,0,1,0,0,0
ZNF710,0,1,0,0,0
ZNF804A,1,0,0,0,0
ZNHIT6,0,1,0,0,1
ZNRD1-AS1,0,0,0,0,1
ZNRF1,0,1,0,0,0
ZNRF3,0,1,0,0,0
ZPLD1,0,1,0,0,0
ZRANB2-AS2,0,0,1,0,0
ZRANB3,0,0,1,0,0
ZSWIM3,0,0,1,0,0
ZSWIM6,1,0,0,0,0
