study,cs,variable,SNP,PIP
FinnGen,1,1426,rs3784681,0.0226065991839113
FinnGen,1,1431,rs7178824,0.00934430454429835
FinnGen,1,1434,rs10152566,0.0133427225791909
FinnGen,1,1436,rs34445740,0.0187625331407782
FinnGen,1,1439,rs7181877,0.0102032303247509
FinnGen,1,1442,rs2289791,0.0152496652096673
FinnGen,1,1443,rs2289790,0.0110868165513274
FinnGen,1,1446,rs11315136,0.0102005872901455
FinnGen,1,1454,rs8025774,0.0109464723651541
FinnGen,1,1456,rs8031440,0.0116422161298985
FinnGen,1,1457,rs8031627,0.0124639541917609
FinnGen,1,1458,rs2278670,0.0123015326740603
FinnGen,1,1460,rs12595334,0.00930650654904153
FinnGen,1,1461,rs3743342,0.00934721674052652
FinnGen,1,1467,rs10438355,0.0112976460666824
FinnGen,1,1476,rs10163040,0.0101494532241283
FinnGen,1,1477,rs12917612,0.0100922252470922
FinnGen,1,1482,rs12476,0.00847602840246253
FinnGen,1,1487,rs12148121,0.00847602840246253
FinnGen,1,1495,rs4776905,0.00991065295715199
FinnGen,1,1498,rs16953610,0.00861906281130842
FinnGen,1,1531,rs34590589,0.0106501223217633
FinnGen,1,1532,rs34699563,0.0106501223217633
FinnGen,1,1535,rs34296414,0.0106501223217633
FinnGen,1,1537,rs9806590,0.0106501223217633
FinnGen,1,1540,rs12594065,0.0104701504983492
FinnGen,1,1542,rs8031500,0.0098441864434714
FinnGen,1,1547,rs4776906,0.0104539497662542
FinnGen,1,1549,rs12915085,0.0098441864434714
FinnGen,1,1551,rs12900758,0.0103267207309079
FinnGen,1,1555,rs12898685,0.0106501223217633
FinnGen,1,1557,rs12899067,0.0104539497662542
FinnGen,1,1565,rs28645602,0.0115469089904722
FinnGen,1,1567,rs2289789,0.0115469089904723
FinnGen,1,1570,rs4776348,0.0117131693063097
FinnGen,1,1574,rs7182798,0.0115469089904723
FinnGen,1,1576,rs12900708,0.0121796249383437
FinnGen,1,1578,rs12910196,0.0117131693063097
FinnGen,1,1579,rs12910062,0.0117131693063097
FinnGen,1,1582,rs12591495,0.0117131693063098
FinnGen,1,1585,rs4776908,0.0115469089904723
FinnGen,1,1587,rs4776350,0.0110381077476815
FinnGen,1,1588,rs4776909,0.0117032129849511
FinnGen,1,1592,rs58074225,0.0110490797388134
FinnGen,1,1593,rs12911370,0.0111036850568625
FinnGen,1,1596,rs3743347,0.0117032129849511
FinnGen,1,1607,rs8038652,0.0115370854565148
FinnGen,1,1609,rs16950804,0.0117032129849511
FinnGen,1,1612,rs12443472,0.0115370854565148
FinnGen,1,1614,rs8042237,0.0115370854565148
FinnGen,1,1615,rs10587237,0.0117032129849511
FinnGen,1,1616,rs8025621,0.0117032129849511
FinnGen,1,1621,rs12592400,0.0118840852683695
FinnGen,1,1623,rs16950805,0.0117131693063097
FinnGen,1,1625,rs67872952,0.0111550971101178
FinnGen,1,1626,rs12901789,0.0117131693063097
FinnGen,1,1627,rs71400364,0.0117131693063097
FinnGen,1,1632,rs35129260,0.0117223495070192
FinnGen,1,1637,rs35151633,0.0117131693063098
FinnGen,1,1642,rs12442171,0.0119527876238698
FinnGen,1,1646,rs36078679,0.0110042951907247
FinnGen,1,1647,rs12899051,0.0117223495070192
FinnGen,1,1656,rs35524716,0.0114608085447395
FinnGen,1,1657,rs34796890,0.0116842553887817
FinnGen,1,1661,rs4776913,0.0116842553887817
FinnGen,1,1664,rs12324222,0.0116939453395379
FinnGen,1,1666,rs12595736,0.0116652938800259
FinnGen,1,1678,rs72625778,0.0116750380338506
FinnGen,1,1684,rs12916403,0.0116939453395379
FinnGen,1,1685,rs12901312,0.0116939453395379
FinnGen,1,1686,rs12148134,0.0116750380338506
FinnGen,1,1689,rs12594229,0.0116652938800259
FinnGen,1,1690,rs12594234,0.0116652938800259
FinnGen,1,1697,rs34310656,0.011913727648254
FinnGen,1,1698,rs4776917,0.0116652938800259
FinnGen,1,1725,rs17526859,0.0100454956653265
FinnGen,1,1731,rs9806377,0.0116750380338506
FinnGen,1,1733,rs144822359,0.011693945339538
FinnGen,1,1737,rs35008245,0.011693945339538
FinnGen,1,1742,rs113203559,0.0116750380338506
FinnGen,1,1751,rs8030620,0.011693945339538
FinnGen,1,1753,rs34340802,0.011693945339538
FinnGen,1,1757,rs35722009,0.0116750380338506
FinnGen,1,1766,rs12915601,0.0117322574282478
FinnGen,1,1773,rs4238407,0.0117322574282478
FinnGen,1,1774,rs4776922,0.0117131693063097
FinnGen,1,1775,rs4432221,0.0119432891931801
FinnGen,1,1776,rs1444935,0.0117131693063097
FinnGen,1,1777,rs1444936,0.0117131693063097
FinnGen,1,1788,rs4352000,0.0117322574282478
FinnGen,1,1790,rs34221449,0.0117322574282478
FinnGen,1,1797,rs10152973,0.011489098170639
FinnGen,1,1798,rs10152913,0.0117896641862704
FinnGen,1,1808,rs3743349,0.0117131693063097
FinnGen,1,1811,rs8042007,0.0104539497662542
FinnGen,1,1812,rs4491456,0.0129276726833356
FinnGen,1,1814,rs4536412,0.0129276726833356
FinnGen,1,1817,rs12442323,0.0129276726833356
FinnGen,1,1819,rs12915659,0.0129276726833356
FinnGen,1,1820,rs8039943,0.0129276726833356
FinnGen,1,1821,rs28696998,0.0129276726833357
FinnGen,1,1833,rs8043060,0.0134607412298197
