tf,gene,Gain,Cover,Frequency,Cor,is_brown_hub_label
SMAD3,TBX20,0,0,0,0.0248815649447372,FALSE
SMAD3,GLIS3,0.0318796789682253,0.06,0.06,0.388564692716523,TRUE
SMAD3,ZSCAN16,0.00919527848877484,0.00731707317073171,0.00731707317073171,-0.0794789294373156,FALSE
SMAD3,SOX18,0.0579951636344101,0.0612462018459232,0.0612462018459232,-0.14697604287769,FALSE
SMAD3,BARX2,0.0308648565488763,0.113028712565607,0.113028712565607,0.0411382255509806,FALSE
SMAD3,CUX1,0.0588717523960971,0.058,0.058,0.461447584745074,FALSE
SMAD3,EN1,0,0,0,-0.092023805805675,FALSE
SMAD3,EN2,0,0,0,-7.7196863459911e-05,FALSE
SMAD3,ESR1,0.0120743996958097,0.062,0.062,-0.154432635876695,FALSE
SMAD3,GATA1,0,0,0,0.043918296785398,FALSE
SMAD3,GATA4,0,0,0,0.0588631390359681,FALSE
SMAD3,HOXA7,0,0,0,-0.0740313358383563,FALSE
SMAD3,KLF15,0.00737681363059916,0.01406292749658,0.01406292749658,-0.0804897082973723,FALSE
SMAD3,MEOX2,0.0161602300856038,0.036,0.036,-0.345839764783112,FALSE
SMAD3,MITF,0,0,0,-0.11310425592207,FALSE
SMAD3,MYCN,0,0,0,-0.0642689595555838,FALSE
SMAD3,MYF5,0,0,0,-0.128479110826359,FALSE
SMAD3,NFIB,0,0,0,-0.318320530773218,FALSE
SMAD3,NFYB,0.023949182473476,0.0268479556771162,0.0268479556771162,0.0322387237396488,FALSE
SMAD3,NR3C2,0.000406403013329485,0.004,0.004,-0.205424095171085,FALSE
SMAD3,OSR2,0.0002516170005138,0.002,0.002,-0.160253314892914,FALSE
SMAD3,PPARA,0.0143129379041665,0.034,0.034,0.150198305682642,FALSE
SMAD3,PRDM9,0,0,0,0.0269557663661287,FALSE
SMAD3,RUNX3,0,0,0,0.0614783179688771,FALSE
SMAD3,SOHLH2,0,0,0,-0.0635616581506198,FALSE
SMAD3,SOX9,0,0,0,0.0224900221287906,FALSE
SMAD3,TCF12,0.0459145908397597,0.028,0.028,0.291385840548191,FALSE
SMAD3,TCFL5,0.00134019101813583,0.00206185567010309,0.00206185567010309,-0.00475678246865678,FALSE
SMAD3,TWIST1,0,0,0,-0.192618752685161,FALSE
SMAD3,ZBTB14,0,0,0,-0.110557718010078,FALSE
SMAD3,ZNF16,0,0,0,-0.00546784437289967,FALSE
SMAD3,ZNF211,0,0,0,-0.178401276070108,FALSE
SMAD3,ZNF274,0.00586519133586308,0.00808080808080808,0.00808080808080808,-0.00904664978999106,FALSE
SMAD3,ZNF530,0,0,0,-0.100544256462114,FALSE
SMAD3,ZNF667,0.0676377169366992,0.094,0.094,-0.216640695322304,FALSE
SMAD3,TTN,0,0,0,-0.143517762520736,FALSE
SMAD3,PRG4,0,0,0,0.00299200975956911,FALSE
SMAD3,RBM47,0.000547353690511723,0.004,0.004,-0.134820454231444,FALSE
SMAD3,CPE,0.000747060443814225,0.004,0.004,0.171112801691183,FALSE
SMAD3,ITGBL1,0,0,0,0.160477634468436,FALSE
SMAD3,HS3ST2,0.00271446847333207,0.008,0.008,0.00970702243770362,FALSE
SMAD3,TM4SF1,0,0,0,-0.00554812787992314,FALSE
SMAD3,SPAG17,0.103981033433475,0.08,0.08,0.348243022615539,FALSE
SMAD3,HLA-DRA,0.0141757864716615,0.068,0.068,-0.154367600902253,FALSE
SMAD3,ARHGAP15,0,0,0,-0.100429760070629,FALSE
SMAD3,SIPA1L1,0,0,0,-0.026202592315676,FALSE
SMAD3,PPP1R14C,2.13165369693964e-06,0.002,0.002,-0.0901665210809302,FALSE
SMAD3,CDH18,0,0,0,-0.0745999456991215,FALSE
SMAD3,TNNC1,0.0890569730072012,0.068,0.068,-0.248454132841093,FALSE
SMAD3,CDH13,3.73433641511593e-05,0.002,0.002,-0.130596434188848,FALSE
SMAD3,CLIC5,0,0,0,-0.0860563344554741,FALSE
SMAD3,CLSTN2,0.102044723152367,0.038,0.038,0.324272508356572,FALSE
SMAD3,IL1RL1,0,0,0,0.0382866787214417,FALSE
SMAD3,ITGA1,0.0435473867994431,0.062,0.062,-0.29115904351611,FALSE
SMAD3,LAMC2,0.0829741401979683,0.04,0.04,0.294378677086303,FALSE
SMAD3,COMP,0,0,0,-0.020801639155584,FALSE
SMAD3,ST8SIA4,0.00353815962484766,0.00212765957446809,0.00212765957446809,-0.0368903257069566,FALSE
SMAD3,UNC5C,0,0,0,-0.0776412456823854,FALSE
SMAD3,CHODL,0,0,0,-0.0615707053541491,FALSE
SMAD3,TNFAIP8,0,0,0,0.104025462103283,FALSE
SMAD3,IL1RAPL1,0.0057040417375068,0.022,0.022,-0.314037426555976,FALSE
SMAD3,IGFBP5,0.00596298957019808,0.016,0.016,-0.233697993442046,FALSE
SMAD3,CRIM1,0.00472288356307276,0.012,0.012,0.299739388697981,FALSE
SMAD3,AQP9,0.0145898810517494,0.046,0.046,0.191563387054334,FALSE
SMAD3,SMOC2,0.089826207011191,0.046,0.046,-0.387450020759218,FALSE
SMAD3,ZEB2,0,0,0,0.408546073498793,FALSE
SMAD3,PTPRE,0.0388561664619114,0.04,0.04,0.383870711395018,FALSE
SMAD3,ALDH1A3,0,0,0,0.0344057089867255,FALSE
SMAD3,ST3GAL6,0,0,0,-0.260638740490075,FALSE
SMAD3,NEK10,0.0147358409675179,0.058,0.058,0.0309254348075451,FALSE
SMAD3,SLC39A8,0.00429789602473232,0.006,0.006,0.236157331497693,FALSE
SMAD3,EMB,0.125977303037443,0.088,0.088,-0.314980176426941,FALSE
SMAD3,CD36,0,0,0,-0.197789517110532,FALSE
SMAD3,PAWR,0,0,0,0.233127604849046,FALSE
SMAD3,CATSPERB,0,0,0,-0.0562090242078832,FALSE
SMAD3,HLA-DRB1,0.000806494977881195,0.01,0.01,-0.115278157867589,FALSE
SMAD3,GPRC5A,0.272489713778188,0.064,0.064,0.585729636324232,TRUE
SMAD3,PBX4,0.00722613335315438,0.0170675300647549,0.0170675300647549,-0.100922083886609,FALSE
SMAD3,TAF4B,0.0182364277267154,0.04,0.04,0.505029867845668,FALSE
SMAD3,SRGAP1,0.0965666651543687,0.064,0.064,0.481433893939361,FALSE
SMAD3,AGTR1,0.148883495182807,0.09,0.09,0.355125600775772,FALSE
SMAD3,TMTC1,0,0,0,-0.152861584877676,FALSE
SMAD3,CEMIP,0,0,0,-0.071518479674388,FALSE
SMAD3,MEDAG,0.139370626808556,0.09,0.09,0.598939439540581,TRUE
SMAD3,A2M,0.0683554245912227,0.052,0.052,-0.309261910504241,FALSE
SMAD3,ABLIM3,0,0,0,-0.247795701662344,FALSE
SMAD3,NFATC2,0,0,0,-0.148276618186904,FALSE
SMAD3,PRICKLE1,0.00584105470244873,0.014,0.014,-0.200534583954851,FALSE
SMAD3,SNX9,0,0,0,0.137647149935086,FALSE
SMAD3,COL6A6,0.0122605718107594,0.02,0.02,-0.313359479880244,FALSE
SMAD3,GIPR,0.0846318077918156,0.0748112560054907,0.0748112560054907,-0.20418323433472,FALSE
SMAD3,CMTM8,0,0,0,-0.120581783493168,FALSE
SMAD3,GK,0,0,0,-0.0493646152228042,FALSE
SMAD3,COL1A1,0.0845628759008025,0.056,0.056,-0.318201961682398,FALSE
SMAD3,LGR4,0,0,0,-0.0457532874788881,FALSE
SMAD3,ADPRHL1,0,0,0,-0.0266672235558281,FALSE
SMAD3,DLG2,0.0173366204226973,0.034,0.034,0.294003111889913,FALSE
SMAD3,IL18R1,0,0,0,0.0531225816567688,FALSE
SMAD3,FST,0.0753356143871507,0.072,0.072,0.436415792052246,FALSE
SMAD3,GPRIN3,0.00881083948897734,0.0177560657873311,0.0177560657873311,-0.0928788009466544,FALSE
SMAD3,AGPAT4,0.0469707797336459,0.078,0.078,-0.26600037463445,FALSE
SMAD3,CAMK2D,0,0,0,0.246517165874881,FALSE
SMAD3,GADL1,0.019766011684622,0.034,0.034,-0.122174986707164,FALSE
SMAD3,TPD52L1,0.0968958677387843,0.06,0.06,-0.249287400926313,FALSE
SMAD3,CNKSR2,0,0,0,-0.292854719884454,FALSE
SMAD3,SP140,0,0,0,0.0102220697246384,FALSE
SMAD3,RAPGEF1,0.0126733764611391,0.032,0.032,0.148766251866656,FALSE
SMAD3,MPPED2,0,0,0,0.0234034956821396,FALSE
SMAD3,CRTAC1,0,0,0,-0.106028028287976,FALSE
SMAD3,GCH1,0.0486228498404187,0.04,0.04,0.234349465466675,FALSE
SMAD3,EML4,0.157976311659896,0.076,0.076,0.632538415364559,FALSE
SMAD3,PARP14,0.00628442599772655,0.026,0.026,0.318127597783942,FALSE
SMAD3,FAM162B,0.00299656249696968,0.008,0.008,-0.292528111800627,FALSE
SMAD3,TENM4,0,0,0,-0.206075391379542,FALSE
SMAD3,GTF2IRD1,0,0,0,-0.0874153086065016,FALSE
SMAD3,SNTB1,0,0,0,-0.22689972162553,FALSE
SMAD3,COL24A1,0,0,0,-0.0894060713618096,FALSE
SMAD3,DOCK5,0.0284078489171854,0.044,0.044,-0.407263451055173,FALSE
SMAD3,WWOX,0,0,0,-0.112579581730737,FALSE
SMAD3,PTGR1,0.00437534180932582,0.012,0.012,-0.214314001588138,FALSE
SMAD3,HIVEP2,0.116991822309793,0.058,0.058,0.51257335143385,FALSE
SMAD3,LRRN1,0.0023623750153957,0.002,0.002,-0.0667954514647681,FALSE
SMAD3,XRCC4,0.0011088113010358,0.006,0.006,-0.140004828136447,FALSE
SMAD3,PLCG2,0,0,0,-0.185220701396661,FALSE
SMAD3,FRMD6,0,0,0,-0.0105543358495998,FALSE
SMAD3,COL27A1,0.00113524782022652,0.004,0.004,0.0208760513610316,FALSE
SMAD3,USP13,0,0,0,0.037809261418397,FALSE
SMAD3,TRIO,0.0334930972643045,0.076,0.076,0.511472796514966,TRUE
SMAD3,CAV1,0,0,0,0.0817892925798493,FALSE
SMAD3,ALG9,0.0241155041440673,0.0424242424242424,0.0424242424242424,-0.135849149518086,FALSE
SMAD3,INPP5F,0.000436863373436354,0.002,0.002,-0.195967330589138,FALSE
SMAD3,ZNF251,0,0,0,-0.13356914576112,FALSE
SMAD3,C5AR1,0.0134082297407414,0.024,0.024,0.335627399163346,FALSE
SMAD3,GNG7,0,0,0,-0.0955642155067538,FALSE
SMAD3,RNF122,0.00708467303218805,0.02,0.02,0.120871114191844,FALSE
SMAD3,CCDC7,0.0146764675822617,0.02,0.02,-0.400486360319276,FALSE
SMAD3,PDGFA,0,0,0,-0.0879179318440543,FALSE
SMAD3,PTGFR,0.00813859587814443,0.03,0.03,0.130652505497338,FALSE
SMAD3,HIVEP1,0.166468757600034,0.096,0.096,0.513311981831543,FALSE
SMAD3,ZNRF2,0,0,0,-0.170894921705083,FALSE
SMAD3,CHD7,0.00640980730099428,0.028,0.028,0.21839392426181,FALSE
SMAD3,SEC22A,0,0,0,-0.266736314480676,FALSE
SMAD3,AHRR,0.0125164860735962,0.04,0.04,0.00433905864178888,FALSE
SMAD3,GRK5,0.0194981830934062,0.04,0.04,0.0106161699457421,FALSE
SMAD3,HIST1H2BJ,0,0,0,-0.26360101751326,FALSE
SMAD3,ICAM4,0.0580864336400403,0.038,0.038,0.359020560190697,FALSE
SMAD3,CAPS2,0,0,0,-0.315630717610066,FALSE
SMAD3,MIPOL1,0.00483756098575842,0.014,0.014,-0.024830376477654,FALSE
SMAD3,FGGY,0.00143832374569032,0.004,0.004,0.113277756430677,FALSE
SMAD3,KCTD1,0,0,0,-0.00724155221771372,FALSE
SMAD3,NDNF,0.0477777814400574,0.036,0.036,-0.175871991900399,FALSE
SMAD3,METTL15,0.00695852111466365,0.02,0.02,-0.417926733710495,FALSE
SMAD3,ZDBF2,0.0139554796242929,0.028,0.028,0.0839491595689505,FALSE
SMAD3,SLC22A15,0.013366144238956,0.018,0.018,-0.358629613173974,FALSE
SMAD3,SLC38A9,0.00264038705497239,0.02,0.02,-0.239990690998419,FALSE
SMAD3,CCDC171,0,0,0,-0.163851003519112,FALSE
SMAD3,IGFBP2,0,0,0,-0.0456552786085363,FALSE
SMAD3,TNS3,0,0,0,-0.0228160243929598,FALSE
SMAD3,ACADL,0,0,0,-0.103304788435056,FALSE
SMAD3,STK32A,0.000453971613378083,0.002,0.002,-0.143837625839206,FALSE
SMAD3,OSBPL8,0.0170177365445313,0.016,0.016,0.21647578236256,FALSE
SMAD3,MAPK8,0,0,0,0.137985283836859,FALSE
SMAD3,APAF1,0.0057620155936986,0.032,0.032,-0.194783244235136,FALSE
SMAD3,PTCH2,0,0,0,0.100815405282375,FALSE
SMAD3,APLF,0,0,0,-0.218500683277967,FALSE
SMAD3,ACACB,0,0,0,-0.196621523024904,FALSE
SMAD3,FBXL17,0,0,0,-0.173231079236542,FALSE
SMAD3,HIST1H2AC,0.00851458202294674,0.032,0.032,-0.274641587231072,FALSE
SMAD3,OGN,0.0674454898896341,0.034,0.034,-0.337862654145768,FALSE
SMAD3,RGMA,0,0,0,-0.36059945885938,FALSE
SMAD3,JAM2,0.0424703740052987,0.02,0.02,-0.240888885518107,FALSE
SMAD3,STXBP5,0,0,0,-0.275574907649171,FALSE
SMAD3,ACYP2,0,0,0,-0.128164674086165,FALSE
SMAD3,DOCK11,0,0,0,-0.255306854838367,FALSE
SMAD3,TNIP1,0,0,0,-0.0872266203461266,FALSE
SMAD3,BMP2K,0.00159822043889219,0.006,0.006,-0.036037277393591,FALSE
SMAD3,PRKD2,0,0,0,-0.0574097541406225,FALSE
SMAD3,ZNRF3,0.0610700738857649,0.036,0.036,0.321330190595174,FALSE
SMAD3,MYO5C,0.000673916028083034,0.00202020202020202,0.00202020202020202,-0.195397517729948,FALSE
SMAD3,TJP1,0,0,0,0.132266877080934,FALSE
SMAD3,TLN2,0,0,0,-0.176929367539777,FALSE
SMAD3,SUFU,0.00128351670343325,0.006,0.006,-0.10444335848953,FALSE
SMAD3,AKAP7,0,0,0,-0.212752118610414,FALSE
SMAD3,CGNL1,0.0033716364616874,0.01,0.01,0.214485641993142,FALSE
SMAD3,FBLN5,0,0,0,-0.080027611946212,FALSE
SMAD3,IL34,0.199949184016219,0.12,0.12,-0.287424352268045,FALSE
SMAD3,PPP1R13L,0,0,0,0.0565774830980187,FALSE
SMAD3,PARN,0.000567806279356196,0.004,0.004,-0.220188247683853,FALSE
SMAD3,IL4R,0.0426603066389459,0.024,0.024,0.319903848751637,FALSE
SMAD3,EPHA2,0.0752442883283637,0.0457477305303392,0.0457477305303392,0.223904276212272,FALSE
SMAD3,WNT5A,0.000592398135541216,0.002,0.002,-0.141978585885393,FALSE
SMAD3,HEATR5B,0,0,0,-0.262798007902828,FALSE
SMAD3,IER5,0,0,0,-0.0303254220670696,FALSE
SMAD3,STX7,0.0810503823350587,0.028,0.028,-0.401889801130767,FALSE
SMAD3,KIAA0586,0,0,0,-0.0322022487690352,FALSE
SMAD3,UGCG,0,0,0,0.0943099515671856,FALSE
SMAD3,MPP5,0,0,0,0.22617060672281,FALSE
SMAD3,GALNT2,0.123562763734538,0.068,0.068,0.607008364728888,FALSE
SMAD3,SLC39A10,0.00187034484387502,0.006,0.006,-0.200769808932636,FALSE
SMAD3,MTM1,0.1627465821864,0.044,0.044,-0.324004062828773,FALSE
SMAD3,EIF2AK3,0,0,0,0.0127282853224509,FALSE
SMAD3,WDFY1,0.220646203527711,0.114,0.114,-0.278431328255232,FALSE
SMAD3,VASH2,0.00931104676388516,0.014,0.014,0.127317295899451,FALSE
SMAD3,DHX57,0.000519810311437071,0.002,0.002,-0.21359935009985,FALSE
SMAD3,EXOC2,0.00029602467036553,0.002,0.002,-0.334282385877446,FALSE
SMAD3,STK38,0.00549730974213628,0.02,0.02,-0.0997366220634547,FALSE
SMAD3,TIPARP,0.000543568158907372,0.002,0.002,0.145062566010314,FALSE
SMAD3,CEP295,0,0,0,-0.264335263729742,FALSE
SMAD3,GPC4,0.0112596924890195,0.016,0.016,-0.260528706812989,FALSE
SMAD3,DZIP1,0,0,0,-0.146115796885242,FALSE
SMAD3,EED,0.0169099068036128,0.014,0.014,0.248898057865187,FALSE
SMAD3,DZIP3,0.00271577244600614,0.01,0.01,-0.123735571058515,FALSE
