condition,pattern,pathway,cell_group,raw_score,row_scaled_score,cell_total_raw,pathway_total_raw,pathway_order,group_order
Aged,incoming,COLLAGEN,FAP3,4.11594759066694,1,6.66914780014321,15.8678988445276,1,1
Aged,incoming,COLLAGEN,Other FAPs,3.33573603794919,0.81044181551609,5.2521144035407,15.8678988445276,1,2
Aged,incoming,COLLAGEN,MuSC,1.35279270296427,0.328671022447364,2.65250485639754,15.8678988445276,1,3
Aged,incoming,COLLAGEN,Myogenic,0,0,0.458041090424547,15.8678988445276,1,4
Aged,incoming,COLLAGEN,Immune,3.31082237189846,0.804388855534961,5.68154920147881,15.8678988445276,1,5
Aged,incoming,COLLAGEN,Endothelial,2.01630806397647,0.489877001482846,3.98961367334551,15.8678988445276,1,6
Aged,incoming,COLLAGEN,Vascular stromal,1.73629207707231,0.421845040254985,3.13678218604055,15.8678988445276,1,7
Aged,incoming,LAMININ,FAP3,1.72217908760594,1,6.66914780014321,8.57568544305728,2,1
Aged,incoming,LAMININ,Other FAPs,1.22268730738318,0.709965250526227,5.2521144035407,8.57568544305728,2,2
Aged,incoming,LAMININ,MuSC,1.04884899936733,0.609024349973596,2.65250485639754,8.57568544305728,2,3
Aged,incoming,LAMININ,Myogenic,0.316180900215166,0.183593508068141,0.458041090424547,8.57568544305728,2,4
Aged,incoming,LAMININ,Immune,1.58834222030991,0.922286324192868,5.68154920147881,8.57568544305728,2,5
Aged,incoming,LAMININ,Endothelial,1.55372138207951,0.902183398498577,3.98961367334551,8.57568544305728,2,6
Aged,incoming,LAMININ,Vascular stromal,1.12372554609624,0.652502143466607,3.13678218604055,8.57568544305728,2,7
Aged,incoming,FN1,FAP3,0.691548700367669,1,6.66914780014321,2.41997950156997,3,1
Aged,incoming,FN1,Other FAPs,0.528940088963241,0.764863108964017,5.2521144035407,2.41997950156997,3,2
Aged,incoming,FN1,MuSC,0.196516450009178,0.284168634695862,2.65250485639754,2.41997950156997,3,3
Aged,incoming,FN1,Myogenic,0,0,0.458041090424547,2.41997950156997,3,4
Aged,incoming,FN1,Immune,0.664641162868524,0.961090900055427,5.68154920147881,2.41997950156997,3,5
Aged,incoming,FN1,Endothelial,0.179663982915665,0.259799465778975,3.98961367334551,2.41997950156997,3,6
Aged,incoming,FN1,Vascular stromal,0.158669116445695,0.22944026409324,3.13678218604055,2.41997950156997,3,7
Aged,incoming,THBS,FAP3,0.0766928683195331,0.584746326300899,6.66914780014321,0.543356915969149,4,1
Aged,incoming,THBS,Other FAPs,0.0766928683195331,0.584746326300899,5.2521144035407,0.543356915969149,4,2
Aged,incoming,THBS,MuSC,0,0,2.65250485639754,0.543356915969149,4,3
Aged,incoming,THBS,Myogenic,0.119451617545144,0.910761274949378,0.458041090424547,0.543356915969149,4,4
Aged,incoming,THBS,Immune,0.0265963148638834,0.202784140827822,5.68154920147881,0.543356915969149,4,5
Aged,incoming,THBS,Endothelial,0.131155793324418,1,3.98961367334551,0.543356915969149,4,6
Aged,incoming,THBS,Vascular stromal,0.112767453596638,0.859797731677046,3.13678218604055,0.543356915969149,4,7
Aged,incoming,HSPG,FAP3,0,0,6.66914780014321,0.0448171453284757,5,1
Aged,incoming,HSPG,Other FAPs,0,0,5.2521144035407,0.0448171453284757,5,2
Aged,incoming,HSPG,MuSC,0.0224085726642378,1,2.65250485639754,0.0448171453284757,5,3
Aged,incoming,HSPG,Myogenic,0.0224085726642378,1,0.458041090424547,0.0448171453284757,5,4
Aged,incoming,HSPG,Immune,0,0,5.68154920147881,0.0448171453284757,5,5
Aged,incoming,HSPG,Endothelial,0,0,3.98961367334551,0.0448171453284757,5,6
Aged,incoming,HSPG,Vascular stromal,0,0,3.13678218604055,0.0448171453284757,5,7
Aged,incoming,TENASCIN,FAP3,0.0513675856748812,0.652141982680775,6.66914780014321,0.181502659165412,6,1
Aged,incoming,TENASCIN,Other FAPs,0.0513675856748812,0.652141982680775,5.2521144035407,0.181502659165412,6,2
Aged,incoming,TENASCIN,MuSC,0,0,2.65250485639754,0.181502659165412,6,3
Aged,incoming,TENASCIN,Myogenic,0,0,0.458041090424547,0.181502659165412,6,4
Aged,incoming,TENASCIN,Immune,0,0,5.68154920147881,0.181502659165412,6,5
Aged,incoming,TENASCIN,Endothelial,0.0787674878156492,1,3.98961367334551,0.181502659165412,6,6
Aged,incoming,TENASCIN,Vascular stromal,0,0,3.13678218604055,0.181502659165412,6,7
Aged,incoming,ICAM,FAP3,0,0,6.66914780014321,0.0793157213615141,7,1
Aged,incoming,ICAM,Other FAPs,0,0,5.2521144035407,0.0793157213615141,7,2
Aged,incoming,ICAM,MuSC,0,0,2.65250485639754,0.0793157213615141,7,3
Aged,incoming,ICAM,Myogenic,0,0,0.458041090424547,0.0793157213615141,7,4
Aged,incoming,ICAM,Immune,0.0793157213615141,1,5.68154920147881,0.0793157213615141,7,5
Aged,incoming,ICAM,Endothelial,0,0,3.98961367334551,0.0793157213615141,7,6
Aged,incoming,ICAM,Vascular stromal,0,0,3.13678218604055,0.0793157213615141,7,7
Aged,incoming,TGFb,FAP3,0.00448769737901059,0.150764645009896,6.66914780014321,0.0422105380263267,8,1
Aged,incoming,TGFb,Other FAPs,0.0297662451214344,1,5.2521144035407,0.0422105380263267,8,2
Aged,incoming,TGFb,MuSC,0,0,2.65250485639754,0.0422105380263267,8,3
Aged,incoming,TGFb,Myogenic,0,0,0.458041090424547,0.0422105380263267,8,4
Aged,incoming,TGFb,Immune,0.00795659552588174,0.267302627302235,5.68154920147881,0.0422105380263267,8,5
Aged,incoming,TGFb,Endothelial,0,0,3.98961367334551,0.0422105380263267,8,6
Aged,incoming,TGFb,Vascular stromal,0,0,3.13678218604055,0.0422105380263267,8,7
Aged,incoming,JAM,FAP3,0.00692427012923585,0.916954200429306,6.66914780014321,0.0362129407124904,9,1
Aged,incoming,JAM,Other FAPs,0.00692427012923585,0.916954200429306,5.2521144035407,0.0362129407124904,9,2
Aged,incoming,JAM,MuSC,0.00755138056622021,1,2.65250485639754,0.0362129407124904,9,3
Aged,incoming,JAM,Myogenic,0,0,0.458041090424547,0.0362129407124904,9,4
Aged,incoming,JAM,Immune,0.00387481465062979,0.513126655007046,5.68154920147881,0.0362129407124904,9,5
Aged,incoming,JAM,Endothelial,0.00561021240749493,0.742938639934431,3.98961367334551,0.0362129407124904,9,6
Aged,incoming,JAM,Vascular stromal,0.00532799282967381,0.70556539734041,3.13678218604055,0.0362129407124904,9,7
Aged,incoming,CDH5,FAP3,0,0,6.66914780014321,0.0243867508263049,10,1
Aged,incoming,CDH5,Other FAPs,0,0,5.2521144035407,0.0243867508263049,10,2
Aged,incoming,CDH5,MuSC,0,0,2.65250485639754,0.0243867508263049,10,3
Aged,incoming,CDH5,Myogenic,0,0,0.458041090424547,0.0243867508263049,10,4
Aged,incoming,CDH5,Immune,0,0,5.68154920147881,0.0243867508263049,10,5
Aged,incoming,CDH5,Endothelial,0.0243867508263049,1,3.98961367334551,0.0243867508263049,10,6
Aged,incoming,CDH5,Vascular stromal,0,0,3.13678218604055,0.0243867508263049,10,7
Aged,incoming,CDH,FAP3,0,0,6.66914780014321,0.0243867508263049,11,1
Aged,incoming,CDH,Other FAPs,0,0,5.2521144035407,0.0243867508263049,11,2
Aged,incoming,CDH,MuSC,0.0243867508263049,1,2.65250485639754,0.0243867508263049,11,3
Aged,incoming,CDH,Myogenic,0,0,0.458041090424547,0.0243867508263049,11,4
Aged,incoming,CDH,Immune,0,0,5.68154920147881,0.0243867508263049,11,5
Aged,incoming,CDH,Endothelial,0,0,3.98961367334551,0.0243867508263049,11,6
Aged,incoming,CDH,Vascular stromal,0,0,3.13678218604055,0.0243867508263049,11,7
Aged,outgoing,COLLAGEN,FAP3,3.57134226396995,0.735166949529122,6.78556969220147,15.8678988445276,1,1
Aged,outgoing,COLLAGEN,Other FAPs,4.85786564025683,1,8.83358464438016,15.8678988445276,1,2
Aged,outgoing,COLLAGEN,MuSC,1.63098567876012,0.335741208082053,4.36207422495473,15.8678988445276,1,3
Aged,outgoing,COLLAGEN,Myogenic,0.225606671474219,0.0464415214790279,0.308118971467613,15.8678988445276,1,4
Aged,outgoing,COLLAGEN,Immune,0,0,0.0401735859384535,15.8678988445276,1,5
Aged,outgoing,COLLAGEN,Endothelial,2.07469098502152,0.427078708770511,2.84929000191541,15.8678988445276,1,6
Aged,outgoing,COLLAGEN,Vascular stromal,3.50740760504499,0.7220058899899,4.66094209051303,15.8678988445276,1,7
Aged,outgoing,LAMININ,FAP3,2.3627720040276,0.833982305097014,6.78556969220147,8.57568544305728,2,1
Aged,outgoing,LAMININ,Other FAPs,2.83312006692126,1,8.83358464438016,8.57568544305728,2,2
Aged,outgoing,LAMININ,MuSC,1.70060126754428,0.600257393747634,4.36207422495473,8.57568544305728,2,3
Aged,outgoing,LAMININ,Myogenic,0.0825122999933935,0.0291241804245379,0.308118971467613,8.57568544305728,2,4
Aged,outgoing,LAMININ,Immune,0,0,0.0401735859384535,8.57568544305728,2,5
Aged,outgoing,LAMININ,Endothelial,0.626411657850518,0.221103110017938,2.84929000191541,8.57568544305728,2,6
Aged,outgoing,LAMININ,Vascular stromal,0.970268146720239,0.342473359335817,4.66094209051303,8.57568544305728,2,7
Aged,outgoing,FN1,FAP3,0.569367055061477,0.569209370775959,6.78556969220147,2.41997950156997,3,1
Aged,outgoing,FN1,Other FAPs,0.815827481992137,0.815601541322651,8.83358464438016,2.41997950156997,3,2
Aged,outgoing,FN1,MuSC,1.00027702334785,1,4.36207422495473,2.41997950156997,3,3
Aged,outgoing,FN1,Myogenic,0,0,0.308118971467613,2.41997950156997,3,4
Aged,outgoing,FN1,Immune,0.0115026470561709,0.0114994614368652,0.0401735859384535,2.41997950156997,3,5
Aged,outgoing,FN1,Endothelial,0.0115026470561709,0.0114994614368652,2.84929000191541,2.41997950156997,3,6
Aged,outgoing,FN1,Vascular stromal,0.0115026470561709,0.0114994614368652,4.66094209051303,2.41997950156997,3,7
Aged,outgoing,THBS,FAP3,0.181118971989716,0.819113062842067,6.78556969220147,0.543356915969149,4,1
Aged,outgoing,THBS,Other FAPs,0.221115960916665,1,8.83358464438016,0.543356915969149,4,2
Aged,outgoing,THBS,MuSC,0,0,4.36207422495473,0.543356915969149,4,3
Aged,outgoing,THBS,Myogenic,0,0,0.308118971467613,0.543356915969149,4,4
Aged,outgoing,THBS,Immune,0,0,0.0401735859384535,0.543356915969149,4,5
Aged,outgoing,THBS,Endothelial,0,0,2.84929000191541,0.543356915969149,4,6
Aged,outgoing,THBS,Vascular stromal,0.141121983062767,0.638226125684133,4.66094209051303,0.543356915969149,4,7
Aged,outgoing,HSPG,FAP3,0.0116019662175514,0.837775390114062,6.78556969220147,0.0448171453284757,5,1
Aged,outgoing,HSPG,Other FAPs,0.0138485402584717,1,8.83358464438016,0.0448171453284757,5,2
Aged,outgoing,HSPG,MuSC,0.00388233631745055,0.280342638645656,4.36207422495473,0.0448171453284757,5,3
Aged,outgoing,HSPG,Myogenic,0,0,0.308118971467613,0.0448171453284757,5,4
Aged,outgoing,HSPG,Immune,0,0,0.0401735859384535,0.0448171453284757,5,5
Aged,outgoing,HSPG,Endothelial,0.0116019662175514,0.837775390114062,2.84929000191541,0.0448171453284757,5,6
Aged,outgoing,HSPG,Vascular stromal,0.00388233631745055,0.280342638645656,4.66094209051303,0.0448171453284757,5,7
Aged,outgoing,TENASCIN,FAP3,0.0785068009562272,0.951434522088853,6.78556969220147,0.181502659165412,6,1
Aged,outgoing,TENASCIN,Other FAPs,0.0825141395793242,1,8.83358464438016,0.181502659165412,6,2
Aged,outgoing,TENASCIN,MuSC,0,0,4.36207422495473,0.181502659165412,6,3
Aged,outgoing,TENASCIN,Myogenic,0,0,0.308118971467613,0.181502659165412,6,4
Aged,outgoing,TENASCIN,Immune,0,0,0.0401735859384535,0.181502659165412,6,5
Aged,outgoing,TENASCIN,Endothelial,0,0,2.84929000191541,0.181502659165412,6,6
Aged,outgoing,TENASCIN,Vascular stromal,0.0204817186298603,0.248220713859233,4.66094209051303,0.181502659165412,6,7
Aged,outgoing,ICAM,FAP3,0.00632494784404643,0.104820282229427,6.78556969220147,0.0793157213615141,7,1
Aged,outgoing,ICAM,Other FAPs,0.00632494784404643,0.104820282229427,8.83358464438016,0.0793157213615141,7,2
Aged,outgoing,ICAM,MuSC,0,0,4.36207422495473,0.0793157213615141,7,3
Aged,outgoing,ICAM,Myogenic,0,0,0.308118971467613,0.0793157213615141,7,4
Aged,outgoing,ICAM,Immune,0.00632494784404643,0.104820282229427,0.0401735859384535,0.0793157213615141,7,5
Aged,outgoing,ICAM,Endothelial,0.0603408778293748,1,2.84929000191541,0.0793157213615141,7,6
Aged,outgoing,ICAM,Vascular stromal,0,0,4.66094209051303,0.0793157213615141,7,7
Aged,outgoing,TGFb,FAP3,0.0045356821349008,0.20297520602867,6.78556969220147,0.0422105380263267,8,1
Aged,outgoing,TGFb,Other FAPs,0.00296786661142954,0.132814275560714,8.83358464438016,0.0422105380263267,8,2
Aged,outgoing,TGFb,MuSC,0,0,4.36207422495473,0.0422105380263267,8,3
Aged,outgoing,TGFb,Myogenic,0,0,0.308118971467613,0.0422105380263267,8,4
Aged,outgoing,TGFb,Immune,0.0223459910382362,1,0.0401735859384535,0.0422105380263267,8,5
Aged,outgoing,TGFb,Endothelial,0.00608334456020654,0.27223427011124,2.84929000191541,0.0422105380263267,8,6
Aged,outgoing,TGFb,Vascular stromal,0.00627765368155364,0.280929750254171,4.66094209051303,0.0422105380263267,8,7
Aged,outgoing,JAM,FAP3,0,0,6.78556969220147,0.0362129407124904,9,1
Aged,outgoing,JAM,Other FAPs,0,0,8.83358464438016,0.0362129407124904,9,2
Aged,outgoing,JAM,MuSC,0.00194116815872528,0.0566404365481825,4.36207422495473,0.0362129407124904,9,3
Aged,outgoing,JAM,Myogenic,0,0,0.308118971467613,0.0362129407124904,9,4
Aged,outgoing,JAM,Immune,0,0,0.0401735859384535,0.0362129407124904,9,5
Aged,outgoing,JAM,Endothelial,0.0342717725537652,1,2.84929000191541,0.0362129407124904,9,6
Aged,outgoing,JAM,Vascular stromal,0,0,4.66094209051303,0.0362129407124904,9,7
Aged,outgoing,CDH5,FAP3,0,0,6.78556969220147,0.0243867508263049,10,1
Aged,outgoing,CDH5,Other FAPs,0,0,8.83358464438016,0.0243867508263049,10,2
Aged,outgoing,CDH5,MuSC,0,0,4.36207422495473,0.0243867508263049,10,3
Aged,outgoing,CDH5,Myogenic,0,0,0.308118971467613,0.0243867508263049,10,4
Aged,outgoing,CDH5,Immune,0,0,0.0401735859384535,0.0243867508263049,10,5
Aged,outgoing,CDH5,Endothelial,0.0243867508263049,1,2.84929000191541,0.0243867508263049,10,6
Aged,outgoing,CDH5,Vascular stromal,0,0,4.66094209051303,0.0243867508263049,10,7
Aged,outgoing,CDH,FAP3,0,0,6.78556969220147,0.0243867508263049,11,1
Aged,outgoing,CDH,Other FAPs,0,0,8.83358464438016,0.0243867508263049,11,2
Aged,outgoing,CDH,MuSC,0.0243867508263049,1,4.36207422495473,0.0243867508263049,11,3
Aged,outgoing,CDH,Myogenic,0,0,0.308118971467613,0.0243867508263049,11,4
Aged,outgoing,CDH,Immune,0,0,0.0401735859384535,0.0243867508263049,11,5
Aged,outgoing,CDH,Endothelial,0,0,2.84929000191541,0.0243867508263049,11,6
Aged,outgoing,CDH,Vascular stromal,0,0,4.66094209051303,0.0243867508263049,11,7
Young,incoming,COLLAGEN,FAP3,3.21011617510544,0.807840468277947,5.28157614199179,19.6686301083553,1,1
Young,incoming,COLLAGEN,Other FAPs,3.97370062674425,1,6.05523592906163,19.6686301083553,1,2
Young,incoming,COLLAGEN,MuSC,2.82996457192388,0.712173572633361,5.70717396131039,19.6686301083553,1,3
Young,incoming,COLLAGEN,Myogenic,0,0,0.496074959979603,19.6686301083553,1,4
Young,incoming,COLLAGEN,Immune,3.74003022443332,0.941195770829273,6.19276415314689,19.6686301083553,1,5
Young,incoming,COLLAGEN,Endothelial,2.36306101428949,0.594675149503048,4.41814675026932,19.6686301083553,1,6
Young,incoming,COLLAGEN,Vascular stromal,3.55175749585896,0.893816074606758,6.00154220104743,19.6686301083553,1,7
Young,incoming,LAMININ,FAP3,1.3730987785788,0.610832600339104,5.28157614199179,10.6247723141935,2,1
Young,incoming,LAMININ,Other FAPs,1.2982201429688,0.577522315301317,6.05523592906163,10.6247723141935,2,2
Young,incoming,LAMININ,MuSC,2.24791338546194,1,5.70717396131039,10.6247723141935,2,3
Young,incoming,LAMININ,Myogenic,0.353853900890008,0.157414384014307,0.496074959979603,10.6247723141935,2,4
Young,incoming,LAMININ,Immune,1.64761987212512,0.732955229850429,6.19276415314689,10.6247723141935,2,5
Young,incoming,LAMININ,Endothelial,1.66801165790101,0.742026658450739,4.41814675026932,10.6247723141935,2,6
Young,incoming,LAMININ,Vascular stromal,2.03605457626786,0.905753126181707,6.00154220104743,10.6247723141935,2,7
Young,incoming,FN1,FAP3,0.62191091800293,0.930346641055768,5.28157614199179,2.92425417146056,3,1
Young,incoming,FN1,Other FAPs,0.62097864210111,0.92895200441459,6.05523592906163,2.92425417146056,3,2
Young,incoming,FN1,MuSC,0.498292338490767,0.745419625156869,5.70717396131039,2.92425417146056,3,3
Young,incoming,FN1,Myogenic,0,0,0.496074959979603,2.92425417146056,3,4
Young,incoming,FN1,Immune,0.668472255993936,1,6.19276415314689,2.92425417146056,3,5
Young,incoming,FN1,Endothelial,0.217183198950079,0.324894858391923,4.41814675026932,2.92425417146056,3,6
Young,incoming,FN1,Vascular stromal,0.297416817921739,0.444920212102919,6.00154220104743,2.92425417146056,3,7
Young,incoming,THBS,FAP3,0.0280394364697943,0.253940470596925,5.28157614199179,0.404125607953603,4,1
Young,incoming,THBS,Other FAPs,0.0280394364697943,0.253940470596925,6.05523592906163,0.404125607953603,4,2
Young,incoming,THBS,MuSC,0,0,5.70717396131039,0.404125607953603,4,3
Young,incoming,THBS,Myogenic,0.110417360430511,1,0.496074959979603,0.404125607953603,4,4
Young,incoming,THBS,Immune,0.0280394364697943,0.253940470596925,6.19276415314689,0.404125607953603,4,5
Young,incoming,THBS,Endothelial,0.099172577683198,0.898161098006054,4.41814675026932,0.404125607953603,4,6
Young,incoming,THBS,Vascular stromal,0.110417360430511,1,6.00154220104743,0.404125607953603,4,7
Young,incoming,HSPG,FAP3,0,0,5.28157614199179,0.142789510506796,5,1
Young,incoming,HSPG,Other FAPs,0,0,6.05523592906163,0.142789510506796,5,2
Young,incoming,HSPG,MuSC,0.110985811847712,1,5.70717396131039,0.142789510506796,5,3
Young,incoming,HSPG,Myogenic,0.0318036986590843,0.286556435724626,0.496074959979603,0.142789510506796,5,4
Young,incoming,HSPG,Immune,0,0,6.19276415314689,0.142789510506796,5,5
Young,incoming,HSPG,Endothelial,0,0,4.41814675026932,0.142789510506796,5,6
Young,incoming,HSPG,Vascular stromal,0,0,6.00154220104743,0.142789510506796,5,7
Young,incoming,TENASCIN,FAP3,0,0,5.28157614199179,0.132139794199794,6,1
Young,incoming,TENASCIN,Other FAPs,0.0933803646820081,1,6.05523592906163,0.132139794199794,6,2
Young,incoming,TENASCIN,MuSC,0,0,5.70717396131039,0.132139794199794,6,3
Young,incoming,TENASCIN,Myogenic,0,0,0.496074959979603,0.132139794199794,6,4
Young,incoming,TENASCIN,Immune,0,0,6.19276415314689,0.132139794199794,6,5
Young,incoming,TENASCIN,Endothelial,0.0387594295177864,0.415070444946059,4.41814675026932,0.132139794199794,6,6
Young,incoming,TENASCIN,Vascular stromal,0,0,6.00154220104743,0.132139794199794,6,7
Young,incoming,ICAM,FAP3,0,0,5.28157614199179,0.0878998809152223,7,1
Young,incoming,ICAM,Other FAPs,0,0,6.05523592906163,0.0878998809152223,7,2
Young,incoming,ICAM,MuSC,0,0,5.70717396131039,0.0878998809152223,7,3
Young,incoming,ICAM,Myogenic,0,0,0.496074959979603,0.0878998809152223,7,4
Young,incoming,ICAM,Immune,0.0878998809152223,1,6.19276415314689,0.0878998809152223,7,5
Young,incoming,ICAM,Endothelial,0,0,4.41814675026932,0.0878998809152223,7,6
Young,incoming,ICAM,Vascular stromal,0,0,6.00154220104743,0.0878998809152223,7,7
Young,incoming,TGFb,FAP3,0.0333909717355964,0.932994236609632,5.28157614199179,0.0818277581308158,8,1
Young,incoming,TGFb,Other FAPs,0.0357890439462246,1,6.05523592906163,0.0818277581308158,8,2
Young,incoming,TGFb,MuSC,0,0,5.70717396131039,0.0818277581308158,8,3
Young,incoming,TGFb,Myogenic,0,0,0.496074959979603,0.0818277581308158,8,4
Young,incoming,TGFb,Immune,0.0126477424489948,0.353397047096282,6.19276415314689,0.0818277581308158,8,5
Young,incoming,TGFb,Endothelial,0,0,4.41814675026932,0.0818277581308158,8,6
Young,incoming,TGFb,Vascular stromal,0,0,6.00154220104743,0.0818277581308158,8,7
Young,incoming,JAM,FAP3,0.0150198620992317,0.946043896041462,5.28157614199179,0.0559587834941173,9,1
Young,incoming,JAM,Other FAPs,0.00512767214944547,0.322972535022997,6.05523592906163,0.0559587834941173,9,2
Young,incoming,JAM,MuSC,0.0158764959660745,1,5.70717396131039,0.0559587834941173,9,3
Young,incoming,JAM,Myogenic,0,0,0.496074959979603,0.0559587834941173,9,4
Young,incoming,JAM,Immune,0.00805474076050851,0.507337436278144,6.19276415314689,0.0559587834941173,9,5
Young,incoming,JAM,Endothelial,0.0059840619504997,0.376913266207271,4.41814675026932,0.0559587834941173,9,6
Young,incoming,JAM,Vascular stromal,0.00589595056835753,0.37136346590307,6.00154220104743,0.0559587834941173,9,7
Young,incoming,CDH5,FAP3,0,0,5.28157614199179,0.0259748099772517,10,1
Young,incoming,CDH5,Other FAPs,0,0,6.05523592906163,0.0259748099772517,10,2
Young,incoming,CDH5,MuSC,0,0,5.70717396131039,0.0259748099772517,10,3
Young,incoming,CDH5,Myogenic,0,0,0.496074959979603,0.0259748099772517,10,4
Young,incoming,CDH5,Immune,0,0,6.19276415314689,0.0259748099772517,10,5
Young,incoming,CDH5,Endothelial,0.0259748099772517,1,4.41814675026932,0.0259748099772517,10,6
Young,incoming,CDH5,Vascular stromal,0,0,6.00154220104743,0.0259748099772517,10,7
Young,incoming,CDH,FAP3,0,0,5.28157614199179,0.00414135762001763,11,1
Young,incoming,CDH,Other FAPs,0,0,6.05523592906163,0.00414135762001763,11,2
Young,incoming,CDH,MuSC,0.00414135762001763,1,5.70717396131039,0.00414135762001763,11,3
Young,incoming,CDH,Myogenic,0,0,0.496074959979603,0.00414135762001763,11,4
Young,incoming,CDH,Immune,0,0,6.19276415314689,0.00414135762001763,11,5
Young,incoming,CDH,Endothelial,0,0,4.41814675026932,0.00414135762001763,11,6
Young,incoming,CDH,Vascular stromal,0,0,6.00154220104743,0.00414135762001763,11,7
Young,outgoing,COLLAGEN,FAP3,5.75528030977294,0.899112122285792,9.79124048551665,19.6686301083553,1,1
Young,outgoing,COLLAGEN,Other FAPs,6.40107075315749,1,11.4860457442233,19.6686301083553,1,2
Young,outgoing,COLLAGEN,MuSC,1.60170881334758,0.25022513812357,4.77237219349636,19.6686301083553,1,3
Young,outgoing,COLLAGEN,Myogenic,0.604284692920578,0.0944036890425714,0.652634884407937,19.6686301083553,1,4
Young,outgoing,COLLAGEN,Immune,0,0,0.0465115406468754,19.6686301083553,1,5
Young,outgoing,COLLAGEN,Endothelial,1.88789809005039,0.294934732461617,2.56108544701319,19.6686301083553,1,6
Young,outgoing,COLLAGEN,Vascular stromal,3.41838744910637,0.534033692319392,4.84262380150271,19.6686301083553,1,7
Young,outgoing,LAMININ,FAP3,2.69139338621336,0.701483554524379,9.79124048551665,10.6247723141935,2,1
Young,outgoing,LAMININ,Other FAPs,3.83671629770163,1,11.4860457442233,10.6247723141935,2,2
Young,outgoing,LAMININ,MuSC,2.2131907234034,0.576845028841253,4.77237219349636,10.6247723141935,2,3
Young,outgoing,LAMININ,Myogenic,0.0483501914873591,0.012601972034347,0.652634884407937,10.6247723141935,2,4
Young,outgoing,LAMININ,Immune,0,0,0.0465115406468754,10.6247723141935,2,5
Young,outgoing,LAMININ,Endothelial,0.480639046728216,0.125273543685297,2.56108544701319,10.6247723141935,2,6
Young,outgoing,LAMININ,Vascular stromal,1.35448266865958,0.353031749955287,4.84262380150271,10.6247723141935,2,7
Young,outgoing,FN1,FAP3,1.07514380971175,1,9.79124048551665,2.92425417146056,3,1
Young,outgoing,FN1,Other FAPs,0.941504541512994,0.875701029953763,11.4860457442233,2.92425417146056,3,2
Young,outgoing,FN1,MuSC,0.907605820235814,0.844171553644665,4.77237219349636,2.92425417146056,3,3
Young,outgoing,FN1,Myogenic,0,0,0.652634884407937,2.92425417146056,3,4
Young,outgoing,FN1,Immune,0,0,0.0465115406468754,2.92425417146056,3,5
Young,outgoing,FN1,Endothelial,0,0,2.56108544701319,2.92425417146056,3,6
Young,outgoing,FN1,Vascular stromal,0,0,4.84262380150271,2.92425417146056,3,7
Young,outgoing,THBS,FAP3,0.166034256973391,1,9.79124048551665,0.404125607953603,4,1
Young,outgoing,THBS,Other FAPs,0.147914409772076,0.890866815489659,11.4860457442233,0.404125607953603,4,2
Young,outgoing,THBS,MuSC,0.0300589804027118,0.181040834287162,4.77237219349636,0.404125607953603,4,3
Young,outgoing,THBS,Myogenic,0,0,0.652634884407937,0.404125607953603,4,4
Young,outgoing,THBS,Immune,0,0,0.0465115406468754,0.404125607953603,4,5
Young,outgoing,THBS,Endothelial,0,0,2.56108544701319,0.404125607953603,4,6
Young,outgoing,THBS,Vascular stromal,0.0601179608054236,0.362081668574325,4.84262380150271,0.404125607953603,4,7
Young,outgoing,HSPG,FAP3,0.0333585932240492,0.500745479089407,9.79124048551665,0.142789510506796,5,1
Young,outgoing,HSPG,Other FAPs,0.0666178620018916,1,11.4860457442233,0.142789510506796,5,2
Young,outgoing,HSPG,MuSC,0.00945446205680625,0.141920826827763,4.77237219349636,0.142789510506796,5,3
Young,outgoing,HSPG,Myogenic,0,0,0.652634884407937,0.142789510506796,5,4
Young,outgoing,HSPG,Immune,0,0,0.0465115406468754,0.142789510506796,5,5
Young,outgoing,HSPG,Endothelial,0.0333585932240492,0.500745479089407,2.56108544701319,0.142789510506796,5,6
Young,outgoing,HSPG,Vascular stromal,0,0,4.84262380150271,0.142789510506796,5,7
Young,outgoing,TENASCIN,FAP3,0.0476911008851891,0.564734621855195,9.79124048551665,0.132139794199794,6,1
Young,outgoing,TENASCIN,Other FAPs,0.0844486933146054,1,11.4860457442233,0.132139794199794,6,2
Young,outgoing,TENASCIN,MuSC,0,0,4.77237219349636,0.132139794199794,6,3
Young,outgoing,TENASCIN,Myogenic,0,0,0.652634884407937,0.132139794199794,6,4
Young,outgoing,TENASCIN,Immune,0,0,0.0465115406468754,0.132139794199794,6,5
Young,outgoing,TENASCIN,Endothelial,0,0,2.56108544701319,0.132139794199794,6,6
Young,outgoing,TENASCIN,Vascular stromal,0,0,4.84262380150271,0.132139794199794,6,7
Young,outgoing,ICAM,FAP3,0,0,9.79124048551665,0.0878998809152223,7,1
Young,outgoing,ICAM,Other FAPs,0,0,11.4860457442233,0.0878998809152223,7,2
Young,outgoing,ICAM,MuSC,0,0,4.77237219349636,0.0878998809152223,7,3
Young,outgoing,ICAM,Myogenic,0,0,0.652634884407937,0.0878998809152223,7,4
Young,outgoing,ICAM,Immune,0.00881752651648166,0.111498027385766,0.0465115406468754,0.0878998809152223,7,5
Young,outgoing,ICAM,Endothelial,0.0790823543987406,1,2.56108544701319,0.0878998809152223,7,6
Young,outgoing,ICAM,Vascular stromal,0,0,4.84262380150271,0.0878998809152223,7,7
Young,outgoing,TGFb,FAP3,0.0161269923059384,0.427839610028022,9.79124048551665,0.0818277581308158,8,1
Young,outgoing,TGFb,Other FAPs,0.00777318676265598,0.206218067828129,11.4860457442233,0.0818277581308158,8,2
Young,outgoing,TGFb,MuSC,0,0,4.77237219349636,0.0818277581308158,8,3
Young,outgoing,TGFb,Myogenic,0,0,0.652634884407937,0.0818277581308158,8,4
Young,outgoing,TGFb,Immune,0.0376940141303937,1,0.0465115406468754,0.0818277581308158,8,5
Young,outgoing,TGFb,Endothelial,0.0105978420004853,0.281154508082491,2.56108544701319,0.0818277581308158,8,6
Young,outgoing,TGFb,Vascular stromal,0.00963572293134238,0.25563005569027,4.84262380150271,0.0818277581308158,8,7
Young,outgoing,JAM,FAP3,0.00621203643002645,0.142691575057025,9.79124048551665,0.0559587834941173,9,1
Young,outgoing,JAM,Other FAPs,0,0,11.4860457442233,0.0559587834941173,9,2
Young,outgoing,JAM,MuSC,0.00621203643002645,0.142691575057025,4.77237219349636,0.0559587834941173,9,3
Young,outgoing,JAM,Myogenic,0,0,0.652634884407937,0.0559587834941173,9,4
Young,outgoing,JAM,Immune,0,0,0.0465115406468754,0.0559587834941173,9,5
Young,outgoing,JAM,Endothelial,0.0435347106340644,1,2.56108544701319,0.0559587834941173,9,6
Young,outgoing,JAM,Vascular stromal,0,0,4.84262380150271,0.0559587834941173,9,7
Young,outgoing,CDH5,FAP3,0,0,9.79124048551665,0.0259748099772517,10,1
Young,outgoing,CDH5,Other FAPs,0,0,11.4860457442233,0.0259748099772517,10,2
Young,outgoing,CDH5,MuSC,0,0,4.77237219349636,0.0259748099772517,10,3
Young,outgoing,CDH5,Myogenic,0,0,0.652634884407937,0.0259748099772517,10,4
Young,outgoing,CDH5,Immune,0,0,0.0465115406468754,0.0259748099772517,10,5
Young,outgoing,CDH5,Endothelial,0.0259748099772517,1,2.56108544701319,0.0259748099772517,10,6
Young,outgoing,CDH5,Vascular stromal,0,0,4.84262380150271,0.0259748099772517,10,7
Young,outgoing,CDH,FAP3,0,0,9.79124048551665,0.00414135762001763,11,1
Young,outgoing,CDH,Other FAPs,0,0,11.4860457442233,0.00414135762001763,11,2
Young,outgoing,CDH,MuSC,0.00414135762001763,1,4.77237219349636,0.00414135762001763,11,3
Young,outgoing,CDH,Myogenic,0,0,0.652634884407937,0.00414135762001763,11,4
Young,outgoing,CDH,Immune,0,0,0.0465115406468754,0.00414135762001763,11,5
Young,outgoing,CDH,Endothelial,0,0,2.56108544701319,0.00414135762001763,11,6
Young,outgoing,CDH,Vascular stromal,0,0,4.84262380150271,0.00414135762001763,11,7
