condition,source,target,interaction_weight,source_order,target_order,interaction_count,source_vertex_weight
Aged,FAP3,FAP3,1.70161081000885,1,1,28,6.78556969220147
Aged,FAP3,Other FAPs,1.3289100195715,1,2,28,6.78556969220147
Aged,FAP3,MuSC,0.615925368783196,1,3,17,6.78556969220147
Aged,FAP3,Myogenic,0.13167246150494,1,4,13,6.78556969220147
Aged,FAP3,Immune,1.43166634809362,1,5,22,6.78556969220147
Aged,FAP3,Endothelial,1.00472698917864,1,6,38,6.78556969220147
Aged,FAP3,Vascular stromal,0.571057695060724,1,7,20,6.78556969220147
Aged,Other FAPs,FAP3,2.05118894272148,2,1,31,8.83358464438016
Aged,Other FAPs,Other FAPs,1.63511007066901,2,2,31,8.83358464438016
Aged,Other FAPs,MuSC,0.974255757360431,2,3,25,8.83358464438016
Aged,Other FAPs,Myogenic,0.155142207834695,2,4,16,8.83358464438016
Aged,Other FAPs,Immune,1.72354065689705,2,5,23,8.83358464438016
Aged,Other FAPs,Endothelial,1.21250078189219,2,6,43,8.83358464438016
Aged,Other FAPs,Vascular stromal,1.08184622700531,2,7,30,8.83358464438016
Aged,MuSC,FAP3,1.11247219604335,3,1,15,4.36207422495473
Aged,MuSC,Other FAPs,0.864188744143825,3,2,14,4.36207422495473
Aged,MuSC,MuSC,0.304287194774831,3,3,12,4.36207422495473
Aged,MuSC,Myogenic,0.0648146869342838,3,4,7,4.36207422495473
Aged,MuSC,Immune,0.969980236535759,3,5,10,4.36207422495473
Aged,MuSC,Endothelial,0.624468755962627,3,6,22,4.36207422495473
Aged,MuSC,Vascular stromal,0.421862410560052,3,7,13,4.36207422495473
Aged,Myogenic,FAP3,0.0574411278413349,4,1,4,0.308118971467613
Aged,Myogenic,Other FAPs,0.0445769784274862,4,2,4,0.308118971467613
Aged,Myogenic,MuSC,0.0333584983469949,4,3,6,0.308118971467613
Aged,Myogenic,Myogenic,0.00776467263490111,4,4,4,0.308118971467613
Aged,Myogenic,Immune,0.0465301286475009,4,5,2,0.308118971467613
Aged,Myogenic,Endothelial,0.064326105949573,4,6,10,0.308118971467613
Aged,Myogenic,Vascular stromal,0.0541214596198216,4,7,8,0.308118971467613
Aged,Immune,FAP3,0.00290611234574351,5,1,1,0.0401735859384535
Aged,Immune,Other FAPs,0.018484027794918,5,2,3,0.0401735859384535
Aged,Immune,MuSC,0,5,3,0,0.0401735859384535
Aged,Immune,Myogenic,0,5,4,0,0.0401735859384535
Aged,Immune,Immune,0.0168422776390667,5,5,5,0.0401735859384535
Aged,Immune,Endothelial,0.00194116815872528,5,6,1,0.0401735859384535
Aged,Immune,Vascular stromal,0,5,7,0,0.0401735859384535
Aged,Endothelial,FAP3,0.66050985720819,6,1,9,2.84929000191541
Aged,Endothelial,Other FAPs,0.473641484898143,6,2,10,2.84929000191541
Aged,Endothelial,MuSC,0.287102053303584,6,3,13,2.84929000191541
Aged,Endothelial,Myogenic,0.0296782378855664,6,4,7,2.84929000191541
Aged,Endothelial,Immune,0.61379758672822,6,5,12,2.84929000191541
Aged,Endothelial,Endothelial,0.399444433279872,6,6,17,2.84929000191541
Aged,Endothelial,Vascular stromal,0.385116348611835,6,7,12,2.84929000191541
Aged,Vascular stromal,FAP3,1.08301875397427,7,1,17,4.66094209051303
Aged,Vascular stromal,Other FAPs,0.887203078035819,7,2,19,4.66094209051303
Aged,Vascular stromal,MuSC,0.437575983828502,7,3,13,4.66094209051303
Aged,Vascular stromal,Myogenic,0.0689688236301609,7,4,10,4.66094209051303
Aged,Vascular stromal,Immune,0.879191966937593,7,5,10,4.66094209051303
Aged,Vascular stromal,Endothelial,0.682205438923873,7,6,29,4.66094209051303
Aged,Vascular stromal,Vascular stromal,0.622778045182815,7,7,18,4.66094209051303
Young,FAP3,FAP3,1.54642153176913,1,1,22,9.79124048551665
Young,FAP3,Other FAPs,1.76976094376312,1,2,30,9.79124048551665
Young,FAP3,MuSC,1.59833708501665,1,3,25,9.79124048551665
Young,FAP3,Myogenic,0.143618751697616,1,4,14,9.79124048551665
Young,FAP3,Immune,1.76290791888035,1,5,22,9.79124048551665
Young,FAP3,Endothelial,1.22356091991666,1,6,32,9.79124048551665
Young,FAP3,Vascular stromal,1.74663333447312,1,7,32,9.79124048551665
Young,Other FAPs,FAP3,1.76252773118663,2,1,20,11.4860457442233
Young,Other FAPs,Other FAPs,2.00797165263327,2,2,29,11.4860457442233
Young,Other FAPs,MuSC,1.92348591958929,2,3,26,11.4860457442233
Young,Other FAPs,Myogenic,0.182462424632895,2,4,13,11.4860457442233
Young,Other FAPs,Immune,1.99038731503377,2,5,20,11.4860457442233
Young,Other FAPs,Endothelial,1.54816975179643,2,6,36,11.4860457442233
Young,Other FAPs,Vascular stromal,2.07104094935107,2,7,35,11.4860457442233
Young,MuSC,FAP3,0.737466839355903,3,1,12,4.77237219349636
Young,MuSC,Other FAPs,0.832811440004946,3,2,17,4.77237219349636
Young,MuSC,MuSC,0.898331749750284,3,3,20,4.77237219349636
Young,MuSC,Myogenic,0.0822426107294712,3,4,8,4.77237219349636
Young,MuSC,Immune,0.907005420871148,3,5,14,4.77237219349636
Young,MuSC,Endothelial,0.586636604329339,3,6,20,4.77237219349636
Young,MuSC,Vascular stromal,0.727877528455266,3,7,18,4.77237219349636
Young,Myogenic,FAP3,0.100605723991861,4,1,2,0.652634884407937
Young,Myogenic,Other FAPs,0.119551121075203,4,2,4,0.652634884407937
Young,Myogenic,MuSC,0.0984019238450451,4,3,4,0.652634884407937
Young,Myogenic,Myogenic,0.00414135762001763,4,4,2,0.652634884407937
Young,Myogenic,Immune,0.138298593653623,4,5,3,0.652634884407937
Young,Myogenic,Endothelial,0.0766215475606959,4,6,5,0.652634884407937
Young,Myogenic,Vascular stromal,0.115014616661491,4,7,5,0.652634884407937
Young,Immune,FAP3,0.0154455507667822,5,1,2,0.0465115406468754
Young,Immune,Other FAPs,0.0157313872139029,5,2,2,0.0465115406468754
Young,Immune,MuSC,0,5,3,0,0.0465115406468754
Young,Immune,Myogenic,0,5,4,0,0.0465115406468754
Young,Immune,Immune,0.0153346026661903,5,5,5,0.0465115406468754
Young,Immune,Endothelial,0,5,6,0,0.0465115406468754
Young,Immune,Vascular stromal,0,5,7,0,0.0465115406468754
Young,Endothelial,FAP3,0.371476125644003,6,1,8,2.56108544701319
Young,Endothelial,Other FAPs,0.455298804495416,6,2,10,2.56108544701319
Young,Endothelial,MuSC,0.422664693144568,6,3,14,2.56108544701319
Young,Endothelial,Myogenic,0.0246370518691302,6,4,7,2.56108544701319
Young,Endothelial,Immune,0.526007335887058,6,5,13,2.56108544701319
Young,Endothelial,Endothelial,0.328962405313831,6,6,14,2.56108544701319
Young,Endothelial,Vascular stromal,0.432039030659187,6,7,12,2.56108544701319
Young,Vascular stromal,FAP3,0.74763263927749,7,1,11,4.84262380150271
Young,Vascular stromal,Other FAPs,0.854110579875779,7,2,17,4.84262380150271
Young,Vascular stromal,MuSC,0.765952589964557,7,3,14,4.84262380150271
Young,Vascular stromal,Myogenic,0.0589727634304729,7,4,8,4.84262380150271
Young,Vascular stromal,Immune,0.852822966154749,7,5,11,4.84262380150271
Young,Vascular stromal,Endothelial,0.654195521352364,7,6,21,4.84262380150271
Young,Vascular stromal,Vascular stromal,0.908936741447297,7,7,21,4.84262380150271
