chrom	start	end	value
chr15	66921817	66921963	1.00783
chr15	66921963	66922353	1.55505
chr15	66922353	66922402	2.32836
chr15	66922402	66922422	3.28096
chr15	66922422	66922895	3.44281
chr15	66922895	66922946	3.54749
chr15	66922946	66923217	3.62867
chr15	66923217	66923226	3.61027
chr15	66923226	66923354	3.59906
chr15	66923354	66923403	3.60242
chr15	66923403	66923872	7.33226
chr15	66923872	66924560	6.9505
chr15	66924560	66924801	6.90499
chr15	66924801	66924849	6.87911
chr15	66924849	66924934	6.87806
chr15	66924934	66925163	5.51173
chr15	66925163	66925314	4.69849
chr15	66925314	66925452	2.84728
chr15	66925452	66925636	2.10841
chr15	66925636	66925788	1.83549
chr15	66925788	66925929	1.73387
chr15	66925929	66926935	2.28093
chr15	66926935	66927128	4.19472
chr15	66927128	66927194	4.28186
chr15	66927194	66927898	4.31053
chr15	66927898	66928241	4.35671
chr15	66928241	66928469	4.0153
chr15	66928469	66928488	3.55969
chr15	66928488	66928510	2.93023
chr15	66928510	66928543	2.24452
chr15	66928543	66929030	2.03023
chr15	66929030	66930090	1.96702
chr15	66930090	66930690	9.72119
chr15	66930690	66930862	9.74149
chr15	66930862	66931061	8.41978
chr15	66931061	66931111	1.93027
chr15	66931111	66933460	1.86735
chr15	66933460	66933803	1.85598
chr15	66933803	66933908	1.82018
chr15	66933908	66933957	1.81758
chr15	66933957	66934883	0.300024
chr15	66934883	66935768	0.270254
chr15	66935768	66936652	0.255449
chr15	66936652	66936908	0.250596
chr15	66936908	66937597	0.251232
chr15	66937597	66938124	0.266068
chr15	66938124	66938272	0.295498
chr15	66938272	66938442	0.314487
chr15	66938442	66938665	0.624287
chr15	66938665	66939528	2.45971
chr15	66939528	66940018	2.32458
chr15	66940018	66940073	2.63631
chr15	66940073	66941084	2.65144
chr15	66941084	66941399	2.65906
chr15	66941399	66942153	2.62634
chr15	66942153	66942814	2.36634
chr15	66942814	66943809	2.03482
chr15	66943809	66946530	2.0255
chr15	66946530	66946826	1.70308
chr15	66946826	66946938	0.443447
chr15	66946938	66953605	11.2499
chr15	66953605	66954426	13.8027
chr15	66954426	66961485	0.349488
chr15	66961485	66962783	0.348523
chr15	66962783	66962927	0.348346
chr15	66962927	66964299	0.347625
chr15	66964299	66966328	0.36704
chr15	66966328	66967308	7.66475
chr15	66967308	66967398	21.2531
chr15	66967398	66968793	21.218
chr15	66968793	66969374	9.69893
chr15	66969374	66970271	9.54054
chr15	66970271	66970564	9.3562
chr15	66970564	66970760	12.0914
chr15	66970760	66971789	15.626
chr15	66971789	66972719	18.6582
chr15	66972719	66972875	21.2065
chr15	66972875	66973767	21.2115
chr15	66973767	66976250	12.3016
chr15	66976250	66976554	12.2157
chr15	66976554	66976923	12.2149
chr15	66976923	66977804	12.2142
chr15	66977804	66979185	12.2133
chr15	66979185	66979198	12.2133
chr15	66979198	66979247	12.2128
chr15	66979247	66979985	4.28811
chr15	66979985	66981329	3.08006
chr15	66981329	66981440	1.41744
chr15	66981440	66982104	1.41671
chr15	66982104	66983982	1.41636
chr15	66983982	66984595	1.41585
chr15	66984595	66984920	1.41491
chr15	66984920	66986527	1.41575
chr15	66986527	66986689	1.41605
chr15	66986689	66989515	1.41605
chr15	66989515	66990133	1.14185
chr15	66990133	66990159	0.856361
chr15	66990159	66990232	0.856332
chr15	66990232	66990423	0.635329
chr15	66990423	66990531	0.507095
chr15	66990531	66991665	0.507089
chr15	66991665	66992254	0.506743
chr15	66992254	66994238	0.0242166
chr15	66994238	66997087	0.0245014
chr15	66997087	66998610	0.0290414
chr15	66998610	66998809	0.0340834
chr15	66998809	66999828	0.0409658
chr15	66999828	67001679	0.125023
chr15	67001679	67001710	0.216839
chr15	67001710	67004334	0.545326
chr15	67004334	67004538	0.83554
chr15	67004538	67004646	1.12432
chr15	67004646	67008708	0.98073
chr15	67008708	67008737	0.836485
chr15	67008737	67008995	0.806233
chr15	67008995	67010076	1.01118
chr15	67010076	67010122	1.26222
chr15	67010122	67010990	0.612533
chr15	67010990	67011980	6.16215
chr15	67011980	67012137	0.0278059
chr15	67012137	67013764	0.0253665
chr15	67013764	67013795	0.0242303
chr15	67013795	67013821	0.0238159
chr15	67013821	67014167	0.0238159
chr15	67014167	67014378	0.0237018
chr15	67014378	67014418	0.0234913
chr15	67014418	67014528	0.0235738
chr15	67014528	67014591	0.0237913
chr15	67014591	67014742	0.0245463
chr15	67014742	67014887	0.0275601
chr15	67014887	67014992	0.0361486
chr15	67014992	67015210	0.0873241
chr15	67015210	67015485	0.256313
chr15	67015485	67015660	0.311794
chr15	67015660	67018180	0.312123
chr15	67018180	67019074	0.311038
chr15	67019074	67019313	0.309008
chr15	67019313	67019948	0.302073
chr15	67019948	67020138	0.291854
chr15	67020138	67020568	0.28483
chr15	67020568	67021608	0.282903
chr15	67021608	67021996	0.278745
chr15	67021996	67022403	0.259645
chr15	67022403	67022470	0.237426
chr15	67022470	67023845	0.237426
chr15	67023845	67023914	0.103655
chr15	67023914	67026217	0.101606
chr15	67026217	67026740	0.101606
chr15	67026740	67026861	0.101218
chr15	67026861	67026879	0.101218
chr15	67026879	67028795	0.103563
chr15	67028795	67029307	0.106403
chr15	67029307	67030031	0.110902
chr15	67030031	67030166	0.1158
chr15	67030166	67030866	0.11884
chr15	67030866	67033151	0.120403
chr15	67033151	67033421	0.12146
chr15	67033421	67034951	0.16379
chr15	67034951	67035153	1.69549
chr15	67035153	67035859	0.14294
chr15	67035859	67036062	0.149257
chr15	67036062	67036441	0.131236
chr15	67036441	67036982	0.131001
chr15	67036982	67038656	0.224615
chr15	67038656	67038912	0.652168
chr15	67038912	67040159	1.14007
chr15	67040159	67041110	51.3386
chr15	67041110	67041365	51.344
chr15	67041365	67041717	87.3055
chr15	67041717	67043207	1.30055
chr15	67043207	67046450	1.30655
chr15	67046450	67046796	1.30132
chr15	67046796	67047870	0.985997
chr15	67047870	67048358	0.750411
chr15	67048358	67049456	0.701346
chr15	67049456	67049507	0.662959
chr15	67049507	67049736	0.639583
chr15	67049736	67049880	0.637397
chr15	67049880	67050628	0.62152
chr15	67050628	67051257	0.619855
chr15	67051257	67052396	0.619107
chr15	67052396	67052823	1.1529
chr15	67052823	67053986	1.34657
chr15	67053986	67054073	1.44648
chr15	67054073	67054214	1.59236
chr15	67054214	67054561	4.36266
chr15	67054561	67054949	3.12571
chr15	67054949	67054961	1.89719
chr15	67054961	67055046	1.58485
chr15	67055046	67055081	1.26673
chr15	67055081	67055121	0.946103
chr15	67055121	67056039	0.946304
chr15	67056039	67056571	0.952213
chr15	67056571	67057060	0.982695
chr15	67057060	67057161	1.03069
chr15	67057161	67059259	1.3391
chr15	67059259	67059689	1.59724
chr15	67059689	67060856	3.33337
chr15	67060856	67061435	2.3268
chr15	67061435	67061467	1.34325
chr15	67061467	67063327	0.412751
chr15	67063327	67066563	0.38283
chr15	67066563	67067795	0.387529
chr15	67067795	67068166	0.395301
chr15	67068166	67068582	0.409614
chr15	67068582	67070745	0.46956
chr15	67070745	67072719	0.468828
chr15	67072719	67074657	0.500147
chr15	67074657	67074915	0.530036
chr15	67074915	67074943	0.56261
chr15	67074943	67075894	0.58694
chr15	67075894	67076371	0.58456
chr15	67076371	67076947	0.570427
chr15	67076947	67077658	0.561229
chr15	67077658	67078119	0.544514
chr15	67078119	67078165	0.543966
chr15	67078165	67078484	0.519088
chr15	67078484	67079851	0.505114
chr15	67079851	67080623	0.505107
chr15	67080623	67080645	0.505006
chr15	67080645	67081843	0.504298
chr15	67081843	67083195	0.504471
chr15	67083195	67083283	0.503392
chr15	67083283	67084241	0.566368
chr15	67084241	67084685	0.79467
chr15	67084685	67086624	3.70688
chr15	67086624	67087152	3.28606
chr15	67087152	67088399	1.19774
chr15	67088399	67089931	1.07637
chr15	67089931	67090278	1.03402
chr15	67090278	67090303	0.981673
chr15	67090303	67090870	0.531696
chr15	67090870	67091032	0.407729
chr15	67091032	67091543	0.405865
chr15	67091543	67091935	0.408055
chr15	67091935	67091989	0.40927
chr15	67091989	67092330	0.416314
chr15	67092330	67093543	25.9797
chr15	67093543	67093631	26.7975
chr15	67093631	67093655	26.8034
chr15	67093655	67095629	3.07708
chr15	67095629	67095870	2.59065
chr15	67095870	67096658	2.5946
chr15	67096658	67097193	2.59707
chr15	67097193	67097208	2.60133
chr15	67097208	67097320	2.60386
chr15	67097320	67097860	1.26107
chr15	67097860	67099659	0.916707
chr15	67099659	67099732	0.395777
chr15	67099732	67100665	0.245791
chr15	67100665	67100851	0.156371
chr15	67100851	67101284	0.132151
chr15	67101284	67101341	0.116878
chr15	67101341	67102043	0.115945
chr15	67102043	67102099	0.115084
chr15	67102099	67102139	0.113269
chr15	67102139	67102734	0.113525
chr15	67102734	67107309	0.204074
chr15	67107309	67108146	0.802398
chr15	67108146	67109002	1.18851
chr15	67109002	67111296	1.22994
chr15	67111296	67111380	1.26393
chr15	67111380	67111715	1.29124
chr15	67111715	67112807	1.29121
chr15	67112807	67113113	1.28954
chr15	67113113	67113475	1.2744
chr15	67113475	67114071	1.26203
chr15	67114071	67118360	1.26111
chr15	67118360	67120134	1.26032
chr15	67120134	67124051	1.25995
chr15	67124051	67124276	1.33925
chr15	67124276	67124917	1.36796
chr15	67124917	67125377	1.4111
chr15	67125377	67129412	0.815348
chr15	67129412	67129589	0.326838
chr15	67129589	67129986	0.312668
chr15	67129986	67133312	0.313441
chr15	67133312	67138238	0.403192
chr15	67138238	67138334	0.504353
chr15	67138334	67139135	0.510194
chr15	67139135	67139847	0.635552
chr15	67139847	67140142	1.01412
chr15	67140142	67142253	1.08596
chr15	67142253	67142342	1.33599
chr15	67142342	67143750	4.82606
chr15	67143750	67143831	4.72735
chr15	67143831	67143852	4.61014
chr15	67143852	67144020	0.355943
chr15	67144020	67145740	0.355785
chr15	67145740	67146671	0.352372
chr15	67146671	67146810	0.337286
chr15	67146810	67146903	0.328801
chr15	67146903	67147488	0.330905
chr15	67147488	67148356	0.742755
chr15	67148356	67148456	3.70475
chr15	67148456	67150184	3.7235
chr15	67150184	67150721	3.73599
chr15	67150721	67150979	3.74681
chr15	67150979	67151089	3.75621
chr15	67151089	67151267	3.784
chr15	67151267	67151332	2.64018
chr15	67151332	67151378	1.05948
chr15	67151378	67151902	1.03697
chr15	67151902	67152009	1.03169
chr15	67152009	67152143	1.03234
chr15	67152143	67152339	1.06146
chr15	67152339	67152797	1.52673
chr15	67152797	67152845	1.98652
chr15	67152845	67153553	2.11707
chr15	67153553	67153579	2.20678
chr15	67153579	67154028	2.19828
chr15	67154028	67154184	2.16081
chr15	67154184	67155069	1.58451
chr15	67155069	67155221	0.815129
chr15	67155221	67155834	0.813929
chr15	67155834	67157170	0.81106
chr15	67157170	67157715	0.80745
chr15	67157715	67159168	0.0819623
chr15	67159168	67160666	0.0520158
chr15	67160666	67161522	0.0511435
chr15	67161522	67161719	0.0506004
chr15	67161719	67161742	0.0498395
chr15	67161742	67161795	0.0484323
chr15	67161795	67164932	0.0529647
chr15	67164932	67166903	0.183304
chr15	67166903	67168396	0.216568
chr15	67168396	67169486	0.226077
chr15	67169486	67169714	0.233809
chr15	67169714	67169873	0.244871
chr15	67169873	67170113	0.260485
chr15	67170113	67171171	0.263465
chr15	67171171	67173742	0.265063
chr15	67173742	67174193	0.288681
chr15	67174193	67174607	0.378169
chr15	67174607	67175566	0.450696
chr15	67175566	67176316	0.635503
chr15	67176316	67176340	0.820133
chr15	67176340	67176984	0.809486
chr15	67176984	67178396	0.65637
chr15	67178396	67178451	0.536526
chr15	67178451	67180599	0.536998
chr15	67180599	67180856	0.537183
chr15	67180856	67180920	0.538196
chr15	67180920	67181149	0.542059
chr15	67181149	67181524	0.545921
chr15	67181524	67182364	0.549434
chr15	67182364	67185022	0.55029
chr15	67185022	67188057	0.55049
chr15	67188057	67188578	0.550536
chr15	67188578	67192716	0.552672
chr15	67192716	67193084	0.552697
chr15	67193084	67193175	0.555486
chr15	67193175	67193280	0.554085
chr15	67193280	67193724	0.551772
chr15	67193724	67193976	0.550906
chr15	67193976	67196076	0.564115
chr15	67196076	67197240	1.14814
chr15	67197240	67197785	1.34103
chr15	67197785	67198505	1.61422
chr15	67198505	67199952	1.62193
chr15	67199952	67200084	1.62764
chr15	67200084	67201030	1.65016
chr15	67201030	67201794	1.59838
chr15	67201794	67202075	1.01294
chr15	67202075	67202599	1.11614
chr15	67202599	67202620	1.2198
chr15	67202620	67202700	1.35389
chr15	67202700	67204270	1.34322
chr15	67204270	67204983	0.394979
chr15	67204983	67206659	0.388871
chr15	67206659	67207045	0.388869
chr15	67207045	67207183	0.386111
chr15	67207183	67207563	0.385277
chr15	67207563	67208848	0.385136
chr15	67208848	67210184	0.385317
chr15	67210184	67211451	0.398136
chr15	67211451	67213231	0.761575
chr15	67213231	67213272	1.07589
chr15	67213272	67213385	1.24739
chr15	67213385	67213493	1.30914
chr15	67213493	67213830	1.30428
chr15	67213830	67214080	1.2647
chr15	67214080	67214108	1.22281
chr15	67214108	67214616	1.21016
chr15	67214616	67214870	1.20159
chr15	67214870	67215235	1.17579
chr15	67215235	67216138	1.18718
chr15	67216138	67216375	1.26311
chr15	67216375	67216395	1.36332
chr15	67216395	67216827	1.5679
chr15	67216827	67216967	1.59176
chr15	67216967	67217147	1.59957
chr15	67217147	67217274	1.59591
chr15	67217274	67217458	1.59434
chr15	67217458	67217708	5.43808
chr15	67217708	67217747	34.0143
chr15	67217747	67217815	59.9108
chr15	67217815	67218328	59.9968
chr15	67218328	67218532	59.9968
chr15	67218532	67218945	60.0416
chr15	67218945	67219305	60.0416
chr15	67219305	67219730	60.0416
chr15	67219730	67219949	37.8039
chr15	67219949	67220199	5.44945
chr15	67220199	67220317	3.50598
chr15	67220317	67220750	3.50958
chr15	67220750	67221050	3.01519
chr15	67221050	67221497	2.37342
chr15	67221497	67221533	1.73013
chr15	67221533	67222432	0.877212
chr15	67222432	67222731	0.764695
chr15	67222731	67222950	0.713393
chr15	67222950	67223144	0.699703
chr15	67223144	67223227	0.689504
chr15	67223227	67224485	0.68747
chr15	67224485	67224535	0.684404
chr15	67224535	67224701	0.667123
chr15	67224701	67224834	0.665735
chr15	67224834	67225594	0.666689
chr15	67225594	67225985	0.668581
chr15	67225985	67226458	3.72612
chr15	67226458	67226540	5.83694
chr15	67226540	67226798	7.31052
chr15	67226798	67227189	7.36712
chr15	67227189	67227211	7.38995
chr15	67227211	67228085	7.39169
chr15	67228085	67228359	7.3896
chr15	67228359	67228964	7.38048
chr15	67228964	67229058	7.36675
chr15	67229058	67229636	6.55696
chr15	67229636	67229962	6.27932
chr15	67229962	67230097	6.09989
chr15	67230097	67230480	6.11483
chr15	67230480	67230579	6.11348
chr15	67230579	67231181	24.2526
chr15	67231181	67231789	36.8766
chr15	67231789	67232265	37.0037
chr15	67232265	67232645	29.8259
chr15	67232645	67233330	16.6706
chr15	67233330	67233346	4.7043
chr15	67233346	67233647	4.6776
chr15	67233647	67233710	4.67769
chr15	67233710	67233856	4.67725
chr15	67233856	67234251	4.67647
chr15	67234251	67234340	0.413364
chr15	67234340	67235414	0.413042
chr15	67235414	67235782	0.412651
chr15	67235782	67236665	0.412458
chr15	67236665	67239285	1.90855
chr15	67239285	67239366	2.46895
chr15	67239366	67239807	0.728666
chr15	67239807	67239920	0.607296
chr15	67239920	67239950	0.557474
chr15	67239950	67240218	0.496369
chr15	67240218	67240392	0.476248
chr15	67240392	67240477	4.57092
chr15	67240477	67240697	1.72922
chr15	67240697	67240796	0.680957
chr15	67240796	67240871	0.344988
chr15	67240871	67241049	0.316507
chr15	67241049	67241209	0.303973
chr15	67241209	67241653	0.310474
chr15	67241653	67241763	0.329327
chr15	67241763	67243456	0.329204
chr15	67243456	67243654	0.329839
chr15	67243654	67243774	0.330038
chr15	67243774	67245129	0.538208
chr15	67245129	67245492	0.679138
chr15	67245492	67245617	0.773759
chr15	67245617	67245807	0.919403
chr15	67245807	67246428	0.920624
chr15	67246428	67246453	0.921694
chr15	67246453	67246586	0.92178
chr15	67246586	67246636	0.921438
chr15	67246636	67247244	0.922402
chr15	67247244	67247554	0.925228
chr15	67247554	67247678	0.933829
chr15	67247678	67247802	0.949904
chr15	67247802	67247947	3.95228
chr15	67247947	67247983	3.95511
chr15	67247983	67248341	2.63465
chr15	67248341	67248353	1.01597
chr15	67248353	67248528	1.00738
chr15	67248528	67248935	1.00517
chr15	67248935	67249129	1.00502
chr15	67249129	67249276	1.00896
chr15	67249276	67249297	1.01415
chr15	67249297	67249532	1.01307
chr15	67249532	67250229	2.24518
chr15	67250229	67251648	32.3401
chr15	67251648	67251694	36.0732
chr15	67251694	67251715	38.1076
chr15	67251715	67252271	38.1076
chr15	67252271	67252444	38.1076
chr15	67252444	67252685	38.1076
chr15	67252685	67253823	24.2923
chr15	67253823	67253847	3.13344
chr15	67253847	67253959	1.64762
chr15	67253959	67254610	1.6144
chr15	67254610	67254655	1.59099
chr15	67254655	67254835	1.57122
chr15	67254835	67255720	1.56963
chr15	67255720	67255805	1.55649
chr15	67255805	67256027	1.55451
chr15	67256027	67256041	1.55441
chr15	67256041	67256336	1.59196
chr15	67256336	67256528	4.33765
chr15	67256528	67256764	4.81377
chr15	67256764	67256874	6.23985
chr15	67256874	67256979	10.0156
chr15	67256979	67256998	11.7698
chr15	67256998	67257792	11.7093
chr15	67257792	67257880	8.54911
chr15	67257880	67258022	5.16706
chr15	67258022	67258042	0.900506
chr15	67258042	67258347	0.888999
chr15	67258347	67259547	0.357672
chr15	67259547	67259862	0.357356
chr15	67259862	67259899	0.202566
chr15	67259899	67260423	0.176171
chr15	67260423	67261172	0.173916
chr15	67261172	67261513	0.172093
chr15	67261513	67262738	0.171973
chr15	67262738	67263808	0.171938
chr15	67263808	67268203	0.180418
chr15	67268203	67268538	1.53746
chr15	67268538	67269283	1.14809
chr15	67269283	67269391	0.400373
chr15	67269391	67269447	0.165624
chr15	67269447	67270394	0.165579
chr15	67270394	67272947	0.165474
chr15	67272947	67273214	0.165422
chr15	67273214	67273882	0.165416
chr15	67273882	67275760	0.225025
chr15	67275760	67276190	0.624732
chr15	67276190	67276245	1.05248
chr15	67276245	67276485	1.08287
chr15	67276485	67276961	1.08287
chr15	67276961	67277078	0.82118
chr15	67277078	67277347	0.562316
chr15	67277347	67277513	0.439261
chr15	67277513	67277702	0.371689
chr15	67277702	67277760	0.324464
chr15	67277760	67277841	0.324464
chr15	67277841	67278017	0.305204
chr15	67278017	67278741	0.304644
chr15	67278741	67279143	0.304679
chr15	67279143	67280140	0.304651
chr15	67280140	67280157	0.304613
chr15	67280157	67281545	0.304923
chr15	67281545	67282498	0.304923
chr15	67282498	67283098	0.305079
chr15	67283098	67283494	0.305149
chr15	67283494	67285424	0.305738
chr15	67285424	67287430	0.306239
chr15	67287430	67289238	0.386599
chr15	67289238	67289388	0.622483
chr15	67289388	67292544	0.770975
chr15	67292544	67293331	0.49451
chr15	67293331	67294777	0.416737
chr15	67294777	67294808	0.348359
chr15	67294808	67295212	0.344691
chr15	67295212	67295327	0.343026
chr15	67295327	67295930	0.343146
chr15	67295930	67296087	0.34372
chr15	67296087	67296638	0.349538
chr15	67296638	67297987	0.598604
chr15	67297987	67298118	1.03675
chr15	67298118	67298139	1.54659
chr15	67298139	67298649	0.34354
chr15	67298649	67298764	0.138147
chr15	67298764	67299194	0.10198
chr15	67299194	67299521	0.073897
chr15	67299521	67299573	0.0500097
chr15	67299573	67300454	0.0480654
chr15	67300454	67300523	0.046991
chr15	67300523	67300921	0.0470157
chr15	67300921	67301451	0.0469109
chr15	67301451	67301541	0.0469017
chr15	67301541	67301638	0.0469276
chr15	67301638	67301687	0.0469001
chr15	67301687	67301945	0.0468932
chr15	67301945	67302639	0.532661
chr15	67302639	67302803	2.47701
chr15	67302803	67302834	6.09185
chr15	67302834	67303960	6.26687
chr15	67303960	67303987	6.43923
chr15	67303987	67306110	0.352489
chr15	67306110	67308988	0.325013
chr15	67308988	67309272	0.30775
chr15	67309272	67311416	0.307801
chr15	67311416	67311872	0.307923
chr15	67311872	67312334	0.308193
chr15	67312334	67312371	0.308685
chr15	67312371	67312455	0.309363
chr15	67312455	67316307	0.42988
chr15	67316307	67316605	0.488341
chr15	67316605	67316956	1.02861
chr15	67316956	67318029	1.05582
chr15	67318029	67318329	1.07707
chr15	67318329	67318612	0.989435
chr15	67318612	67319203	0.549218
chr15	67319203	67321386	0.392198
chr15	67321386	67322068	0.349643
chr15	67322068	67322098	0.308498
chr15	67322098	67322305	0.283705
chr15	67322305	67323244	0.274711
chr15	67323244	67324387	0.347434
chr15	67324387	67324708	0.434158
chr15	67324708	67324806	0.523056
chr15	67324806	67326140	0.693269
chr15	67326140	67328244	0.900214
chr15	67328244	67328417	1.44234
chr15	67328417	67329863	1.7235
chr15	67329863	67331311	1.74572
chr15	67331311	67331383	1.76848
chr15	67331383	67334680	1.75038
chr15	67334680	67336006	1.74729
chr15	67336006	67336557	1.74392
chr15	67336557	67337890	1.74494
chr15	67337890	67338780	1.73944
chr15	67338780	67338914	1.72005
chr15	67338914	67339646	1.21573
chr15	67339646	67340003	1.21362
chr15	67340003	67340318	1.21301
chr15	67340318	67340506	1.21372
chr15	67340506	67341477	1.20494
chr15	67341477	67341810	1.21604
chr15	67341810	67341979	1.21294
chr15	67341979	67342751	1.24923
chr15	67342751	67342879	1.26463
chr15	67342879	67343081	1.2657
chr15	67343081	67343094	1.26692
chr15	67343094	67343178	1.26273
chr15	67343178	67343265	1.25081
chr15	67343265	67343387	1.25371
chr15	67343387	67343641	1.16293
chr15	67343641	67343889	1.0875
chr15	67343889	67344732	1.41016
chr15	67344732	67346179	0.334032
chr15	67346179	67347686	0.275171
chr15	67347686	67356774	0.275487
chr15	67356774	67359883	0.391056
chr15	67359883	67361308	0.764665
chr15	67361308	67361774	1.33049
chr15	67361774	67361785	1.8601
chr15	67361785	67363283	0.706865
chr15	67363283	67363573	0.241432
chr15	67363573	67365622	0.240065
chr15	67365622	67366833	0.239989
chr15	67366833	67367634	0.236709
chr15	67367634	67369078	0.237238
chr15	67369078	67370121	3.94031
chr15	67370121	67370368	4.19319
chr15	67370368	67370389	4.85473
chr15	67370389	67370445	13.4894
chr15	67370445	67373378	3.71473
chr15	67373378	67374111	2.68962
chr15	67374111	67374349	1.29145
chr15	67374349	67374602	1.2916
chr15	67374602	67375544	0.269916
chr15	67375544	67376000	0.265948
chr15	67376000	67377490	0.266546
chr15	67377490	67377808	0.268797
chr15	67377808	67378033	0.271858
chr15	67378033	67378407	0.282533
chr15	67378407	67378592	0.305152
chr15	67378592	67379222	0.51747
chr15	67379222	67379644	0.602763
chr15	67379644	67379980	0.607104
chr15	67379980	67380146	0.610693
chr15	67380146	67380609	1.78719
chr15	67380609	67380904	1.79459
chr15	67380904	67381558	0.708055
chr15	67381558	67381711	0.643454
chr15	67381711	67382051	0.644965
chr15	67382051	67383287	0.645422
chr15	67383287	67384150	0.745259
chr15	67384150	67384259	0.972214
chr15	67384259	67384451	1.72297
chr15	67384451	67384862	1.71797
chr15	67384862	67385333	0.711356
chr15	67385333	67385469	0.436122
chr15	67385469	67385491	0.209957
chr15	67385491	67385697	0.0932946
chr15	67385697	67385975	0.0819006
chr15	67385975	67386861	0.0883999
chr15	67386861	67387313	0.913701
chr15	67387313	67387396	0.918735
chr15	67387396	67388553	1.23481
chr15	67388553	67389161	1.22085
chr15	67389161	67389412	42.3097
chr15	67389412	67391497	13.0855
chr15	67391497	67391685	13.0787
chr15	67391685	67391739	2.06854
chr15	67391739	67391805	0.0877071
chr15	67391805	67391899	0.0848943
chr15	67391899	67392631	0.0848038
chr15	67392631	67392656	0.0843423
chr15	67392656	67392755	0.0841808
chr15	67392755	67392777	0.0840841
chr15	67392777	67393045	0.0840086
chr15	67393045	67393343	0.0839889
chr15	67393343	67394019	0.0862049
chr15	67394019	67394119	0.0923306
chr15	67394119	67394270	0.131493
chr15	67394270	67394294	0.190072
chr15	67394294	67394384	0.251611
chr15	67394384	67394444	0.514553
chr15	67394444	67394498	1.04985
chr15	67394498	67395488	0.361366
chr15	67395488	67397328	0.361265
chr15	67397328	67399084	0.575897
chr15	67399084	67399546	0.592655
chr15	67399546	67399897	0.593451
chr15	67399897	67400457	0.592558
chr15	67400457	67400490	0.74506
chr15	67400490	67401466	0.819866
chr15	67401466	67401588	0.827769
chr15	67401588	67401746	0.848217
chr15	67401746	67407899	13.4654
chr15	67407899	67408241	13.504
chr15	67408241	67411401	12.8712
chr15	67411401	67412038	8.09015
chr15	67412038	67412049	4.09687
chr15	67412049	67412596	1.71493
chr15	67412596	67413564	2.31949
chr15	67413564	67413837	4.25214
chr15	67413837	67414055	14.7425
chr15	67414055	67414237	14.9329
chr15	67414237	67414425	15.1264
chr15	67414425	67415484	3.72404
chr15	67415484	67416445	2.56244
chr15	67416445	67416529	2.56281
chr15	67416529	67416752	0.498345
chr15	67416752	67417608	0.41929
chr15	67417608	67417800	3.94227
chr15	67417800	67418104	0.221551
chr15	67418104	67418205	0.187244
chr15	67418205	67418233	0.171713
chr15	67418233	67418391	0.165978
chr15	67418391	67418937	0.166852
chr15	67418937	67419013	0.167632
chr15	67419013	67419612	0.168665
chr15	67419612	67419987	0.169638
chr15	67419987	67420680	0.170089
chr15	67420680	67420718	0.170383
chr15	67420718	67421081	0.170984
chr15	67421081	67421320	0.171895
chr15	67421320	67422077	0.173562
chr15	67422077	67422660	0.175972
chr15	67422660	67422702	0.180519
chr15	67422702	67423306	0.182913
chr15	67423306	67423336	0.18533
chr15	67423336	67425033	0.185683
chr15	67425033	67425456	0.185766
chr15	67425456	67425574	0.185842
chr15	67425574	67427125	0.186334
chr15	67427125	67428014	0.193201
chr15	67428014	67428334	0.20164
chr15	67428334	67429027	0.241696
chr15	67429027	67429522	0.361337
chr15	67429522	67430223	0.363898
chr15	67430223	67430552	0.870775
chr15	67430552	67430733	0.872927
chr15	67430733	67431208	0.884535
chr15	67431208	67431632	0.91611
chr15	67431632	67432091	0.922368
chr15	67432091	67432155	0.926591
chr15	67432155	67432161	0.927998
chr15	67432161	67432515	0.927848
chr15	67432515	67432676	0.928399
chr15	67432676	67433174	4.64705
chr15	67433174	67433941	7.80792
chr15	67433941	67434058	8.3833
chr15	67434058	67434348	8.4179
chr15	67434348	67435075	8.37025
chr15	67435075	67435399	8.37025
chr15	67435399	67437385	8.36958
chr15	67437385	67437863	8.3676
chr15	67437863	67438091	8.36629
chr15	67438091	67438563	8.36498
chr15	67438563	67438586	8.36325
chr15	67438586	67439207	8.36202
chr15	67439207	67441764	6.84784
chr15	67441764	67441866	0.881765
chr15	67441866	67441997	0.735453
chr15	67441997	67442386	0.745976
chr15	67442386	67442555	0.769129
chr15	67442555	67442596	0.798615
chr15	67442596	67443964	0.735369
chr15	67443964	67444393	0.477203
chr15	67444393	67444498	0.14838
chr15	67444498	67444747	0.0241065
chr15	67444747	67446785	0.0211006
chr15	67446785	67446831	0.0182163
chr15	67446831	67446873	0.0182163
chr15	67446873	67447452	0.017344
chr15	67447452	67447895	0.016385
chr15	67447895	67448670	0.0158949
chr15	67448670	67448899	0.0156418
chr15	67448899	67449660	0.015531
chr15	67449660	67450305	0.0155231
chr15	67450305	67450362	0.0155121
chr15	67450362	67450474	0.015509
chr15	67450474	67450893	0.0154985
chr15	67450893	67450909	0.0154861
chr15	67450909	67451215	0.0154932
chr15	67451215	67451721	0.0154962
chr15	67451721	67451774	0.0154962
chr15	67451774	67451954	0.0155165
chr15	67451954	67453889	0.0155165
chr15	67453889	67457335	0.475622
chr15	67457335	67457850	0.549984
chr15	67457850	67458152	1.36527
chr15	67458152	67458639	3.32359
chr15	67458639	67458930	1.18833
chr15	67458930	67459013	0.579437
chr15	67459013	67459810	0.579427
chr15	67459810	67460009	0.501463
chr15	67460009	67460626	0.50153
chr15	67460626	67460757	0.452048
chr15	67460757	67461311	0.151921
chr15	67461311	67463391	0.37837
chr15	67463391	67464013	0.806741
chr15	67464013	67465320	1.04775
chr15	67465320	67465363	1.19092
chr15	67465363	67465566	1.38413
chr15	67465566	67465665	1.67551
chr15	67465665	67466602	1.68903
chr15	67466602	67466879	1.71015
chr15	67466879	67467507	1.9575
chr15	67467507	67467541	2.14844
chr15	67467541	67467829	18.2786
chr15	67467829	67467830	28.7619
chr15	67467830	67468285	67.938
chr15	67468285	67469335	29.5406
chr15	67469335	67469568	2.88669
chr15	67469568	67472185	1.53827
chr15	67472185	67476318	1.38987
chr15	67476318	67476768	1.37743
chr15	67476768	67478125	1.45397
chr15	67478125	67479051	1.48844
chr15	67479051	67480969	1.50156
chr15	67480969	67481248	1.49836
chr15	67481248	67481492	1.47155
chr15	67481492	67482003	1.9837
chr15	67482003	67482368	2.17804
chr15	67482368	67483276	0.811828
chr15	67483276	67483979	0.35125
chr15	67483979	67484119	0.161276
chr15	67484119	67485156	0.161721
chr15	67485156	67485667	0.163063
chr15	67485667	67486590	0.163063
chr15	67486590	67486775	0.368662
chr15	67486775	67486847	0.736421
chr15	67486847	67487549	0.329703
chr15	67487549	67488064	0.185183
chr15	67488064	67490486	0.177157
chr15	67490486	67491274	0.183309
chr15	67491274	67492301	0.612354
chr15	67492301	67493586	0.187201
chr15	67493586	67493726	0.0178233
chr15	67493726	67494304	0.00674501
chr15	67494304	67494494	0.00165986
chr15	67494494	67494823	0.000937236
chr15	67494823	67498264	0.000937236
chr15	67498264	67500049	0.00093569
chr15	67500049	67500330	0.00093569
chr15	67500330	67501033	0.00093569
chr15	67501033	67502572	0.00093569
chr15	67502572	67503637	0.00093569
chr15	67503637	67505066	0.00093569
chr15	67505066	67505960	0.00093569
chr15	67505960	67506779	0.00093569
chr15	67506779	67507768	0.00093569
chr15	67507768	67510516	0.00093569
chr15	67510516	67514287	0.00093569
chr15	67514287	67516341	0.00093569
chr15	67516341	67516948	0.00093569
chr15	67516948	67518001	0.00093569
chr15	67518001	67519040	0.00093569
chr15	67519040	67520617	0.00093569
chr15	67520617	67522138	0.00093569
chr15	67522138	67524950	0.000939223
chr15	67524950	67528374	0.000971204
chr15	67528374	67530035	0.00119246
chr15	67530035	67530399	0.00119246
chr15	67530399	67532383	0.00217089
chr15	67532383	67533419	0.004237
chr15	67533419	67533544	0.00582658
chr15	67533544	67533640	0.00791335
chr15	67533640	67535191	0.0124161
chr15	67535191	67535440	0.0166002
chr15	67535440	67535996	0.0210889
chr15	67535996	67537210	0.0247691
chr15	67537210	67539917	0.0312919
chr15	67539917	67540087	0.0379293
chr15	67540087	67542349	0.0964015
chr15	67542349	67543722	0.0964015
chr15	67543722	67546321	0.884815
chr15	67546321	67546444	0.828039
chr15	67546444	67547301	0.0482675
chr15	67547301	67547752	0.00267835
chr15	67547752	67549800	0.00224513
chr15	67549800	67549850	0.00189939
chr15	67549850	67552064	0.00189939
chr15	67552064	67555037	0.00189939
chr15	67555037	67555958	0.00189939
chr15	67555958	67556625	0.00190178
chr15	67556625	67556740	0.00190178
chr15	67556740	67557119	0.00190178
chr15	67557119	67557266	0.00190277
chr15	67557266	67558010	0.00190277
chr15	67558010	67560701	0.00190277
chr15	67560701	67561355	0.00190277
chr15	67561355	67561502	0.00190173
chr15	67561502	67567568	0.00190173
chr15	67567568	67570751	0.00190546
chr15	67570751	67573741	0.0024189
chr15	67573741	67574440	0.0110393
chr15	67574440	67574688	0.033508
chr15	67574688	67574704	0.0621722
chr15	67574704	67575496	0.0621722
chr15	67575496	67575545	0.223368
chr15	67575545	67575892	0.121066
chr15	67575892	67580507	0.00884118
chr15	67580507	67581282	0.00306423
chr15	67581282	67581428	0.000553424
chr15	67581428	67582017	0.000553424
chr15	67582017	67582602	0.000553424
chr15	67582602	67585461	0.000553424
chr15	67585461	67587368	0.000553424
chr15	67587368	67589424	0.000553424
chr15	67589424	67589569	0.000553424
chr15	67589569	67591665	0.000553424
chr15	67591665	67592098	0.000553424
chr15	67592098	67592173	0.000553424
chr15	67592173	67593218	0.000553424
chr15	67593218	67593591	0.000553424
chr15	67593591	67596084	0.000554311
chr15	67596084	67596215	0.000554311
chr15	67596215	67596815	0.000554311
chr15	67596815	67598019	0.000554311
chr15	67598019	67599705	0.000554311
chr15	67599705	67600344	0.000554311
chr15	67600344	67600954	0.000554311
chr15	67600954	67601611	0.000554311
chr15	67601611	67602307	0.000554311
chr15	67602307	67603014	0.000554311
chr15	67603014	67604490	0.000554311
chr15	67604490	67605066	0.000554311
chr15	67605066	67605083	0.000554311
chr15	67605083	67605667	0.000573472
chr15	67605667	67607900	0.00064263
chr15	67607900	67608155	0.000722966
chr15	67608155	67608605	0.000743462
chr15	67608605	67609116	0.000763711
chr15	67609116	67610951	0.000784044
chr15	67610951	67611218	0.000812067
chr15	67611218	67611229	0.000831004
chr15	67611229	67611732	0.000852366
chr15	67611732	67612169	0.00086375
chr15	67612169	67613494	0.000909048
chr15	67613494	67614092	0.000942725
chr15	67614092	67614178	0.000954207
chr15	67614178	67615953	0.000981578
chr15	67615953	67617401	0.000995881
chr15	67617401	67620653	0.00101204
chr15	67620653	67623137	0.00101204
chr15	67623137	67629175	0.00104122
chr15	67629175	67630912	0.00104122
chr15	67630912	67633784	0.00104352
chr15	67633784	67634862	0.00104352
chr15	67634862	67638888	0.283287
chr15	67638888	67641345	0.0208379
chr15	67641345	67641554	0.00256144
chr15	67641554	67644023	0.00256144
chr15	67644023	67647218	0.00256144
chr15	67647218	67647328	0.00256518
chr15	67647328	67648655	0.00256518
chr15	67648655	67649438	0.00269794
chr15	67649438	67649919	0.0135119
chr15	67649919	67649978	0.0289623
chr15	67649978	67650095	0.0563675
chr15	67650095	67650155	0.0877327
chr15	67650155	67652976	0.401133
chr15	67652976	67653530	0.422614
chr15	67653530	67653764	0.422614
chr15	67653764	67654369	0.0685071
chr15	67654369	67658378	0.0685002
chr15	67658378	67660134	0.0689581
chr15	67660134	67661625	0.0731464
chr15	67661625	67661784	0.0788985
chr15	67661784	67663284	0.0712882
chr15	67663284	67668057	0.0716333
chr15	67668057	67673568	2.11098
chr15	67673568	67675547	2.82729
chr15	67675547	67679121	2.61867
chr15	67679121	67679689	2.23754
chr15	67679689	67680209	0.534917
chr15	67680209	67680505	0.290593
chr15	67680505	67680956	0.194395
chr15	67680956	67681907	0.171022
chr15	67681907	67681994	0.160649
chr15	67681994	67685175	0.161253
chr15	67685175	67687219	0.162398
chr15	67687219	67687397	0.163001
chr15	67687397	67688748	0.163002
chr15	67688748	67691449	0.163002
chr15	67691449	67691637	0.16305
chr15	67691637	67693547	0.16305
chr15	67693547	67694108	0.155359
chr15	67694108	67694766	0.138477
chr15	67694766	67694780	0.122871
chr15	67694780	67695117	0.109302
chr15	67695117	67696768	0.109302
chr15	67696768	67697023	0.102193
chr15	67697023	67697907	0.0968792
chr15	67697907	67701262	0.0965536
chr15	67701262	67701495	0.0963743
chr15	67701495	67702114	0.0961399
chr15	67702114	67702907	0.0959767
chr15	67702907	67707134	0.300709
chr15	67707134	67710520	1.00865
chr15	67710520	67712830	0.831921
chr15	67712830	67714056	0.826494
chr15	67714056	67714571	0.689122
chr15	67714571	67714663	0.374501
chr15	67714663	67714782	0.140355
chr15	67714782	67715273	0.125521
chr15	67715273	67715476	0.110762
chr15	67715476	67716497	0.0780369
chr15	67716497	67716572	0.0496253
chr15	67716572	67719693	0.0496253
chr15	67719693	67720855	0.0367081
chr15	67720855	67723227	0.0346278
chr15	67723227	67723265	0.0321745
chr15	67723265	67723614	0.0297018
chr15	67723614	67728400	0.0296726
chr15	67728400	67728813	0.0296582
chr15	67728813	67736927	0.0296871
chr15	67736927	67747971	0.0356167
chr15	67747971	67748196	0.0405221
chr15	67748196	67753692	0.0860427
chr15	67753692	67753967	0.0496136
chr15	67753967	67755922	0.0387033
chr15	67755922	67756572	0.035915
chr15	67756572	67756899	0.035915
chr15	67756899	67760478	0.0352448
chr15	67760478	67760808	0.0358143
chr15	67760808	67761862	0.033865
chr15	67761862	67762056	0.0327209
chr15	67762056	67762150	0.031603
chr15	67762150	67765060	0.0313532
chr15	67765060	67765450	0.0313532
chr15	67765450	67766038	0.0312383
chr15	67766038	67766364	0.0311407
chr15	67766364	67768151	0.0311252
chr15	67768151	67768242	0.0310793
chr15	67768242	67769907	0.0310793
chr15	67769907	67770306	0.0310418
chr15	67770306	67773203	0.03101
chr15	67773203	67774033	0.0309717
chr15	67774033	67775571	0.0307676
chr15	67775571	67777444	0.0306395
chr15	67777444	67779983	0.0306355
chr15	67779983	67780781	0.0304231
chr15	67780781	67783135	0.0303821
chr15	67783135	67784487	0.0303503
chr15	67784487	67785033	0.0303503
chr15	67785033	67785380	0.030354
chr15	67785380	67787064	0.0303502
chr15	67787064	67788104	0.0928394
chr15	67788104	67788269	0.936073
chr15	67788269	67789503	0.0327434
chr15	67789503	67794581	0.273501
chr15	67794581	67795445	0.395015
chr15	67795445	67799130	0.395015
chr15	67799130	67803542	0.409129
chr15	67803542	67804349	0.258033
chr15	67804349	67804458	0.103418
chr15	67804458	67805641	0.0547752
chr15	67805641	67806327	0.041956
chr15	67806327	67809368	0.0419285
chr15	67809368	67819115	0.0426673
chr15	67819115	67819649	0.0435188
chr15	67819649	67820581	0.0441989
chr15	67820581	67826504	0.172134
chr15	67826504	67832444	0.172127
chr15	67832444	67834556	0.0526356
chr15	67834556	67835370	0.37219
chr15	67835370	67836069	0.327768
chr15	67836069	67837009	0.32774
chr15	67837009	67837136	0.217505
chr15	67837136	67837408	0.14237
chr15	67837408	67837719	0.054894
chr15	67837719	67838319	0.00631887
chr15	67838319	67840097	0.00534486
chr15	67840097	67840512	0.00523612
chr15	67840512	67840773	0.00523049
chr15	67840773	67840909	0.00522682
chr15	67840909	67841934	0.00522682
chr15	67841934	67842526	0.00522682
chr15	67842526	67843033	0.00522682
chr15	67843033	67844422	0.00522682
chr15	67844422	67845090	0.00522682
chr15	67845090	67845680	0.00522682
chr15	67845680	67845930	0.00522682
chr15	67845930	67850213	0.00522625
chr15	67850213	67850990	0.00522625
chr15	67850990	67852405	0.00747356
chr15	67852405	67852645	0.0590189
chr15	67852645	67852747	0.800072
chr15	67852747	67853362	0.891131
chr15	67853362	67853815	0.145682
chr15	67853815	67854019	0.145682
chr15	67854019	67854241	0.0153472
chr15	67854241	67856743	0.0153472
chr15	67856743	67857542	0.00804591
chr15	67857542	67858116	0.00409456
chr15	67858116	67859601	0.00182386
chr15	67859601	67860568	0.00126285
chr15	67860568	67860587	0.00123935
chr15	67860587	67863112	0.00123723
chr15	67863112	67863235	0.00123723
chr15	67863235	67863863	0.00123723
chr15	67863863	67872718	0.0232164
chr15	67872718	67872983	0.0707145
chr15	67872983	67874045	0.094346
chr15	67874045	67875762	0.094346
chr15	67875762	67876277	0.103231
chr15	67876277	67877445	0.146573
chr15	67877445	67879670	0.00396463
chr15	67879670	67881929	0.00396357
chr15	67881929	67882031	0.00396357
chr15	67882031	67882123	0.00396357
chr15	67882123	67882657	0.00396357
chr15	67882657	67884118	0.00396357
chr15	67884118	67885837	0.00396288
chr15	67885837	67886351	0.00396288
chr15	67886351	67888035	0.00398792
chr15	67888035	67889924	0.0148001
chr15	67889924	67889974	0.0148001
chr15	67889974	67891301	0.015895
chr15	67891301	67892766	0.0103632
chr15	67892766	67892792	0.00529102
chr15	67892792	67894173	1.1179
chr15	67894173	67894777	0.0027951
chr15	67894777	67895571	0.00720543
chr15	67895571	67896347	0.00719043
chr15	67896347	67897287	0.00719033
chr15	67897287	67898778	4.45182
chr15	67898778	67899020	0.00498845
chr15	67899020	67900468	0.00487652
chr15	67900468	67900883	0.004872
chr15	67900883	67901532	0.00487107
chr15	67901532	67902764	0.00487107
chr15	67902764	67904247	0.00487107
chr15	67904247	67904386	0.00487107
chr15	67904386	67904596	0.00487107
chr15	67904596	67905565	0.00487107
chr15	67905565	67905906	0.00487107
chr15	67905906	67906954	0.0048647
chr15	67906954	67907110	0.0048647
chr15	67907110	67907989	0.0048647
chr15	67907989	67908819	0.0048647
chr15	67908819	67908940	0.0048647
chr15	67908940	67909279	0.0048647
chr15	67909279	67909473	0.0048647
chr15	67909473	67909865	0.00488369
chr15	67909865	67910384	0.00492453
chr15	67910384	67910688	0.00500692
chr15	67910688	67910916	0.00516278
chr15	67910916	67912279	0.539711
chr15	67912279	67912977	0.812696
chr15	67912977	67913416	0.0248039
chr15	67913416	67913574	0.0183872
chr15	67913574	67914598	0.0183872
chr15	67914598	67914752	0.0185287
chr15	67914752	67914775	0.0185335
chr15	67914775	67917846	0.416653
chr15	67917846	67919822	0.557862
chr15	67919822	67920465	1.27244
chr15	67920465	67920531	1.26811
chr15	67920531	67921817	0.379115
