db_order	interaction_name	pathway_name
1	TGFB1_TGFBR1_TGFBR2	TGFb
2	TGFB2_TGFBR1_TGFBR2	TGFb
3	TGFB3_TGFBR1_TGFBR2	TGFb
4	TGFB1_ACVR1B_TGFBR2	TGFb
5	TGFB1_ACVR1C_TGFBR2	TGFb
6	TGFB2_ACVR1B_TGFBR2	TGFb
7	TGFB2_ACVR1C_TGFBR2	TGFb
8	TGFB3_ACVR1B_TGFBR2	TGFb
9	TGFB3_ACVR1C_TGFBR2	TGFb
10	TGFB1_ACVR1_TGFBR1	TGFb
11	TGFB2_ACVR1_TGFBR1	TGFb
12	TGFB3_ACVR1_TGFBR1	TGFb
13	SPP1_CD44	SPP1
14	SPP1_ITGAV_ITGB3	SPP1
15	SPP1_ITGAV_ITGB1	SPP1
16	SPP1_ITGAV_ITGB5	SPP1
17	SPP1_ITGAV_ITGB6	SPP1
18	SPP1_ITGA4_ITGB1	SPP1
19	SPP1_ITGA9_ITGB1	SPP1
20	SPP1_ITGA8_ITGB1	SPP1
21	SPP1_ITGA5_ITGB1	SPP1
22	POSTN_ITGAV_ITGB3	PERIOSTIN
23	POSTN_ITGAV_ITGB5	PERIOSTIN
24	COL1A1_ITGA1_ITGB1	COLLAGEN
25	COL1A2_ITGA1_ITGB1	COLLAGEN
26	COL2A1_ITGA1_ITGB1	COLLAGEN
27	COL4A1_ITGA1_ITGB1	COLLAGEN
28	COL4A2_ITGA1_ITGB1	COLLAGEN
29	COL4A3_ITGA1_ITGB1	COLLAGEN
30	COL4A4_ITGA1_ITGB1	COLLAGEN
31	COL4A5_ITGA1_ITGB1	COLLAGEN
32	COL4A6_ITGA1_ITGB1	COLLAGEN
33	COL6A1_ITGA1_ITGB1	COLLAGEN
34	COL6A2_ITGA1_ITGB1	COLLAGEN
35	COL6A3_ITGA1_ITGB1	COLLAGEN
36	COL6A5_ITGA1_ITGB1	COLLAGEN
37	COL6A6_ITGA1_ITGB1	COLLAGEN
38	COL9A1_ITGA1_ITGB1	COLLAGEN
39	COL9A2_ITGA1_ITGB1	COLLAGEN
40	COL9A3_ITGA1_ITGB1	COLLAGEN
41	COL1A1_ITGA2_ITGB1	COLLAGEN
42	COL1A2_ITGA2_ITGB1	COLLAGEN
43	COL2A1_ITGA2_ITGB1	COLLAGEN
44	COL4A1_ITGA2_ITGB1	COLLAGEN
45	COL4A2_ITGA2_ITGB1	COLLAGEN
46	COL4A3_ITGA2_ITGB1	COLLAGEN
47	COL4A4_ITGA2_ITGB1	COLLAGEN
48	COL4A5_ITGA2_ITGB1	COLLAGEN
49	COL4A6_ITGA2_ITGB1	COLLAGEN
50	COL6A1_ITGA2_ITGB1	COLLAGEN
51	COL6A2_ITGA2_ITGB1	COLLAGEN
52	COL6A3_ITGA2_ITGB1	COLLAGEN
53	COL6A5_ITGA2_ITGB1	COLLAGEN
54	COL6A6_ITGA2_ITGB1	COLLAGEN
55	COL9A1_ITGA2_ITGB1	COLLAGEN
56	COL9A2_ITGA2_ITGB1	COLLAGEN
57	COL9A3_ITGA2_ITGB1	COLLAGEN
58	FN1_ITGA3_ITGB1	FN1
59	FN1_ITGA4_ITGB1	FN1
60	FN1_ITGA5_ITGB1	FN1
61	FN1_ITGA8_ITGB1	FN1
62	LAMA1_ITGA1_ITGB1	LAMININ
63	LAMA2_ITGA1_ITGB1	LAMININ
64	LAMA3_ITGA1_ITGB1	LAMININ
65	LAMA4_ITGA1_ITGB1	LAMININ
66	LAMA5_ITGA1_ITGB1	LAMININ
67	LAMB1_ITGA1_ITGB1	LAMININ
68	LAMB2_ITGA1_ITGB1	LAMININ
69	LAMB3_ITGA1_ITGB1	LAMININ
70	LAMC1_ITGA1_ITGB1	LAMININ
71	LAMC2_ITGA1_ITGB1	LAMININ
72	LAMC3_ITGA1_ITGB1	LAMININ
73	LAMA1_ITGA2_ITGB1	LAMININ
74	LAMA2_ITGA2_ITGB1	LAMININ
75	LAMA3_ITGA2_ITGB1	LAMININ
76	LAMA4_ITGA2_ITGB1	LAMININ
77	LAMA5_ITGA2_ITGB1	LAMININ
78	LAMB1_ITGA2_ITGB1	LAMININ
79	LAMB2_ITGA2_ITGB1	LAMININ
80	LAMB3_ITGA2_ITGB1	LAMININ
81	LAMC1_ITGA2_ITGB1	LAMININ
82	LAMC2_ITGA2_ITGB1	LAMININ
83	LAMC3_ITGA2_ITGB1	LAMININ
84	LAMA1_ITGA3_ITGB1	LAMININ
85	LAMA2_ITGA3_ITGB1	LAMININ
86	LAMA3_ITGA3_ITGB1	LAMININ
87	LAMA4_ITGA3_ITGB1	LAMININ
88	LAMA5_ITGA3_ITGB1	LAMININ
89	LAMB1_ITGA3_ITGB1	LAMININ
90	LAMB2_ITGA3_ITGB1	LAMININ
91	LAMB3_ITGA3_ITGB1	LAMININ
92	LAMC1_ITGA3_ITGB1	LAMININ
93	LAMC2_ITGA3_ITGB1	LAMININ
94	LAMC3_ITGA3_ITGB1	LAMININ
95	THBS1_ITGA3_ITGB1	THBS
96	THBS2_ITGA3_ITGB1	THBS
97	THBS3_ITGA3_ITGB1	THBS
98	THBS4_ITGA3_ITGB1	THBS
99	COMP_ITGA3_ITGB1	THBS
100	COL1A1_ITGA3_ITGB1	COLLAGEN
101	COL1A2_ITGA3_ITGB1	COLLAGEN
102	COL2A1_ITGA3_ITGB1	COLLAGEN
103	COL4A1_ITGA3_ITGB1	COLLAGEN
104	COL4A2_ITGA3_ITGB1	COLLAGEN
105	COL4A3_ITGA3_ITGB1	COLLAGEN
106	COL4A4_ITGA3_ITGB1	COLLAGEN
107	COL4A5_ITGA3_ITGB1	COLLAGEN
108	COL4A6_ITGA3_ITGB1	COLLAGEN
109	COL6A1_ITGA3_ITGB1	COLLAGEN
110	COL6A2_ITGA3_ITGB1	COLLAGEN
111	COL6A3_ITGA3_ITGB1	COLLAGEN
112	COL6A5_ITGA3_ITGB1	COLLAGEN
113	COL6A6_ITGA3_ITGB1	COLLAGEN
114	COL9A1_ITGA3_ITGB1	COLLAGEN
115	COL9A2_ITGA3_ITGB1	COLLAGEN
116	COL9A3_ITGA3_ITGB1	COLLAGEN
117	LAMA1_ITGA6_ITGB1	LAMININ
118	LAMA2_ITGA6_ITGB1	LAMININ
119	LAMA3_ITGA6_ITGB1	LAMININ
120	LAMA4_ITGA6_ITGB1	LAMININ
121	LAMA5_ITGA6_ITGB1	LAMININ
122	LAMB1_ITGA6_ITGB1	LAMININ
123	LAMB2_ITGA6_ITGB1	LAMININ
124	LAMB3_ITGA6_ITGB1	LAMININ
125	LAMC1_ITGA6_ITGB1	LAMININ
126	LAMC2_ITGA6_ITGB1	LAMININ
127	LAMC3_ITGA6_ITGB1	LAMININ
128	LAMA1_ITGA7_ITGB1	LAMININ
129	LAMA2_ITGA7_ITGB1	LAMININ
130	LAMA3_ITGA7_ITGB1	LAMININ
131	LAMA4_ITGA7_ITGB1	LAMININ
132	LAMA5_ITGA7_ITGB1	LAMININ
133	LAMB1_ITGA7_ITGB1	LAMININ
134	LAMB2_ITGA7_ITGB1	LAMININ
135	LAMB3_ITGA7_ITGB1	LAMININ
136	LAMC1_ITGA7_ITGB1	LAMININ
137	LAMC2_ITGA7_ITGB1	LAMININ
138	LAMC3_ITGA7_ITGB1	LAMININ
139	VTN_ITGA8_ITGB1	VTN
140	TNC_ITGA8_ITGB1	TENASCIN
141	TNR_ITGA8_ITGB1	TENASCIN
142	TNN_ITGA8_ITGB1	TENASCIN
143	TNXB_ITGA8_ITGB1	TENASCIN
144	TNC_ITGA9_ITGB1	TENASCIN
145	TNR_ITGA9_ITGB1	TENASCIN
146	TNN_ITGA9_ITGB1	TENASCIN
147	TNXB_ITGA9_ITGB1	TENASCIN
148	COL1A1_ITGA9_ITGB1	COLLAGEN
149	COL1A2_ITGA9_ITGB1	COLLAGEN
150	COL2A1_ITGA9_ITGB1	COLLAGEN
151	COL4A1_ITGA9_ITGB1	COLLAGEN
152	COL4A2_ITGA9_ITGB1	COLLAGEN
153	COL4A3_ITGA9_ITGB1	COLLAGEN
154	COL4A4_ITGA9_ITGB1	COLLAGEN
155	COL4A5_ITGA9_ITGB1	COLLAGEN
156	COL4A6_ITGA9_ITGB1	COLLAGEN
157	COL6A1_ITGA9_ITGB1	COLLAGEN
158	COL6A2_ITGA9_ITGB1	COLLAGEN
159	COL6A3_ITGA9_ITGB1	COLLAGEN
160	COL6A5_ITGA9_ITGB1	COLLAGEN
161	COL6A6_ITGA9_ITGB1	COLLAGEN
162	COL9A1_ITGA9_ITGB1	COLLAGEN
163	COL9A2_ITGA9_ITGB1	COLLAGEN
164	COL9A3_ITGA9_ITGB1	COLLAGEN
165	LAMA1_ITGA9_ITGB1	LAMININ
166	LAMA2_ITGA9_ITGB1	LAMININ
167	LAMA3_ITGA9_ITGB1	LAMININ
168	LAMA4_ITGA9_ITGB1	LAMININ
169	LAMA5_ITGA9_ITGB1	LAMININ
170	LAMB1_ITGA9_ITGB1	LAMININ
171	LAMB2_ITGA9_ITGB1	LAMININ
172	LAMB3_ITGA9_ITGB1	LAMININ
173	LAMC1_ITGA9_ITGB1	LAMININ
174	LAMC2_ITGA9_ITGB1	LAMININ
175	LAMC3_ITGA9_ITGB1	LAMININ
176	COL1A1_ITGA10_ITGB1	COLLAGEN
177	COL1A2_ITGA10_ITGB1	COLLAGEN
178	COL2A1_ITGA10_ITGB1	COLLAGEN
179	COL4A1_ITGA10_ITGB1	COLLAGEN
180	COL4A2_ITGA10_ITGB1	COLLAGEN
181	COL4A3_ITGA10_ITGB1	COLLAGEN
182	COL4A4_ITGA10_ITGB1	COLLAGEN
183	COL4A5_ITGA10_ITGB1	COLLAGEN
184	COL4A6_ITGA10_ITGB1	COLLAGEN
185	COL6A1_ITGA10_ITGB1	COLLAGEN
186	COL6A2_ITGA10_ITGB1	COLLAGEN
187	COL6A3_ITGA10_ITGB1	COLLAGEN
188	COL6A5_ITGA10_ITGB1	COLLAGEN
189	COL6A6_ITGA10_ITGB1	COLLAGEN
190	COL9A1_ITGA10_ITGB1	COLLAGEN
191	COL9A2_ITGA10_ITGB1	COLLAGEN
192	COL9A3_ITGA10_ITGB1	COLLAGEN
193	COL1A1_ITGA11_ITGB1	COLLAGEN
194	COL1A2_ITGA11_ITGB1	COLLAGEN
195	COL2A1_ITGA11_ITGB1	COLLAGEN
196	COL4A1_ITGA11_ITGB1	COLLAGEN
197	COL4A2_ITGA11_ITGB1	COLLAGEN
198	COL4A3_ITGA11_ITGB1	COLLAGEN
199	COL4A4_ITGA11_ITGB1	COLLAGEN
200	COL4A5_ITGA11_ITGB1	COLLAGEN
201	COL4A6_ITGA11_ITGB1	COLLAGEN
202	COL6A1_ITGA11_ITGB1	COLLAGEN
203	COL6A2_ITGA11_ITGB1	COLLAGEN
204	COL6A3_ITGA11_ITGB1	COLLAGEN
205	COL6A5_ITGA11_ITGB1	COLLAGEN
206	COL6A6_ITGA11_ITGB1	COLLAGEN
207	COL9A1_ITGA11_ITGB1	COLLAGEN
208	COL9A2_ITGA11_ITGB1	COLLAGEN
209	COL9A3_ITGA11_ITGB1	COLLAGEN
210	FN1_ITGAV_ITGB1	FN1
211	VTN_ITGAV_ITGB1	VTN
212	FN1_ITGA4_ITGB7	FN1
213	FN1_ITGAV_ITGB3	FN1
214	VTN_ITGAV_ITGB3	VTN
215	TNC_ITGAV_ITGB3	TENASCIN
216	TNR_ITGAV_ITGB3	TENASCIN
217	TNN_ITGAV_ITGB3	TENASCIN
218	TNXB_ITGAV_ITGB3	TENASCIN
219	THBS1_ITGAV_ITGB3	THBS
220	THBS2_ITGAV_ITGB3	THBS
221	THBS3_ITGAV_ITGB3	THBS
222	THBS4_ITGAV_ITGB3	THBS
223	COMP_ITGAV_ITGB3	THBS
224	FN1_ITGA2B_ITGB3	FN1
225	VTN_ITGA2B_ITGB3	VTN
226	TNC_ITGA2B_ITGB3	TENASCIN
227	TNR_ITGA2B_ITGB3	TENASCIN
228	TNN_ITGA2B_ITGB3	TENASCIN
229	TNXB_ITGA2B_ITGB3	TENASCIN
230	VTN_ITGAV_ITGB5	VTN
231	TNC_ITGAV_ITGB6	TENASCIN
232	TNR_ITGAV_ITGB6	TENASCIN
233	TNN_ITGAV_ITGB6	TENASCIN
234	TNXB_ITGAV_ITGB6	TENASCIN
235	FN1_ITGAV_ITGB6	FN1
236	VTN_ITGAV_ITGB8	VTN
237	FN1_ITGAV_ITGB8	FN1
238	LAMA1_ITGAV_ITGB8	LAMININ
239	LAMA2_ITGAV_ITGB8	LAMININ
240	LAMA3_ITGAV_ITGB8	LAMININ
241	LAMA4_ITGAV_ITGB8	LAMININ
242	LAMA5_ITGAV_ITGB8	LAMININ
243	LAMB1_ITGAV_ITGB8	LAMININ
244	LAMB2_ITGAV_ITGB8	LAMININ
245	LAMB3_ITGAV_ITGB8	LAMININ
246	LAMC1_ITGAV_ITGB8	LAMININ
247	LAMC2_ITGAV_ITGB8	LAMININ
248	LAMC3_ITGAV_ITGB8	LAMININ
249	COL1A1_ITGAV_ITGB8	COLLAGEN
250	COL1A2_ITGAV_ITGB8	COLLAGEN
251	COL2A1_ITGAV_ITGB8	COLLAGEN
252	COL4A1_ITGAV_ITGB8	COLLAGEN
253	COL4A2_ITGAV_ITGB8	COLLAGEN
254	COL4A3_ITGAV_ITGB8	COLLAGEN
255	COL4A4_ITGAV_ITGB8	COLLAGEN
256	COL4A5_ITGAV_ITGB8	COLLAGEN
257	COL4A6_ITGAV_ITGB8	COLLAGEN
258	COL6A1_ITGAV_ITGB8	COLLAGEN
259	COL6A2_ITGAV_ITGB8	COLLAGEN
260	COL6A3_ITGAV_ITGB8	COLLAGEN
261	COL6A5_ITGAV_ITGB8	COLLAGEN
262	COL6A6_ITGAV_ITGB8	COLLAGEN
263	COL9A1_ITGAV_ITGB8	COLLAGEN
264	COL9A2_ITGAV_ITGB8	COLLAGEN
265	COL9A3_ITGAV_ITGB8	COLLAGEN
266	LAMA1_ITGA6_ITGB4	LAMININ
267	LAMA2_ITGA6_ITGB4	LAMININ
268	LAMA3_ITGA6_ITGB4	LAMININ
269	LAMA4_ITGA6_ITGB4	LAMININ
270	LAMA5_ITGA6_ITGB4	LAMININ
271	LAMB1_ITGA6_ITGB4	LAMININ
272	LAMB2_ITGA6_ITGB4	LAMININ
273	LAMB3_ITGA6_ITGB4	LAMININ
274	LAMC1_ITGA6_ITGB4	LAMININ
275	LAMC2_ITGA6_ITGB4	LAMININ
276	LAMC3_ITGA6_ITGB4	LAMININ
277	FN1_CD44	FN1
278	COL1A1_CD44	COLLAGEN
279	COL1A2_CD44	COLLAGEN
280	COL2A1_CD44	COLLAGEN
281	COL4A1_CD44	COLLAGEN
282	COL4A2_CD44	COLLAGEN
283	COL4A3_CD44	COLLAGEN
284	COL4A4_CD44	COLLAGEN
285	COL4A5_CD44	COLLAGEN
286	COL4A6_CD44	COLLAGEN
287	COL6A1_CD44	COLLAGEN
288	COL6A2_CD44	COLLAGEN
289	COL6A3_CD44	COLLAGEN
290	COL6A5_CD44	COLLAGEN
291	COL6A6_CD44	COLLAGEN
292	COL9A1_CD44	COLLAGEN
293	COL9A2_CD44	COLLAGEN
294	COL9A3_CD44	COLLAGEN
295	LAMA1_CD44	LAMININ
296	LAMA2_CD44	LAMININ
297	LAMA3_CD44	LAMININ
298	LAMA4_CD44	LAMININ
299	LAMA5_CD44	LAMININ
300	LAMB1_CD44	LAMININ
301	LAMB2_CD44	LAMININ
302	LAMB3_CD44	LAMININ
303	LAMC1_CD44	LAMININ
304	LAMC2_CD44	LAMININ
305	LAMC3_CD44	LAMININ
306	COL1A1_SDC1	COLLAGEN
307	COL1A2_SDC1	COLLAGEN
308	COL2A1_SDC1	COLLAGEN
309	COL4A1_SDC1	COLLAGEN
310	COL4A2_SDC1	COLLAGEN
311	COL4A3_SDC1	COLLAGEN
312	COL4A4_SDC1	COLLAGEN
313	COL4A5_SDC1	COLLAGEN
314	COL4A6_SDC1	COLLAGEN
315	COL6A1_SDC1	COLLAGEN
316	COL6A2_SDC1	COLLAGEN
317	COL6A3_SDC1	COLLAGEN
318	COL6A5_SDC1	COLLAGEN
319	COL6A6_SDC1	COLLAGEN
320	COL9A1_SDC1	COLLAGEN
321	COL9A2_SDC1	COLLAGEN
322	COL9A3_SDC1	COLLAGEN
323	FN1_SDC1	FN1
324	TNC_SDC1	TENASCIN
325	TNR_SDC1	TENASCIN
326	TNN_SDC1	TENASCIN
327	TNXB_SDC1	TENASCIN
328	THBS1_SDC1	THBS
329	THBS2_SDC1	THBS
330	THBS3_SDC1	THBS
331	THBS4_SDC1	THBS
332	COMP_SDC1	THBS
333	COL1A1_SDC4	COLLAGEN
334	COL1A2_SDC4	COLLAGEN
335	COL2A1_SDC4	COLLAGEN
336	COL4A1_SDC4	COLLAGEN
337	COL4A2_SDC4	COLLAGEN
338	COL4A3_SDC4	COLLAGEN
339	COL4A4_SDC4	COLLAGEN
340	COL4A5_SDC4	COLLAGEN
341	COL4A6_SDC4	COLLAGEN
342	COL6A1_SDC4	COLLAGEN
343	COL6A2_SDC4	COLLAGEN
344	COL6A3_SDC4	COLLAGEN
345	COL6A5_SDC4	COLLAGEN
346	COL6A6_SDC4	COLLAGEN
347	COL9A1_SDC4	COLLAGEN
348	COL9A2_SDC4	COLLAGEN
349	COL9A3_SDC4	COLLAGEN
350	FN1_SDC4	FN1
351	TNC_SDC4	TENASCIN
352	TNR_SDC4	TENASCIN
353	TNN_SDC4	TENASCIN
354	TNXB_SDC4	TENASCIN
355	THBS1_SDC4	THBS
356	THBS2_SDC4	THBS
357	THBS3_SDC4	THBS
358	THBS4_SDC4	THBS
359	COMP_SDC4	THBS
360	LAMA1_SV2A	LAMININ
361	LAMA2_SV2A	LAMININ
362	LAMA3_SV2A	LAMININ
363	LAMA4_SV2A	LAMININ
364	LAMA5_SV2A	LAMININ
365	LAMB1_SV2A	LAMININ
366	LAMB2_SV2A	LAMININ
367	LAMB3_SV2A	LAMININ
368	LAMC1_SV2A	LAMININ
369	LAMC2_SV2A	LAMININ
370	LAMC3_SV2A	LAMININ
371	LAMA1_SV2B	LAMININ
372	LAMA2_SV2B	LAMININ
373	LAMA3_SV2B	LAMININ
374	LAMA4_SV2B	LAMININ
375	LAMA5_SV2B	LAMININ
376	LAMB1_SV2B	LAMININ
377	LAMB2_SV2B	LAMININ
378	LAMB3_SV2B	LAMININ
379	LAMC1_SV2B	LAMININ
380	LAMC2_SV2B	LAMININ
381	LAMC3_SV2B	LAMININ
382	LAMA1_SV2C	LAMININ
383	LAMA2_SV2C	LAMININ
384	LAMA3_SV2C	LAMININ
385	LAMA4_SV2C	LAMININ
386	LAMA5_SV2C	LAMININ
387	LAMB1_SV2C	LAMININ
388	LAMB2_SV2C	LAMININ
389	LAMB3_SV2C	LAMININ
390	LAMC1_SV2C	LAMININ
391	LAMC2_SV2C	LAMININ
392	LAMC3_SV2C	LAMININ
393	THBS1_CD36	THBS
394	THBS2_CD36	THBS
395	THBS3_CD36	THBS
396	THBS4_CD36	THBS
397	COMP_CD36	THBS
398	COL1A1_GP6	COLLAGEN
399	COL1A2_GP6	COLLAGEN
400	COL2A1_GP6	COLLAGEN
401	COL4A1_GP6	COLLAGEN
402	COL4A2_GP6	COLLAGEN
403	COL4A3_GP6	COLLAGEN
404	COL4A4_GP6	COLLAGEN
405	COL4A5_GP6	COLLAGEN
406	COL4A6_GP6	COLLAGEN
407	COL6A1_GP6	COLLAGEN
408	COL6A2_GP6	COLLAGEN
409	COL6A3_GP6	COLLAGEN
410	COL6A5_GP6	COLLAGEN
411	COL6A6_GP6	COLLAGEN
412	COL9A1_GP6	COLLAGEN
413	COL9A2_GP6	COLLAGEN
414	COL9A3_GP6	COLLAGEN
415	THBS1_CD47	THBS
416	THBS2_CD47	THBS
417	THBS3_CD47	THBS
418	THBS4_CD47	THBS
419	COMP_CD47	THBS
420	HSPG2_DAG1	HSPG
421	LAMA1_DAG1	LAMININ
422	LAMA2_DAG1	LAMININ
423	LAMA3_DAG1	LAMININ
424	LAMA4_DAG1	LAMININ
425	LAMA5_DAG1	LAMININ
426	LAMB1_DAG1	LAMININ
427	LAMB2_DAG1	LAMININ
428	LAMB3_DAG1	LAMININ
429	LAMC1_DAG1	LAMININ
430	LAMC2_DAG1	LAMININ
431	LAMC3_DAG1	LAMININ
432	VTN_PLAUR	VTN
433	CDH15_CDH15	CDH
434	CDH4_CDH4	CDH
435	CDH2_CDH2	CDH
436	CDH1_CDH1	CDH
437	CDH1_ITGA1_ITGB1	CDH1
438	CDH1_ITGAE_ITGB7	CDH1
439	CDH1_KLRG1	CDH1
440	CDH5_CDH5	CDH5
441	ICAM1_ITGAX_ITGB2	ICAM
442	ICAM1_ITGAL_ITGB2	ICAM
443	ICAM2_ITGAL_ITGB2	ICAM
444	ICAM1_ITGAM_ITGB2	ICAM
445	ICAM2_ITGAM_ITGB2	ICAM
446	ICAM1_ITGAL	ICAM
447	ICAM1_SPN	ICAM
448	ICAM5_CD209	ICAM
449	JAM2_ITGA3_ITGB1	JAM
450	JAM2_ITGAV_ITGB1	JAM
451	JAM3_ITGAM_ITGB2	JAM
452	JAM1_ITGAL_ITGB2	JAM
453	JAM2_JAM3	JAM
454	F11R_F11R	JAM
455	JAM2_F11R	JAM
456	JAM2_JAM2	JAM
457	JAM3_F11R	JAM
458	JAM3_JAM3	JAM
459	ITGA4_ITGB1_VCAM1	VCAM
460	ITGA9_ITGB1_VCAM1	VCAM
461	ITGA4_ITGB7_VCAM1	VCAM
462	CDH3_CDH3	CDH
463	CDH12_ITGA1_ITGB1	CDH
464	PCDHA10_PCDHA10	PCDH
465	PCDHA11_PCDHA11	PCDH
466	PCDHA12_PCDHA12	PCDH
467	PCDHA13_PCDHA13	PCDH
468	PCDHA1_PCDHA1	PCDH
469	PCDHA2_PCDHA2	PCDH
470	PCDHA3_PCDHA3	PCDH
471	PCDHA4_PCDHA4	PCDH
472	PCDHA5_PCDHA5	PCDH
473	PCDHA6_PCDHA6	PCDH
474	PCDHA7_PCDHA7	PCDH
475	PCDHA8_PCDHA8	PCDH
476	PCDHA9_PCDHA9	PCDH
477	PCDHAC1_PCDHAC1	PCDH
478	PCDHAC2_PCDHAC2	PCDH
479	PCDHB1_PCDHB1	PCDH
480	PCDHB10_PCDHB10	PCDH
481	PCDHB11_PCDHB11	PCDH
482	PCDHB12_PCDHB12	PCDH
483	PCDHB13_PCDHB13	PCDH
484	PCDHB14_PCDHB14	PCDH
485	PCDHB15_PCDHB15	PCDH
486	PCDHB16_PCDHB16	PCDH
487	PCDHB2_PCDHB2	PCDH
488	PCDHB3_PCDHB3	PCDH
489	PCDHB4_PCDHB4	PCDH
490	PCDHB5_PCDHB5	PCDH
491	PCDHB6_PCDHB6	PCDH
492	PCDHB7_PCDHB7	PCDH
493	PCDHB8_PCDHB8	PCDH
494	PCDHB9_PCDHB9	PCDH
495	PCDHGA1_PCDHGA1	PCDH
496	PCDHGA10_PCDHGA10	PCDH
497	PCDHGA11_PCDHGA11	PCDH
498	PCDHGA12_PCDHGA12	PCDH
499	PCDHGA2_PCDHGA2	PCDH
500	PCDHGA3_PCDHGA3	PCDH
501	PCDHGA4_PCDHGA4	PCDH
502	PCDHGA5_PCDHGA5	PCDH
503	PCDHGA6_PCDHGA6	PCDH
504	PCDHGA7_PCDHGA7	PCDH
505	PCDHGA8_PCDHGA8	PCDH
506	PCDHGA9_PCDHGA9	PCDH
507	PCDHGB1_PCDHGB1	PCDH
508	PCDHGB2_PCDHGB2	PCDH
509	PCDHGB3_PCDHGB3	PCDH
510	PCDHGB4_PCDHGB4	PCDH
511	PCDHGB5_PCDHGB5	PCDH
512	PCDHGB6_PCDHGB6	PCDH
513	PCDHGB7_PCDHGB7	PCDH
514	PCDHGC3_PCDHGC3	PCDH
515	PCDHGC4_PCDHGC4	PCDH
516	PCDHGC5_PCDHGC5	PCDH
517	MMP2_INTEGRIN_AVB3_COMPLEX	MMP
518	VCAM1_INTEGRIN_ADB2	VCAM
