gene,Yellow_Module,Brown_Module,Blue_Module,DEGs_FAPs,SMR_UKB,SMR_FinnGen
A1BG,0,0,0,0,1,0
A4GALT,0,0,0,0,1,0
AAGAB,0,0,1,0,0,0
AATK,1,0,0,0,0,0
ABAT,0,0,1,0,0,0
ABCA1,0,0,1,0,0,0
ABCA5,0,0,0,0,0,1
ABCB10,0,0,0,0,0,1
ABCB9,0,0,1,0,0,0
ABCC4,0,1,0,0,0,0
ABCC9,0,1,0,0,0,0
ABCF1,0,0,0,0,1,0
ABHD10,0,0,1,0,0,0
ABHD12,0,0,0,0,0,1
ABHD14A,0,0,0,0,1,0
ABHD16A,0,0,0,0,1,0
ABI3BP,0,1,0,0,0,0
ABL2,0,1,0,0,0,0
ABO,0,0,0,0,0,1
ABR,1,0,0,0,0,0
ABRACL,0,0,0,0,0,1
ABT1,0,0,0,0,1,0
AC000078.5,0,0,0,0,0,1
AC002070.1,0,1,0,0,0,0
AC002074.1,1,0,0,0,0,0
AC002467.7,0,0,0,0,1,0
AC002480.2,1,0,0,0,0,0
AC003088.1,0,0,0,0,0,1
AC003090.1,0,0,0,0,0,1
AC003991.1,0,0,1,0,0,0
AC004083.1,0,0,1,0,0,0
AC004160.1,0,0,0,1,0,0
AC004166.6,0,0,0,0,0,1
AC004917.1,0,0,1,1,0,0
AC004980.10,0,0,0,0,1,0
AC004980.11,0,0,0,0,1,0
AC004980.7,0,0,0,0,1,0
AC004980.8,0,0,0,0,1,0
AC004980.9,0,0,0,0,1,0
AC005050.3,0,0,1,0,0,0
AC005208.1,0,0,1,0,0,0
AC005291.2,0,1,0,0,0,0
AC005306.3,0,0,0,0,0,1
AC005355.1,0,0,1,0,0,0
AC005519.4,0,0,0,0,0,1
AC005550.4,0,0,0,0,1,0
AC005670.3,0,0,1,0,0,0
AC005682.7,0,0,0,0,1,0
AC005759.1,0,0,1,0,0,0
AC005932.1,0,0,0,0,1,0
AC006001.2,0,1,0,0,0,0
AC006059.5,0,0,1,0,0,0
AC006230.1,0,0,1,0,0,0
AC006333.1,0,0,1,0,0,0
AC006460.2,0,0,0,1,0,0
AC006547.13,0,0,0,0,1,1
AC006547.14,0,0,0,0,1,0
AC007000.12,0,0,0,0,1,0
AC007262.2,0,0,1,0,0,0
AC007276.5,0,0,0,0,1,0
AC007384.1,0,0,1,0,0,0
AC007743.1,0,0,0,0,0,1
AC008050.1,0,0,1,0,0,0
AC008073.7,0,0,0,0,0,1
AC008073.9,0,0,0,0,1,0
AC008250.1,0,1,0,0,0,0
AC008269.1,0,0,1,0,0,0
AC008393.1,0,0,1,0,0,0
AC008397.1,0,0,1,0,0,0
AC008467.1,0,0,1,0,0,0
AC008691.1,1,0,0,0,0,0
AC008875.3,0,0,1,0,0,0
AC009093.2,0,0,1,0,0,0
AC009226.1,0,1,0,0,0,0
AC009228.1,0,0,0,0,1,1
AC009262.1,0,0,1,1,0,0
AC009495.1,0,0,1,0,0,0
AC009522.1,0,0,1,0,0,0
AC010168.1,0,0,1,0,0,0
AC010492.2,0,0,0,0,0,1
AC010883.5,0,0,0,0,1,0
AC011287.1,1,0,0,0,0,0
AC011330.5,0,0,0,0,1,0
AC011511.5,0,0,0,1,0,0
AC011997.1,0,1,0,0,0,0
AC012063.1,0,0,1,0,0,0
AC012146.7,0,0,0,0,1,0
AC012363.1,0,0,1,0,0,0
AC013652.1,0,1,0,0,0,0
AC016717.1,0,0,0,0,1,0
AC016722.2,0,0,0,0,1,0
AC016821.1,1,0,0,0,0,0
AC016831.1,0,1,0,0,0,0
AC016831.7,0,1,0,0,0,0
AC017002.5,0,1,0,0,0,0
AC017048.3,0,0,0,0,1,0
AC017048.4,0,0,0,0,1,0
AC017099.3,0,0,0,0,1,0
AC017101.1,0,1,0,0,0,0
AC018754.1,0,0,1,0,0,0
AC018816.1,0,0,1,0,0,0
AC019117.2,0,0,1,0,0,0
AC019131.1,0,1,0,0,0,0
AC020611.2,0,1,0,0,0,0
AC020637.1,0,0,1,0,0,0
AC020651.2,0,0,1,0,0,0
AC021231.1,0,0,1,0,0,0
AC021851.2,0,0,1,0,0,0
AC022075.1,0,0,1,0,0,0
AC022210.2,0,0,1,0,0,0
AC022276.1,0,0,1,0,0,0
AC022509.2,0,1,0,0,0,0
AC022816.1,1,0,0,0,0,0
AC023355.1,0,0,1,1,0,0
AC023424.3,0,1,0,0,0,0
AC023509.6,0,0,1,0,0,0
AC023790.2,0,0,1,0,0,0
AC025159.1,0,0,1,0,0,0
AC025259.1,0,0,1,0,0,0
AC025569.1,0,0,1,0,0,0
AC025580.2,1,0,0,0,0,0
AC026254.2,0,0,1,0,0,0
AC026341.1,0,0,1,0,0,0
AC027288.3,0,1,0,0,0,0
AC034195.1,0,0,1,0,0,0
AC034220.3,0,0,0,0,0,1
AC037198.1,0,1,0,0,0,0
AC062029.1,0,0,0,0,1,1
AC068051.1,0,0,1,0,0,0
AC068134.10,0,0,0,0,0,1
AC073050.1,1,0,0,0,0,0
AC073115.7,0,0,0,0,0,1
AC073130.1,0,0,0,0,1,0
AC073150.6,0,0,0,0,1,1
AC073236.3,0,0,0,0,0,1
AC073475.1,0,0,1,0,0,0
AC073529.1,0,0,1,0,0,0
AC074011.2,0,0,0,0,1,0
AC074117.10,0,0,0,0,1,0
AC078785.1,0,0,1,0,0,0
AC078852.1,0,0,0,0,1,0
AC078923.1,0,0,1,0,0,0
AC079298.3,0,0,1,0,0,0
AC079305.3,0,0,1,0,0,0
AC079447.1,0,0,1,0,0,0
AC079465.1,1,0,0,0,0,0
AC079760.1,0,0,1,0,0,0
AC079760.2,0,0,1,0,0,0
AC079793.1,0,0,1,0,0,0
AC079949.3,0,1,0,0,0,0
AC083837.1,1,0,0,0,0,0
AC083855.2,0,1,0,0,0,0
AC084740.1,0,0,1,0,0,0
AC084816.1,0,0,1,0,0,0
AC087280.2,0,1,0,0,0,0
AC087294.2,0,0,0,0,1,0
AC087521.3,0,0,1,0,0,0
AC087645.2,0,0,1,0,0,0
AC087854.1,0,0,1,0,0,0
AC090115.1,0,0,1,0,0,0
AC090517.5,0,0,1,0,0,0
AC090518.1,0,0,1,0,0,0
AC090617.5,0,1,0,0,0,0
AC090825.1,0,0,1,0,0,0
AC091078.1,0,0,1,0,0,0
AC091946.1,0,0,1,0,0,0
AC092153.1,0,0,1,0,0,0
AC092159.2,0,0,0,0,1,0
AC092295.7,0,0,0,0,0,1
AC092574.2,0,0,1,0,0,0
AC092839.1,0,0,0,0,1,1
AC092910.3,1,0,0,0,0,0
AC092944.1,0,0,1,0,0,0
AC093157.1,0,0,1,0,0,0
AC093388.3,0,0,0,0,1,0
AC093495.4,0,0,0,0,1,1
AC093627.10,0,0,0,0,1,0
AC093627.8,0,0,0,0,1,0
AC093675.1,0,0,1,0,0,0
AC093801.1,1,0,0,0,0,0
AC093827.4,0,0,1,0,0,0
AC093865.1,0,0,1,0,0,0
AC093899.3,0,0,0,0,1,0
AC095032.1,0,0,1,0,0,0
AC096531.2,0,0,0,1,0,0
AC096564.1,0,1,0,0,0,0
AC096574.5,0,0,0,0,1,0
AC096711.2,0,1,0,0,0,0
AC097376.3,0,0,1,0,0,0
AC097460.1,0,0,1,0,0,0
AC098617.1,0,0,1,0,0,0
AC098872.1,0,0,1,0,0,0
AC099489.1,0,0,1,0,0,0
AC099560.1,0,1,0,0,0,0
AC100830.3,0,0,0,0,1,0
AC103409.1,0,0,1,0,0,0
AC103965.1,0,0,0,0,1,0
AC104041.1,0,0,1,0,0,0
AC104123.1,0,1,0,0,0,0
AC104248.1,0,0,1,0,0,0
AC104574.2,0,0,1,0,0,0
AC104758.5,0,0,0,1,0,0
AC106729.1,1,0,0,0,0,0
AC106791.1,0,0,1,0,0,0
AC106798.1,0,1,0,0,0,0
AC107021.1,0,1,0,0,0,0
AC107223.1,0,0,1,0,0,0
AC108004.2,0,0,0,0,0,1
AC108519.1,0,0,1,0,0,0
AC109927.1,0,0,1,1,0,0
AC110995.1,1,0,0,0,0,0
AC114971.1,0,0,1,1,0,0
AC116366.1,0,0,1,0,0,0
AC116366.2,0,0,1,0,0,0
AC119674.1,0,1,0,1,0,0
AC127029.2,1,0,0,0,0,0
AC135050.3,0,1,0,0,0,0
AC138305.1,1,0,0,0,0,0
AC138356.3,0,0,1,0,0,0
AC138512.1,0,1,0,0,0,0
AC138627.1,0,0,1,0,0,0
AC145343.2,0,0,0,0,1,1
AC159540.1,0,0,0,0,1,0
AC243829.2,0,0,1,0,0,0
AC243964.3,0,0,1,0,0,0
ACACB,0,0,0,0,0,1
ACAT1,0,0,0,0,1,0
ACAT2,0,0,0,0,0,1
ACBD3,0,0,0,0,1,0
ACER2,0,0,1,0,0,0
ACO2,0,0,0,0,1,0
ACOT1,0,0,0,0,0,1
ACOT11,1,0,0,0,0,0
ACOT12,0,0,1,1,0,0
ACOT13,0,0,1,0,0,0
ACOT2,0,0,0,0,0,1
ACOX3,0,0,0,0,1,0
ACP1,0,0,0,0,1,0
ACP2,0,0,0,0,1,0
ACSL1,0,1,0,0,0,0
ACSL3,0,1,0,0,0,0
ACSL4,0,1,0,0,0,0
ACSM3,0,0,0,0,0,1
ACTA2,0,0,1,0,0,0
ACTN3,0,0,0,0,0,1
ACTR3B,0,1,0,0,0,0
ACVR1C,0,0,1,0,0,0
ACYP2,0,0,0,0,1,0
ADA,0,0,0,0,1,0
ADAD2,0,0,0,0,1,0
ADAM12,1,0,0,0,0,0
ADAM15,0,0,0,0,1,0
ADAM17,0,0,0,0,0,1
ADAM22,0,0,0,0,0,1
ADAM32,0,0,1,0,0,0
ADAMTS1,0,1,0,0,0,0
ADAMTS13,0,0,0,0,0,1
ADAMTS14,0,0,0,0,1,0
ADAMTS16,1,0,0,0,0,0
ADAMTS17,0,1,0,0,0,0
ADAMTS18,0,0,1,0,0,0
ADAMTS2,1,0,0,0,0,0
ADAMTS3,0,1,0,0,0,0
ADAMTS8,0,0,0,0,1,0
ADAMTS9,0,0,0,0,0,1
ADAMTS9-AS2,0,0,0,0,0,1
ADAMTSL1,1,0,0,0,0,0
ADAMTSL3,0,0,0,0,1,0
ADAMTSL4,0,0,0,0,1,0
ADARB1,0,0,0,0,1,0
ADARB2,0,0,0,0,1,0
ADCY3,0,0,0,0,1,1
ADCY4,0,0,0,0,1,1
ADCY8,1,0,0,0,0,0
ADCY9,0,1,0,0,0,0
ADGRA3,1,0,0,0,0,0
ADGRB3,1,0,0,1,0,0
ADGRD1,0,1,0,0,0,0
ADGRV1,1,0,0,0,0,0
ADH6,0,0,0,0,1,0
ADK,0,1,0,0,0,0
ADM,0,0,0,1,0,0
ADORA2B,0,0,0,0,1,0
ADPGK,0,0,0,0,1,0
ADPGK-AS1,0,0,0,0,1,0
ADPRHL1,1,0,0,0,0,0
AF117829.1,0,1,0,0,0,0
AF131215.9,0,0,0,0,1,0
AF165147.1,0,0,1,0,0,0
AFAP1,0,1,0,0,0,0
AFAP1L1,0,0,1,0,0,0
AFAP1L2,0,0,1,0,0,0
AFF4,0,0,0,0,0,1
AFTPH,0,1,0,0,0,0
AGAP3,0,1,0,0,0,0
AGAP5,0,0,0,0,0,1
AGBL3,0,0,1,0,0,0
AGER,0,0,0,0,1,0
AGGF1,0,0,0,0,1,0
AGMO,0,0,1,0,0,0
AGPAT4,1,0,0,0,0,0
AGPAT5,0,1,0,0,0,0
AGTR1,0,1,0,0,0,0
AHCTF1,0,0,0,0,1,0
AHCYL2,0,1,0,0,0,0
AHI1,0,1,0,0,0,0
AHR,0,1,0,0,0,0
AHRR,0,0,1,0,1,0
AIF1,0,0,0,0,1,0
AIG1,0,0,0,0,0,1
AIM2,0,0,1,0,0,0
AIMP1,0,0,0,0,0,1
AK3,0,0,0,0,1,0
AK9,0,0,1,0,1,1
AKIP1,0,0,0,0,1,0
AKIRIN1,0,0,0,0,1,0
AKR1B10,0,0,0,0,0,1
AKR1C1,0,1,0,0,1,0
AKR1C2,0,1,0,0,0,0
AKT2,0,0,0,0,1,0
AKTIP,0,0,0,0,0,1
AL008633.1,0,1,0,0,0,0
AL022068.1,1,0,0,0,0,0
AL031428.1,0,0,1,0,0,0
AL033523.1,0,0,1,1,0,0
AL034417.2,1,0,0,0,0,0
AL034417.3,0,0,1,0,0,0
AL035458.2,0,0,1,0,0,0
AL049629.1,0,0,1,0,0,0
AL049828.1,1,0,0,0,0,0
AL050403.2,0,0,1,0,0,0
AL078459.1,0,1,0,0,0,0
AL078604.4,0,0,1,1,0,0
AL096803.2,0,0,1,0,0,0
AL109809.5,0,0,1,0,0,0
AL109824.1,0,0,1,0,0,0
AL136038.5,0,1,0,0,0,0
AL136441.1,0,0,1,0,0,0
AL136442.1,0,0,1,0,0,0
AL136962.1,1,0,0,0,0,0
AL136985.3,0,0,1,0,0,0
AL138720.1,0,1,0,0,0,0
AL139106.1,0,0,1,0,0,0
AL139260.1,0,1,0,0,0,0
AL157371.2,0,0,1,0,0,0
AL162231.2,0,0,1,0,0,0
AL162414.1,0,0,1,0,0,0
AL163953.3,0,0,0,0,1,1
AL353135.2,0,0,1,0,0,0
AL353586.1,0,0,1,0,0,0
AL354740.1,0,0,1,0,0,0
AL355304.1,0,0,0,1,0,0
AL355838.1,0,0,0,1,0,0
AL357153.2,0,0,1,0,0,0
AL357507.1,0,0,1,0,0,0
AL359232.1,0,0,1,0,0,0
AL359644.1,0,0,1,0,0,0
AL365214.2,0,1,0,0,0,0
AL390755.1,0,0,1,0,0,0
AL390957.1,0,0,1,0,0,0
AL392086.3,1,0,0,0,0,0
AL392172.1,1,0,0,0,0,0
AL451070.1,1,0,0,0,0,0
AL513166.1,0,0,1,1,0,0
AL583785.1,0,0,1,0,0,0
AL589935.1,0,1,0,0,0,0
AL591043.2,0,0,1,0,0,0
AL603840.1,0,0,1,0,0,0
AL606807.1,0,0,1,0,0,0
AL645465.1,0,1,0,0,0,0
AL807742.1,0,0,1,0,0,0
ALCAM,0,1,0,0,0,0
ALDH16A1,0,0,0,0,0,1
ALDH18A1,0,1,0,0,0,0
ALDH8A1,0,0,0,0,0,1
ALG13,0,1,0,0,0,0
ALG14,0,0,0,0,0,1
ALG1L9P,0,0,1,0,0,0
ALG8,0,0,0,0,1,0
ALKAL2,0,1,0,0,0,0
ALKBH1,0,1,0,0,0,0
ALOX12-AS1,0,0,1,0,0,0
ALPK1,0,0,1,1,0,1
ALPK2,1,0,0,0,0,0
AMPD1,0,0,1,0,0,0
AMPD3,0,0,1,1,0,0
AMT,0,0,0,0,1,1
ANAPC13,0,0,0,0,1,0
ANAPC5,0,0,0,0,0,1
ANGPT1,0,0,0,1,0,0
ANK1,1,0,0,0,0,0
ANKFN1,0,0,1,0,0,0
ANKH,0,1,0,1,0,0
ANKLE2,0,0,0,0,1,0
ANKMY1,0,0,1,0,0,0
ANKMY2,0,0,0,0,0,1
ANKRD13D,0,0,0,0,1,0
ANKRD17,0,1,0,0,0,0
ANKRD18EP,0,0,0,0,1,0
ANKRD23,0,0,1,0,0,0
ANKRD26,0,0,1,0,0,0
ANKRD36,0,0,0,0,1,0
ANKRD36B,0,0,0,0,1,0
ANKRD36BP2,0,0,0,0,1,0
ANKRD39,0,0,1,0,0,0
ANKRD42,0,0,1,0,0,0
ANKRD46,0,0,1,0,0,0
ANKRD65,0,0,0,0,0,1
ANKRD9,0,0,0,0,1,0
ANKS1B,0,0,1,0,0,0
ANO3,0,1,0,0,0,0
ANO5,1,0,0,0,0,0
ANO7,0,0,0,0,0,1
ANPEP,1,0,0,0,0,0
ANXA6,0,0,0,0,0,1
AOPEP,1,0,0,0,0,0
AP000255.6,0,0,0,0,0,1
AP000317.1,0,0,1,0,0,0
AP000446.1,0,0,1,0,0,0
AP000787.1,0,0,1,0,0,0
AP001042.1,0,0,1,0,0,0
AP001816.1,0,0,0,0,1,0
AP002381.2,0,0,1,0,0,0
AP002518.1,0,0,1,0,0,0
AP002518.2,0,0,1,0,0,0
AP002762.2,0,1,0,0,0,0
AP002784.1,0,1,0,0,0,0
AP002954.1,0,0,1,0,0,0
AP002989.1,0,0,1,0,0,0
AP006621.5,0,0,0,0,1,0
AP006621.6,0,0,0,0,1,0
AP1AR,0,0,0,0,1,0
AP1M2,0,0,0,0,0,1
AP1S1,0,0,0,0,0,1
AP1S2,0,1,0,0,0,0
AP1S3,0,0,1,0,0,0
AP3B2,0,0,0,0,1,0
AP3D1,0,0,0,0,1,0
AP3M1,0,0,0,0,0,1
AP3M2,0,0,0,0,0,1
AP4S1,0,0,0,0,0,1
APC,0,0,0,0,1,0
APCDD1L,0,1,0,0,0,0
APITD1,0,0,0,0,0,1
APLP2,0,0,0,1,0,1
APOA1BP,0,0,0,0,1,0
APOE,1,0,0,0,0,0
APOLD1,0,0,1,0,0,0
APOPT1,0,0,0,0,0,1
AQP1,1,0,0,0,0,0
AQP11,0,0,0,0,0,1
AQP9,0,0,1,0,0,0
ARAP2,1,0,0,0,0,0
ARC,0,1,0,0,0,0
AREG,0,1,0,0,0,0
ARFGAP3,0,0,0,0,1,0
ARFGEF3,0,0,1,0,0,0
ARG2,0,0,0,0,1,0
ARHGAP15,1,0,0,0,0,0
ARHGAP19,0,0,0,0,1,0
ARHGAP20,1,0,0,0,0,0
ARHGAP22,0,0,0,0,1,1
ARHGAP23,0,1,0,0,0,0
ARHGAP26,0,1,0,0,0,0
ARHGAP27,0,0,1,0,0,0
ARHGAP28,1,0,0,0,0,0
ARHGAP31,0,1,0,0,0,0
ARHGEF26,0,0,0,0,0,1
ARHGEF26-AS1,0,0,0,0,0,1
ARHGEF3,0,0,1,0,0,0
ARID3A,0,0,1,0,0,0
ARID5B,0,1,0,0,0,0
ARIH2,0,0,0,0,1,1
ARL3,0,0,0,0,0,1
ARL4C,0,1,0,1,0,0
ARL6IP5,0,0,0,0,0,1
ARMC9,0,0,1,0,0,0
ARNTL2,1,0,0,0,0,0
ARPC3,0,0,0,0,1,0
ARPC5,0,0,0,0,0,1
ARRDC1,0,0,0,0,0,1
ARRDC3-AS1,0,0,1,0,0,0
ARRDC4,0,1,0,0,0,0
ARSB,0,1,0,0,0,0
ARSJ,0,1,0,0,0,0
ARSK,0,0,0,0,1,0
ARVCF,0,0,0,0,1,0
ASAP1,0,1,0,1,0,0
ASB15,0,0,1,0,0,0
ASB16,0,0,0,0,0,1
ASCC3,0,1,0,0,0,0
ASH1L,0,0,0,0,1,1
ASS1,0,0,1,0,0,0
ATAD2,0,0,0,0,0,1
ATAD3C,0,0,0,0,0,1
ATF1,0,0,0,0,1,0
ATF5,0,0,0,0,1,0
ATG13,0,0,0,0,1,1
ATG7,0,0,0,0,1,0
ATG9A,0,0,0,0,1,0
ATIC,0,0,0,0,1,0
ATOH7,0,0,0,0,1,1
ATP11C,0,1,0,0,0,0
ATP13A1,0,0,0,0,1,0
ATP13A3,0,1,0,0,0,0
ATP13A4,0,0,0,0,0,1
ATP1A1,0,1,0,0,0,0
ATP1B1,0,0,0,0,1,0
ATP1B3,0,1,0,0,0,0
ATP2A2,0,0,0,0,1,0
ATP2B1,0,1,0,0,0,0
ATP2B1-AS1,0,1,0,0,0,0
ATP5SL,0,0,0,0,0,1
ATP6AP1L,0,0,1,0,0,0
ATP6V0E1,0,0,0,0,1,0
ATP6V1A,0,0,0,0,0,1
ATP6V1E2,0,0,1,0,0,0
ATP8A2,0,0,0,0,1,0
ATPIF1,0,0,0,0,1,0
ATRAID,0,0,0,0,1,0
ATRIP,0,0,0,0,1,0
ATXN1,1,0,0,0,0,0
ATXN10,0,0,1,0,1,0
ATXN7L1,0,0,1,0,0,0
AUH,0,0,1,0,0,0
AUTS2,1,0,0,1,0,0
AVEN,0,1,0,0,0,0
AXL,0,1,0,0,0,0
AZIN1-AS1,0,0,1,0,0,0
B2M,1,0,0,0,0,0
B3GALT1,0,0,0,0,0,1
B3GALTL,0,0,0,0,1,0
B3GAT1,0,0,0,0,0,1
B3GNT8,0,0,0,0,1,0
B4GALNT1,0,0,0,0,0,1
B4GALT4,0,0,0,0,1,1
BABAM2,0,0,1,0,0,0
BACH2,0,1,0,0,0,0
BAG5,0,0,0,0,1,0
BANF1,0,0,0,0,0,1
BANP,0,1,0,0,0,0
BASP1,0,1,0,0,0,0
BATF,0,0,1,0,0,0
BBS1,0,0,0,0,0,1
BBS4,0,0,0,0,1,0
BCAS4,0,0,0,0,1,0
BCAT1,1,0,0,0,0,0
BCL10,0,0,0,0,1,0
BCL2L11,1,0,0,0,0,0
BCL6,0,0,1,0,0,0
BCO2,0,0,0,0,0,1
BCOR,0,0,1,0,0,0
BCR,0,1,0,0,0,1
BDKRB2,1,0,0,0,0,0
BDNF,1,0,0,0,1,1
BEAN1,0,0,0,0,0,1
BECN1,0,0,0,0,1,0
BEST3,0,0,0,0,0,1
BHLHE40-AS1,0,0,1,0,0,1
BHLHE41,0,1,0,0,0,0
BHMT2,0,0,0,0,0,1
BICD1,0,1,0,0,0,1
BICDL1,0,0,1,0,0,0
BID,0,1,0,0,0,0
BIRC3,0,1,0,0,0,0
BLMH,0,0,0,0,0,1
BLVRB,0,0,0,0,1,0
BMERB1,0,1,0,0,0,0
BMP2,0,1,0,0,0,0
BMP6,1,0,0,0,0,0
BMP8A,0,0,0,0,1,0
BMPR1B,0,0,0,0,0,1
BMS1P1,0,0,0,0,1,0
BMS1P2,0,0,0,0,1,0
BMS1P4,0,0,0,0,0,1
BPHL,0,0,0,0,0,1
BRCA2,0,0,1,0,0,0
BRD9,0,0,0,0,1,0
BRI3,0,0,0,0,1,0
BRIP1,0,0,1,0,0,0
BSN-AS2,0,0,0,0,1,1
BST1,0,0,0,0,0,1
BST2,1,0,0,0,0,0
BTBD11,1,0,0,0,0,0
BTBD2,0,0,1,0,0,0
BTN3A1,0,0,0,0,0,1
BTN3A2,0,0,0,0,0,1
BTNL9,0,0,0,0,0,1
BX322234.1,0,1,0,0,0,0
C10orf107,0,0,0,0,1,1
C10orf11,0,0,0,0,1,0
C10orf88,0,0,0,0,1,0
C11orf49,0,0,0,0,1,1
C11orf63,0,0,0,0,0,1
C11orf80,0,0,0,0,1,0
C11orf84,0,0,0,0,1,0
C11orf91,0,0,0,0,0,1
C11orf96,0,1,0,0,0,0
C12orf43,0,0,0,0,1,0
C12orf52,0,0,0,0,1,0
C12orf60,0,0,1,0,0,0
C14orf2,0,0,0,0,0,1
C14orf39,0,0,1,0,0,0
C15orf65,0,0,0,0,1,0
C16orf45,0,0,0,0,1,0
C16orf96,0,0,0,0,0,1
C17orf104,0,0,0,0,1,0
C17orf58,0,1,0,0,0,0
C17orf72,0,0,0,0,0,1
C18orf32,0,0,0,0,1,0
C19orf24,0,0,0,0,0,1
C19orf69,0,0,0,0,1,0
C1GALT1,1,0,0,0,0,1
C1orf115,0,0,0,0,0,1
C1orf143,0,0,1,0,0,0
C1orf145,0,0,0,0,0,1
C1orf228,0,0,0,0,1,1
C1orf233,0,0,0,0,0,1
C1orf50,0,0,0,0,0,1
C1QTNF1,0,1,0,0,0,0
C1QTNF4,0,0,0,0,1,1
C1R,1,0,0,1,0,0
C1S,0,0,0,1,0,0
C2,0,0,1,0,0,0
C22orf26,0,0,0,0,1,0
C22orf29,0,0,0,0,1,0
C2CD2,0,1,0,0,0,0
C2CD6,0,0,1,0,0,0
C2orf66,0,1,0,0,0,0
C2orf69,0,0,0,0,1,1
C2orf88,0,0,1,0,0,0
C3orf38,0,0,0,0,0,1
C3orf52,0,1,0,0,0,0
C4A,0,0,0,0,1,1
C4B,0,0,0,0,1,0
C4BPB,0,0,0,0,1,0
C4orf29,0,0,0,0,0,1
C4orf32,0,0,0,0,1,1
C5AR1,0,0,1,0,0,0
C5orf42,0,0,0,0,0,1
C5orf56,0,0,1,0,1,0
C6orf120,0,0,0,0,0,1
C6orf57,0,0,0,0,1,0
C7,1,0,0,0,0,0
C8orf31,0,0,0,0,1,0
C9,0,0,1,0,0,0
C9orf153,0,0,1,0,0,0
C9orf24,0,0,1,0,0,1
C9orf3,0,0,0,0,1,0
C9orf69,0,0,0,0,0,1
C9orf72,0,1,0,0,0,0
CA12,0,0,0,0,0,1
CA3,1,0,0,0,0,0
CAB39L,0,0,0,0,1,0
CABLES1,0,0,1,0,0,0
CACFD1,0,0,0,0,1,1
CACHD1,0,1,0,0,0,0
CACNA1A,0,0,1,0,0,0
CACNA1C,0,0,1,1,0,0
CACNA1G,0,0,0,0,1,0
CACNA2D1,0,1,0,0,0,1
CACNA2D2,0,0,0,0,0,1
CACNA2D3,0,0,0,0,1,0
CACNB4,0,1,0,0,0,0
CACNG7,0,0,1,0,0,0
CAD,0,0,0,0,0,1
CADPS,0,0,1,0,0,0
CADPS2,1,0,0,0,0,0
CALML6,0,0,0,0,1,0
CALR,0,0,0,0,1,0
CALU,0,0,0,0,0,1
CAMK1D,0,1,0,1,0,0
CAMK2D,0,1,0,0,0,0
CAMK2G,0,0,0,0,0,1
CAPN11,0,0,0,0,0,1
CAPN3,0,0,1,0,0,0
CAPS,0,0,0,0,1,0
CAPZA2,0,0,0,0,0,1
CARD9,0,0,0,0,0,1
CARF,0,0,0,0,0,1
CARMIL1,0,1,0,0,0,0
CARNMT1,0,1,0,0,0,0
CARS2,0,0,1,0,1,0
CASC1,0,0,1,0,0,0
CASC15,0,0,1,1,0,0
CASC4,0,0,0,0,1,0
CASP10,0,0,1,0,0,0
CASP8,0,0,1,0,0,0
CATSPER2,0,0,0,0,1,0
CATSPER2P1,0,0,0,0,1,0
CATSPERB,0,0,1,0,0,0
CATSPERE,0,1,0,0,0,0
CAV1,1,0,0,0,1,0
CAV3,0,0,1,0,0,0
CAVIN4,0,1,0,0,0,0
CBL,0,0,0,0,0,1
CBLB,0,1,0,0,0,1
CBLN3,0,0,0,0,1,1
CBWD2,0,0,0,0,0,1
CBX3,0,0,0,0,1,0
CBY1,0,0,0,0,1,0
CC2D1B,0,0,0,0,1,1
CCBE1,1,0,0,0,0,0
CCBL2,0,0,0,0,1,0
CCDC102B,0,0,0,0,1,0
CCDC114,0,0,0,0,0,1
CCDC116,0,0,0,0,1,1
CCDC127,0,0,0,0,1,0
CCDC138,0,1,0,0,0,0
CCDC141,0,0,1,0,0,0
CCDC148,0,0,1,0,0,0
CCDC15,0,0,1,0,0,0
CCDC152,0,0,1,0,0,0
CCDC167,0,0,0,0,1,0
CCDC18,0,1,0,0,0,1
CCDC181,0,0,1,0,0,0
CCDC192,0,0,1,0,0,0
CCDC200,0,0,1,0,0,0
CCDC23,0,0,0,0,0,1
CCDC3,0,0,1,0,0,0
CCDC36,0,0,0,0,1,1
CCDC39,0,0,1,0,0,0
CCDC69,0,0,1,0,0,0
CCDC71L,0,0,1,0,0,0
CCDC85A,0,0,1,1,0,0
CCDC88C,0,0,1,0,0,0
CCDC90B,0,0,0,0,0,1
CCDC92,0,0,0,0,1,1
CCDC93,0,0,0,0,1,0
CCHCR1,0,0,0,0,1,0
CCL2,0,1,0,0,0,0
CCL20,1,0,0,0,0,0
CCL3,0,1,0,0,0,0
CCL3L1,0,1,0,0,0,0
CCL4L2,0,1,0,0,0,0
CCM2L,0,0,0,0,1,0
CCN2,0,1,0,0,0,0
CCNE2,0,0,0,0,0,1
CCNG2,0,0,1,0,0,0
CCNY,0,0,0,0,1,0
CCPG1,0,0,0,0,1,0
CCR7,1,0,0,0,0,1
CCSER2,0,1,0,0,0,0
CCT6A,0,0,0,0,0,1
CD207,0,0,0,0,0,1
CD22,0,0,0,0,1,0
CD226,0,0,1,0,0,0
CD247,0,0,1,0,0,0
CD2AP,0,0,0,0,1,0
CD300C,0,0,0,0,0,1
CD38,0,0,1,0,0,0
CD3EAP,0,0,0,0,0,1
CD4,0,0,1,0,0,0
CD40,0,0,0,0,0,1
CD44,0,1,0,1,0,0
CD55,0,1,0,0,1,0
CD59,0,0,0,0,0,1
CD82,1,0,0,0,0,0
CD83,0,0,0,0,1,0
CDA,0,0,0,0,1,0
CDADC1,0,0,0,0,1,0
CDC20P1,0,0,0,0,1,0
CDC25A,0,0,0,0,0,1
CDC27,0,0,1,0,0,0
CDC42,0,0,0,0,1,0
CDC42BPA,0,0,1,0,1,1
CDC42EP1,0,0,0,0,0,1
CDC42EP3,0,0,0,0,1,1
CDC42SE1,0,0,0,0,1,1
CDC7,0,0,1,0,0,1
CDCP1,0,0,1,0,1,0
CDH11,1,0,0,0,0,0
CDH16,0,0,0,0,0,1
CDH17,0,0,1,0,0,0
CDH2,0,1,0,0,0,0
CDH23,1,0,0,0,0,0
CDH4,0,0,0,0,1,1
CDH6,0,0,0,0,1,0
CDHR3,0,0,0,0,0,1
CDIP1,0,0,0,0,0,1
CDK10,0,0,0,0,1,0
CDK11A,0,0,0,0,0,1
CDK11B,0,0,0,0,1,1
CDK14,1,0,0,1,0,0
CDK17,0,1,0,0,0,0
CDK6,1,0,0,0,0,0
CDK7,0,0,0,0,0,1
CDK8,0,1,0,0,0,0
CDKAL1,0,0,0,0,1,0
CDKL1,0,1,0,0,0,1
CDO1,0,0,0,0,0,1
CDON,1,0,0,0,0,0
CDRT1,0,0,1,0,0,0
CDYL2,0,0,0,0,0,1
CEBPA-AS1,0,0,0,0,0,1
CEMIP,1,0,0,0,0,0
CENPK,0,0,0,0,1,0
CENPM,0,0,0,0,1,0
CENPO,0,0,1,0,1,0
CENPV,0,0,0,0,1,0
CEP104,0,0,0,0,0,1
CEP120,0,0,0,0,1,0
CEP135,0,0,1,0,0,0
CEP152,0,1,0,0,0,0
CEP41,0,0,0,0,1,0
CEP44,0,0,0,0,1,1
CEP63,0,0,0,0,1,0
CERS3,0,0,0,0,0,1
CERS6,1,0,0,0,0,0
CES1,0,0,0,1,1,0
CFAP161,0,1,0,0,0,0
CFAP299,1,0,0,0,0,0
CFAP61,0,0,1,0,0,0
CFAP69,1,0,0,0,0,0
CFAP70,0,0,1,0,0,0
CFH,0,0,0,0,1,0
CFHR1,0,0,0,0,1,0
CFHR3,0,0,0,0,1,0
CFI,1,0,0,0,0,0
CFL1,0,0,0,0,1,1
CFL2,0,0,0,0,1,1
CFLAR,0,1,0,0,0,0
CFLAR-AS1,0,1,0,0,0,0
CGGBP1,0,0,0,0,0,1
CGNL1,0,1,0,1,0,0
CGREF1,0,0,0,0,1,0
CHAF1B,0,0,1,0,0,0
CHCHD2,0,0,0,0,1,1
CHCHD4,0,0,0,0,1,1
CHD1,0,1,0,0,0,0
CHD6,0,0,0,0,1,0
CHD7,1,0,0,0,0,0
CHFR,0,0,0,0,1,0
CHI3L1,0,0,0,0,1,0
CHIC2,0,1,0,0,0,0
CHID1,0,0,0,0,0,1
CHMP4B,0,0,0,0,0,1
CHP1,0,0,0,0,1,0
CHRM3,1,0,0,0,0,0
CHRNB1,0,0,0,0,0,1
CHST11,1,0,0,0,0,0
CHST12,0,0,0,0,0,1
CHST13,0,0,0,0,0,1
CHST15,1,0,0,0,0,0
CHST7,0,1,0,0,0,0
CHSY1,0,1,0,0,0,1
CHSY3,0,1,0,0,0,0
CIAO1,0,0,0,0,1,0
CILP2,0,0,0,0,1,0
CIP2A,0,1,0,0,0,0
CITED4,0,0,0,0,0,1
CKMT2-AS1,0,0,1,0,1,0
CLCN1,0,0,1,0,0,0
CLCNKA,0,0,0,0,1,0
CLDN10,0,0,0,0,1,0
CLDN11,0,0,1,0,1,0
CLDN23,0,0,0,0,1,0
CLDN4,0,0,0,0,1,1
CLDN7,0,0,0,0,0,1
CLEC16A,0,0,0,0,1,1
CLEC3B,0,0,0,0,1,0
CLEC4F,0,0,0,0,0,1
CLEC4G,0,0,0,0,1,0
CLEC4GP1,0,0,0,0,1,0
CLIC5,1,0,0,0,0,0
CLIC6,1,0,0,0,0,0
CLIP1,0,1,0,0,0,0
CLMN,0,0,0,0,1,1
CLMP,0,1,0,0,0,0
CLSTN2,0,1,0,0,0,0
CLTCL1,0,0,1,0,0,0
CLU,1,0,0,0,0,0
CLUAP1,0,0,0,0,1,0
CLVS1,0,0,1,0,0,0
CMIP,1,0,0,0,0,0
CMPK1,0,0,0,0,1,1
CMSS1,0,1,0,0,0,0
CMTM6,0,0,0,0,0,1
CMTM7,0,0,1,0,0,0
CMTR2,0,0,0,0,1,1
CNDP1,0,0,0,0,0,1
CNGA1,0,0,0,0,1,0
CNKSR1,0,0,0,0,0,1
CNKSR3,1,0,0,0,0,0
CNNM2,0,0,1,0,0,0
CNOT1,0,0,0,0,1,0
CNOT2,0,1,0,0,0,0
CNPY2,0,0,0,0,1,0
CNPY3,0,0,0,0,0,1
CNPY4,0,0,0,0,1,0
CNTFR,0,0,0,1,0,0
CNTLN,0,0,0,0,0,1
CNTN3,0,0,0,1,0,0
CNTNAP3B,1,0,0,0,0,0
COBLL1,0,1,0,0,0,0
COL12A1,0,0,0,0,1,1
COL15A1,0,0,0,0,1,0
COL21A1,0,0,1,0,0,0
COL23A1,0,0,1,0,0,0
COL24A1,1,0,0,0,0,0
COL26A1,0,0,0,0,1,1
COL27A1,1,0,0,0,0,0
COL8A1,0,0,0,0,1,1
COMMD7,0,0,0,0,1,1
COPS6,0,0,0,0,1,0
COPS8,0,0,0,0,1,0
COQ6,0,0,0,0,0,1
CORO1C,0,1,0,0,0,0
CORT,0,0,0,0,0,1
COTL1,0,1,0,1,0,0
COX10,0,1,0,0,0,0
COX11,0,0,0,0,1,0
COX15,0,0,0,0,1,0
COX4I2,0,0,0,0,1,0
COX7A2L,0,0,0,0,1,0
COX7A2P1,0,0,0,0,1,0
CP,1,0,0,1,0,0
CPB1,0,0,1,0,0,0
CPD,0,0,0,0,0,1
CPE,0,1,0,0,0,0
CPEB4,1,0,0,0,0,0
CPED1,0,0,0,0,0,1
CPNE4,1,0,0,0,0,0
CPNE5,0,0,1,0,0,0
CPNE7,0,0,0,0,1,0
CPNE8,0,1,0,0,0,0
CPNE8-AS1,0,0,1,0,0,0
CPSF2,0,0,0,0,0,1
CPSF3,0,0,0,0,1,0
CPSF3L,0,0,0,0,0,1
CR1L,0,1,0,0,0,0
CR2,0,0,0,0,1,0
CRAMP1L,0,0,0,0,1,1
CRB1,0,0,0,0,1,0
CRCP,0,0,0,0,1,1
CREB3L2,1,0,0,0,0,0
CREB3L4,0,0,0,0,1,1
CREB5,0,1,0,0,0,0
CRHR2,0,0,0,0,1,0
CRIM1,1,0,0,0,0,1
CRISPLD2,0,0,0,0,1,1
CRLF1,0,0,0,0,0,1
CRMP1,0,0,0,0,0,1
CRTAC1,1,0,0,0,0,0
CRTC2,0,0,0,0,1,0
CRYBG3,0,1,0,0,0,0
CRYM,0,1,0,1,0,0
CSDC2,0,0,0,0,1,0
CSF1R,0,0,1,0,0,0
CSF3R,0,0,0,0,1,0
CSGALNACT1,1,0,0,0,0,0
CSK,0,0,0,0,1,0
CSMD2,0,1,0,0,0,0
CSNK1A1,0,0,0,0,0,1
CSNK1G1,0,0,0,0,1,0
CSPG4P12,0,0,0,0,1,0
CSPP1,0,1,0,0,0,0
CSRP1,0,0,0,0,0,1
CST2,0,0,0,0,0,1
CST6,0,0,0,0,1,0
CTA-211A9.5,0,0,0,0,0,1
CTA-212D2.2,0,0,0,0,0,1
CTB-113D17.1,0,0,0,0,0,1
CTB-36H16.2,0,0,0,0,1,0
CTB-41I6.1,0,0,0,0,1,0
CTBP1,0,0,0,0,1,0
CTBP2,0,1,0,0,0,0
CTC-203F4.2,0,0,0,0,1,0
CTC-308K20.4,0,0,0,0,1,0
CTC-338M12.1,0,0,0,0,1,0
CTC-444N24.11,0,0,0,0,1,1
CTC-444N24.6,0,0,0,0,0,1
CTC-471J1.2,0,0,0,0,1,0
CTC-487M23.5,0,0,0,0,1,0
CTC-510F12.4,0,0,0,0,0,1
CTC-534A2.2,0,0,0,0,1,0
CTC1,0,0,0,0,1,0
CTD-2020K17.4,0,0,0,0,1,0
CTD-2083E4.5,0,0,0,0,1,0
CTD-2192J16.11,0,0,0,0,1,0
CTD-2248H3.1,0,0,0,0,1,0
CTD-2291D10.4,0,0,0,0,1,0
CTD-2311M21.3,0,0,0,0,1,0
CTD-2325M2.1,0,0,0,0,1,0
CTD-2341M24.1,0,0,0,0,1,0
CTD-2521M24.5,0,0,0,0,1,0
CTD-2555K7.2,0,0,0,0,1,0
CTD-2555O16.4,0,0,0,0,0,1
CTD-2616J11.4,0,0,0,0,0,1
CTD-2619J13.14,0,0,0,0,1,0
CTD-2619J13.17,0,0,0,0,1,0
CTD-2619J13.19,0,0,0,0,1,0
CTD-3018O17.3,0,0,0,0,0,1
CTD-3074O7.5,0,0,0,0,0,1
CTD-3131K8.2,0,0,0,0,1,0
CTD-3162L10.1,0,0,0,0,0,1
CTD-3185P2.1,0,0,0,0,1,0
CTDNEP1,0,0,0,0,0,1
CTNNAL1,0,1,0,0,0,0
CTNND1,0,0,0,0,1,0
CTSC,0,1,0,0,1,0
CTSK,0,0,0,0,1,0
CTSL,0,1,0,0,1,0
CTSS,0,1,0,0,0,0
CTSW,0,0,0,0,1,0
CTTNBP2,1,0,0,0,0,0
CTTNBP2NL,0,0,0,0,1,1
CTU2,0,0,0,0,1,0
CUL7,0,0,0,0,0,1
CUX1,0,0,0,1,0,0
CWF19L1,0,0,0,0,1,0
CWF19L2,0,0,0,0,1,0
CXCL1,0,1,0,0,0,0
CXCL2,0,1,0,1,0,0
CXCL3,0,1,0,0,0,0
CXCL8,0,1,0,0,0,0
CXXC5,0,0,0,0,1,0
CYB561D2,0,0,0,0,0,1
CYB5A,0,0,0,0,1,0
CYB5R3,0,0,0,0,0,1
CYBA,0,0,0,0,0,1
CYBRD1,0,0,0,0,1,1
CYCS,0,1,0,0,0,0
CYGB,0,0,0,0,1,0
CYLD,1,0,0,0,0,0
CYP1A1,0,0,0,0,1,1
CYP1B1,0,1,0,0,0,0
CYP1B1-AS1,0,0,1,0,0,0
CYP21A1P,0,0,0,0,1,0
CYP21A2,0,0,0,0,1,0
CYP27C1,1,0,0,0,0,0
CYP2D6,0,0,0,0,0,1
CYP2D7P1,0,0,0,0,0,1
CYP4F12,0,0,0,0,1,0
CYP4F29P,0,0,0,0,1,0
CYP4F34P,0,0,0,0,0,1
CYP7B1,0,1,0,0,0,0
CYSTM1,0,0,0,0,1,0
CYTH1,0,1,0,0,0,0
CYTH3,0,1,0,0,0,0
CYTIP,1,0,0,0,0,0
CYTOR,0,1,0,0,0,0
DAB1,0,0,1,0,0,0
DAB2,0,1,0,0,0,0
DAB2IP,0,0,0,0,1,1
DACT1,0,0,0,0,1,0
DAD1,0,0,0,0,0,1
DALRD3,0,0,0,0,1,1
DAPK2,1,0,0,0,0,0
DARS2,0,0,1,0,0,0
DCAF10,0,1,0,0,0,0
DCAF4,0,0,0,0,1,0
DCAKD,0,0,0,0,1,0
DCBLD1,1,0,0,0,0,0
DCBLD2,0,0,0,0,1,1
DCLK1,0,1,0,0,0,0
DCP2,0,0,0,0,0,1
DCPS,0,0,0,0,0,1
DCXR,0,0,0,0,0,1
DDAH1,1,0,0,0,0,0
DDAH2,0,0,0,0,1,1
DDHD1,0,1,0,0,0,0
DDN,0,0,0,0,1,0
DDR2,0,0,1,0,0,0
DDX10,0,1,0,0,0,0
DDX11L2,0,0,0,0,1,0
DDX17,0,0,0,0,1,0
DDX42,0,0,0,0,1,0
DDX43,0,0,0,0,1,0
DDX60,0,0,1,0,0,0
DEC1,1,0,0,0,0,0
DECR1,0,0,0,0,1,0
DENND3,1,0,0,0,0,0
DEPDC1B,0,0,0,0,0,1
DEPDC7,0,0,0,0,1,1
DGCR14,0,0,0,0,0,1
DGKD,0,1,0,0,0,0
DGKG,1,0,0,0,0,0
DGKH,0,1,0,0,0,0
DGKI,0,0,1,0,0,0
DHDH,0,0,1,1,0,0
DHODH,0,0,0,0,1,0
DHRS3,0,0,1,0,0,0
DHRS7B,0,0,0,0,1,0
DHX35,0,0,0,0,1,0
DHX38,0,0,0,0,1,0
DIAPH3,1,0,0,0,0,0
DIDO1,0,0,0,0,1,0
DIO2,0,1,0,0,0,0
DIPK1A,0,1,0,0,0,0
DIRC3,1,0,0,0,0,0
DIS3L,0,0,0,0,1,0
DISC1,0,0,1,0,0,0
DISP1,1,0,0,0,0,0
DKK2,0,0,0,1,0,0
DLC1,0,0,0,1,0,0
DLG2,0,0,1,0,0,0
DLG4,0,0,0,0,0,1
DLGAP1,0,1,0,0,0,0
DLL3,0,0,1,0,0,0
DLST,0,0,0,0,1,0
DLX6,0,0,0,0,0,1
DMAP1,0,0,0,0,1,0
DMGDH,0,0,0,0,0,1
DMRT2,0,0,0,0,0,1
DMRTA1,0,0,0,0,1,0
DMXL2,0,0,0,0,1,0
DNA2,0,0,0,0,1,1
DNAH10OS,0,0,0,0,1,1
DNAH11,0,0,1,0,0,0
DNAH12,0,0,1,0,0,1
DNAH17,1,0,0,0,0,0
DNAH2,0,0,1,0,0,0
DNAH3,0,0,1,0,0,0
DNAJB12,0,0,0,0,0,1
DNAJB14,0,0,1,0,0,0
DNAJC18,0,0,1,0,0,0
DNAJC21,0,0,0,0,1,0
DNAJC24,0,0,0,0,1,0
DNAJC27,0,0,0,0,1,0
DNAJC3,0,0,0,0,1,0
DNAJC3-AS1,0,0,0,0,1,0
DNAJC6,0,1,0,0,0,0
DNAJC8,0,0,0,0,1,0
DNAJC9,0,0,1,0,0,0
DNASE1,0,0,0,0,1,0
DNASE1L3,1,0,0,0,0,0
DNASE2,0,0,0,0,1,0
DNM1P51,0,0,0,0,1,0
DNMBP,0,1,0,0,0,0
DOC2GP,0,0,0,0,0,1
DOCK3,1,0,0,0,0,0
DOCK8,0,0,1,0,0,0
DOCK9-AS2,0,0,0,0,1,0
DOK5,0,1,0,0,0,0
DOP1B,0,0,1,0,0,0
DPF3,0,1,0,0,0,0
DPH6,0,0,1,1,0,0
DPP3,0,0,0,0,0,1
DPP4,0,1,0,0,0,0
DPP6,0,0,0,0,0,1
DPY19L2,0,0,0,0,0,1
DPYSL4,0,0,0,0,1,0
DPYSL5,0,0,0,0,1,1
DRAIC,0,0,1,0,0,0
DRAM1,0,1,0,0,0,0
DRD2,0,0,0,0,1,0
DSE,0,1,0,0,0,0
DSP,0,0,0,0,1,0
DTD1,0,0,0,0,0,1
DTNB,0,0,0,0,1,0
DTX2,0,0,0,0,1,1
DTX2P1,0,0,0,0,1,0
DUSP10,1,0,0,0,0,0
DUSP16,0,1,0,0,0,0
DUSP6,0,1,0,0,0,0
DUSP7,0,0,0,0,0,1
DVL3,0,0,0,0,0,1
DYM,0,0,0,0,0,1
DYNC2H1,0,0,0,0,1,0
DZANK1,0,0,0,0,0,1
EAF1-AS1,0,0,0,0,1,0
EARS2,0,0,0,0,1,0
EBF4,0,1,0,0,0,0
ECM1,0,0,0,0,0,1
ECRG4,1,0,0,0,0,0
ECSCR,0,0,1,0,0,0
EDC3,0,0,0,0,1,0
EDEM2,0,0,0,0,1,0
EDEM3,0,0,0,0,1,0
EDIL3,1,0,0,0,0,0
EDNRB,0,1,0,0,0,0
EED,0,1,0,0,0,0
EEF1AKMT1,0,0,1,0,0,0
EFCAB13,0,0,1,1,0,0
EFCAB2,0,0,1,0,0,1
EFCAB4A,0,0,0,0,1,1
EFEMP1,0,0,0,0,1,1
EFEMP2,0,0,0,0,0,1
EFL1,1,0,0,0,0,0
EFNA5,0,1,0,1,0,0
EFNB2,1,0,0,0,0,0
EGF,1,0,0,0,0,0
EGFL7,0,0,0,0,1,0
EGLN1,0,1,0,0,0,0
EGR2,0,0,0,0,0,1
EHD3,0,0,0,0,0,1
EHD4,0,1,0,0,0,0
EIF1AD,0,0,0,0,0,1
EIF1B-AS1,0,0,1,0,0,0
EIF2AK3,0,1,0,0,1,1
EIF2B2,0,0,0,0,1,0
EIF2B3,0,0,1,0,0,0
EIF4A3,0,1,0,0,0,0
EIF4E,0,1,0,0,0,0
EIF4EBP2,0,0,0,0,1,0
ELF1,0,1,0,0,0,0
ELFN1,0,0,0,0,1,0
ELK3,0,1,0,0,0,0
ELK4,0,0,0,0,0,1
ELL2,0,1,0,0,0,0
ELMO1,0,0,1,0,0,0
ELOVL6,0,1,0,0,0,0
ELOVL7,1,0,0,0,0,0
ELP1,0,0,1,0,0,0
ELP3,0,0,0,0,0,1
ELP4,0,0,0,0,1,0
ELP5,0,0,0,0,0,1
EMC1,0,0,0,0,1,0
EMC8,0,0,0,0,1,0
EML1,1,0,0,0,0,0
EML4,0,1,0,0,0,0
EML6,0,0,1,0,1,0
EMP2,0,0,0,0,1,1
ENAH,1,0,0,0,0,0
ENG,0,0,1,0,0,0
ENPEP,0,1,0,0,0,0
ENPP1,0,1,0,0,0,0
ENTPD1,0,0,0,0,0,1
ENTPD5,0,0,0,0,0,1
ENTPD6,0,0,0,0,0,1
ENTPD7,1,0,0,0,0,0
EPAS1,0,1,0,0,0,1
EPB41,1,0,0,0,0,0
EPB41L1,1,0,0,0,0,0
EPB41L3,0,1,0,0,0,0
EPDR1,0,0,0,0,1,1
EPHA1-AS1,0,0,1,0,0,0
EPHA2,0,1,0,1,0,0
EPHA4,1,0,0,0,0,0
EPHA6,1,0,0,1,0,0
EPHA7,0,0,0,1,0,0
EPHB1,1,0,0,0,0,0
EPM2A,0,0,0,0,0,1
EPS8,1,0,0,0,0,0
EPS8L1,0,0,0,0,1,1
ERAP2,0,0,0,0,1,0
ERCC1,0,0,0,0,0,1
ERCC8,0,1,0,0,0,0
EREG,1,0,0,0,0,0
ERGIC1,0,0,0,0,0,1
ERGIC2,0,0,0,0,1,0
ERI1,0,0,0,0,1,0
ERI2,0,0,1,1,0,1
ERMARD,0,0,0,0,0,1
ERMP1,0,0,0,0,0,1
ERN1,0,1,0,0,0,0
ERO1A,0,1,0,0,0,0
ERO1LB,0,0,0,0,0,1
ERRFI1,1,0,0,1,0,0
ESCO1,0,0,0,0,0,1
ESR2,0,0,1,0,0,0
ESRRA,0,0,0,0,1,1
ESRRB,1,0,0,0,0,0
ESYT2,0,0,0,0,1,0
ETAA1,0,0,0,0,0,1
ETHE1,0,0,0,0,1,0
ETNPPL,0,0,0,0,0,1
ETS1,0,1,0,0,1,0
ETS2,0,1,0,0,0,0
ETV1,0,0,1,0,0,0
ETV3,0,1,0,0,0,0
ETV4,0,0,0,0,0,1
EVA1B,0,0,0,0,1,0
EVA1C,0,0,0,0,1,0
EVC,0,0,0,0,0,1
EVC2,0,0,0,0,0,1
EVI2A,0,0,0,0,0,1
EVL,0,1,0,0,0,0
EXD3,0,0,0,0,0,1
EXOC6B,0,0,0,1,0,0
EXOSC5,0,0,0,0,1,0
EXT1,0,1,0,0,0,0
EXTL1,0,0,0,0,0,1
EXTL2,0,0,0,0,0,1
EYA1,0,0,1,1,0,0
EYA2,0,0,0,0,1,0
EYA4,1,0,0,0,0,0
EZH2,0,1,0,0,0,0
EZR,1,0,0,0,0,0
F5,1,0,0,0,0,0
F8,0,1,0,0,0,0
FABP1,0,0,0,0,1,0
FADS1,0,0,0,0,1,0
FADS2,0,0,0,0,1,0
FAHD1,0,0,0,0,1,1
FAHD2B,0,0,0,0,1,0
FAM104A,0,0,1,0,0,0
FAM107A,0,0,1,0,0,0
FAM107B,0,1,0,0,0,0
FAM110B,0,1,0,0,0,0
FAM124A,0,0,1,0,0,1
FAM126A,0,1,0,0,0,1
FAM129A,0,0,0,0,1,0
FAM129B,0,0,0,0,0,1
FAM132B,0,0,0,0,1,0
FAM135B,1,0,0,0,0,0
FAM151B,0,0,1,0,0,0
FAM155A,1,0,0,0,0,0
FAM160A1,0,1,0,0,0,0
FAM161B,0,0,0,0,0,1
FAM171A1,0,1,0,0,1,0
FAM171B,0,1,0,0,0,0
FAM173B,0,0,0,0,1,0
FAM178A,0,0,0,0,1,1
FAM180A,0,1,0,0,0,0
FAM182B,0,0,0,0,0,1
FAM184A,0,0,0,0,1,0
FAM189B,0,0,0,0,1,0
FAM193B,0,0,0,0,1,0
FAM19A2,0,0,0,0,0,1
FAM200B,0,0,0,0,0,1
FAM207A,0,0,0,0,1,0
FAM208A,0,0,0,0,1,1
FAM216A,0,0,0,0,1,0
FAM216B,0,0,0,0,0,1
FAM219B,0,0,0,0,1,0
FAM221A,0,0,0,0,1,0
FAM227A,0,0,0,0,1,0
FAM227B,0,0,1,0,0,0
FAM228A,0,0,0,0,0,1
FAM228B,0,0,0,0,1,0
FAM234B,0,0,1,0,0,0
FAM241A,0,1,0,0,0,0
FAM26D,0,0,0,0,0,1
FAM26E,0,0,0,0,1,1
FAM26F,0,0,0,0,1,0
FAM35A,0,0,0,0,1,0
FAM3C,0,0,0,0,0,1
FAM43A,0,0,0,0,1,0
FAM43B,0,0,0,0,1,0
FAM64A,0,0,0,0,1,0
FAM65C,0,0,0,0,0,1
FAM66A,0,0,0,0,0,1
FAM85A,0,0,0,0,0,1
FANK1,0,0,1,0,0,1
FAR2,0,1,0,0,0,0
FARS2,0,0,1,0,0,0
FARSA,0,0,0,0,1,0
FAT1,1,0,0,0,0,0
FAT4,0,1,0,0,0,0
FBLIM1,0,0,1,0,0,0
FBLN7,0,0,0,0,1,0
FBXL13,0,0,1,0,0,1
FBXL17,0,0,0,0,0,1
FBXL18,0,0,1,0,0,0
FBXL2,0,0,0,0,0,1
FBXL7,0,1,0,1,0,0
FBXO10,0,1,0,0,1,0
FBXO31,0,0,0,0,0,1
FBXO32,1,0,0,0,0,0
FBXO34,0,1,0,0,1,0
FBXO36,0,0,0,0,0,1
FBXO39,0,0,1,0,0,0
FBXO40,0,0,1,0,0,0
FBXO5,0,0,1,0,0,0
FBXW7,0,1,0,0,0,0
FCER1G,0,0,1,0,0,0
FCER2,0,0,0,0,1,1
FCF1P2,0,0,0,0,0,1
FCGRT,0,0,0,0,0,1
FCRLA,0,0,0,0,0,1
FCRLB,0,0,0,0,0,1
FDFT1,0,0,0,0,1,0
FECH,0,0,0,0,0,1
FER,0,1,0,0,0,0
FERMT1,0,1,0,0,0,0
FEZ2,0,0,0,0,1,0
FFAR3,0,0,0,0,0,1
FGD6,0,0,0,0,0,1
FGF10,1,0,0,0,0,0
FGF14,0,0,0,0,0,1
FGF2,0,1,0,0,1,0
FGFBP3,0,0,0,0,0,1
FGFR1,0,1,0,0,0,0
FGFR3,0,0,0,0,0,1
FGFR4,0,0,0,0,1,0
FGFRL1,0,0,0,0,1,0
FGGY,0,0,1,0,0,0
FIBP,0,0,0,0,1,0
FILIP1,0,1,0,0,1,1
FKBP15,0,0,0,0,1,0
FKBP1A,0,0,0,0,1,0
FKBP1B,0,0,0,0,1,0
FKBP7,0,0,0,0,0,1
FKTN,0,0,1,0,1,1
FLNB,0,1,0,0,0,0
FLRT2,0,1,0,0,0,0
FLRT3,0,0,0,0,0,1
FLVCR2,0,0,0,0,1,0
FMNL2,0,1,0,0,0,0
FN1,1,0,0,1,0,0
FNDC3A,0,1,0,0,1,0
FNDC3B,0,1,0,0,0,0
FNIP2,0,1,0,0,0,0
FOCAD,0,0,0,0,1,0
FOXC1,1,0,0,0,0,0
FOXD4L1,0,0,0,0,0,1
FOXK1,0,0,0,0,0,1
FOXN3,0,0,0,0,1,1
FOXO6,0,0,0,0,0,1
FOXP1,0,1,0,0,0,0
FOXP2,0,0,0,0,0,1
FOXRED1,0,0,0,0,1,0
FPR1,0,0,0,0,0,1
FPR2,0,0,0,0,0,1
FRAS1,0,0,0,0,0,1
FRAT1,0,0,0,0,1,0
FREM1,0,0,0,0,0,1
FRMD6,0,1,0,0,0,0
FRRS1,0,0,0,0,1,0
FRY,0,0,0,0,1,1
FSCN2,0,0,0,0,0,1
FSIP1,0,1,0,0,0,1
FSIP2-AS1,0,0,1,0,0,0
FST,0,1,0,0,0,0
FTLP15,0,0,0,0,0,1
FTSJ3,0,0,0,0,1,0
FUCA1P1,0,0,0,0,1,0
FUT10,0,0,1,0,0,0
FUT11,0,0,0,0,0,1
FXN,0,1,0,0,0,0
FXYD5,0,0,0,0,1,0
FXYD7,0,0,0,0,1,0
FYB1,0,0,1,0,0,0
FYN,0,1,0,0,1,0
G6PC3,0,0,0,0,0,1
GAB2,0,0,0,0,1,1
GABBR1,0,0,0,0,1,0
GABBR2,0,0,1,0,0,0
GABPB1,0,1,0,0,0,1
GADL1,0,0,1,0,1,0
GALNT10,1,0,0,0,0,1
GALNT15,0,0,0,0,1,0
GALNT18,1,0,0,0,0,0
GALNT2,0,1,0,0,0,0
GALNT3,0,0,1,0,0,0
GALNT6,1,0,0,0,0,0
GAN,0,1,0,0,0,0
GANC,0,0,1,0,0,0
GAS2L3,0,0,0,0,0,1
GAS6,0,0,0,1,1,0
GAS6-AS2,0,0,0,0,1,0
GATAD2A,0,0,0,0,1,0
GATC,0,0,0,0,1,0
GBA,0,0,0,0,1,0
GBAP1,0,0,0,0,1,0
GBAS,0,0,0,0,0,1
GBE1,0,1,0,0,0,0
GBP1,0,1,0,0,0,0
GBP2,0,1,0,0,0,0
GBP3,0,1,0,0,0,1
GCAT,0,0,0,0,1,1
GCDH,0,0,0,0,1,0
GCFC2,0,1,0,0,0,0
GCH1,0,0,0,0,0,1
GCLM,0,1,0,0,0,0
GCNA,0,1,0,0,0,0
GCNT1P1,0,0,0,0,0,1
GCNT2,0,0,0,0,0,1
GCNT4,0,1,0,0,0,0
GDAP1,1,0,0,0,0,0
GDF9,0,0,0,0,0,1
GDPD3,0,0,0,0,0,1
GEM,0,1,0,1,0,0
GEN1,0,1,0,0,0,1
GFOD1,0,1,0,0,0,0
GFPT2,0,1,0,0,0,0
GHRHR,0,0,1,0,0,0
GHRL,0,0,0,0,1,0
GHRLOS,0,0,0,0,1,0
GID8,0,0,0,0,1,0
GINS1,0,0,0,0,0,1
GJA1,0,1,0,0,0,0
GK,1,0,0,0,0,0
GLCCI1,1,0,0,0,1,1
GLDC,0,0,0,0,1,0
GLI3,0,0,0,0,0,1
GLI4,0,0,0,0,0,1
GLIPR1,0,1,0,0,0,0
GLIS3,0,1,0,0,0,1
GLO1,0,0,0,0,0,1
GLRA3,0,1,0,0,0,0
GLS,0,1,0,0,0,0
GLT8D1,0,0,0,0,1,0
GLTPD1,0,0,0,0,0,1
GLTSCR1L,0,0,0,0,0,1
GLYATL2,0,1,0,0,0,0
GMDS,1,0,0,0,0,0
GMFG,0,0,0,0,0,1
GMPPB,0,0,0,0,1,1
GMPS,0,0,0,0,1,0
GNA12,0,0,0,0,1,0
GNA13,0,1,0,0,0,0
GNAI1,0,1,0,0,0,0
GNAL,0,0,1,0,0,0
GNAQ,0,1,0,0,0,0
GNB5,0,0,0,0,0,1
GNG12,0,1,0,0,1,0
GNG12-AS1,0,0,1,0,0,0
GNG4,0,0,1,0,0,0
GNG7,0,0,1,0,0,0
GNL3,0,0,0,0,1,1
GNLY,0,0,0,0,1,0
GOLGA2B,0,0,0,0,0,1
GOLGA6L3,0,0,0,0,1,0
GOLGA6L4,0,0,0,0,1,0
GOLM1,1,0,0,0,0,0
GOLPH3L,0,0,1,0,0,0
GORAB,0,0,0,0,1,0
GOSR1,0,0,0,0,0,1
GOT2,0,0,0,0,1,0
GPAA1P1,0,0,0,0,0,1
GPAT2,0,0,0,0,1,0
GPC5,1,0,0,0,0,0
GPC6,1,0,0,0,0,0
GPCPD1,0,1,0,0,0,0
GPN1,0,0,0,0,0,1
GPR1,1,0,0,0,0,0
GPR132,0,0,0,0,1,0
GPR156,0,0,1,0,0,1
GPR157,0,0,0,0,0,1
GPR176,1,0,0,0,0,0
GPR37,0,0,0,0,1,0
GPR39,0,0,0,0,1,0
GPR42,0,0,0,0,0,1
GPRC5A,0,1,0,0,0,0
GPRC5D-AS1,0,0,1,0,0,0
GPRIN3,1,0,0,0,0,0
GPX1,0,0,0,0,1,0
GPX7,0,0,0,0,1,0
GRAMD1A,0,0,0,0,1,1
GRB10,0,1,0,0,0,0
GRIA2,0,0,0,0,1,0
GRIK5,0,0,0,0,1,0
GRIN2A,1,0,0,0,0,0
GRIP1,1,0,0,0,0,0
GRK4,0,0,0,0,1,0
GRM5,1,0,0,0,0,0
GS1-124K5.11,0,0,0,0,1,1
GSAP,0,0,0,0,0,1
GSDMB,0,0,0,0,1,0
GSK3B,1,0,0,0,0,0
GSPT1,0,0,0,0,0,1
GSR,0,0,1,0,0,0
GSTM1,0,0,0,0,1,1
GSTM2,0,0,0,0,1,1
GSTO2,0,0,1,0,1,0
GTF2A1,0,0,1,0,0,0
GTF2F2,0,1,0,0,0,0
GTF2H2C,0,0,0,0,0,1
GTF2IRD1,1,0,0,0,1,0
GTF2IRD2,0,0,0,0,1,0
GTPBP4,0,0,0,0,0,1
GUCA1B,0,0,0,0,1,0
GUCY1A2,0,1,0,0,0,0
GUSBP3,0,0,0,0,0,1
GUSBP5,0,0,0,0,1,0
GVINP1,0,0,0,0,1,0
GXYLT1,0,0,0,0,0,1
GYG1,0,0,0,0,0,1
GYS1,0,0,1,0,0,0
H3F3A,0,0,0,0,0,1
H6PD,0,0,0,0,1,0
HADHB,0,0,0,0,0,1
HAGH,0,0,0,0,1,1
HAO2,0,0,0,0,1,0
HAPLN1,0,0,0,0,1,0
HAPLN4,0,0,0,0,1,0
HAS1,1,0,0,0,0,1
HAS2-AS1,0,0,1,0,0,0
HAUS4,0,0,0,0,1,1
HAUS6,0,0,1,0,0,0
HAVCR2,0,0,1,0,0,0
HBEGF,1,0,0,0,0,0
HBS1L,0,0,0,0,0,1
HCFC1R1,0,0,0,0,0,1
HCG17,0,0,0,0,1,0
HCG22,0,0,0,0,1,1
HCG23,0,0,0,0,1,0
HCG27,0,0,0,0,1,0
HCG4,0,0,0,0,1,0
HCG4B,0,0,0,0,1,0
HCG4P3,0,0,0,0,1,0
HCG4P5,0,0,0,0,1,0
HCLS1,0,0,1,0,0,0
HCN3,0,0,0,0,1,0
HCP5,0,0,1,0,1,0
HDAC1,0,0,1,0,0,0
HDAC2-AS2,0,0,1,0,0,0
HDAC3,0,0,0,0,0,1
HDLBP,0,0,0,0,1,0
HDX,0,1,0,0,0,0
HECTD2,0,1,0,0,0,0
HECW2,1,0,0,0,0,0
HERC4,0,1,0,0,0,0
HEY2,0,0,0,0,0,1
HFM1,0,0,0,0,0,1
HHIPL1,0,0,0,0,1,1
HIBADH,0,0,0,0,1,1
HIF1A,1,0,0,0,0,0
HIF3A,0,0,1,0,0,0
HIP1,0,0,0,0,1,0
HIPK2,1,0,0,0,0,0
HIPK4,0,0,1,0,0,0
HIST1H1C,0,0,0,0,1,1
HIST1H2BD,0,0,1,0,0,0
HIST1H2BN,0,0,1,0,1,0
HIST3H2A,0,0,0,0,1,0
HIVEP1,0,1,0,0,0,0
HIVEP2,0,1,0,0,0,0
HIVEP3,0,1,0,0,0,0
HK2,0,1,0,0,0,0
HLA-A,0,0,0,0,0,1
HLA-B,1,0,0,0,1,0
HLA-C,0,0,0,0,1,0
HLA-DPB1,0,0,0,0,1,0
HLA-DQA2,0,0,0,0,1,0
HLA-DRA,0,0,0,0,1,0
HLA-DRB1,0,0,0,0,1,0
HLA-DRB6,0,0,0,0,1,0
HLA-E,0,0,0,0,1,0
HLA-F,0,0,0,0,1,1
HLA-F-AS1,0,0,0,0,1,0
HLA-H,0,0,0,0,1,0
HLA-J,0,0,0,0,1,0
HLA-K,0,0,0,0,1,0
HLA-L,0,0,0,0,1,0
HLA-U,0,0,0,0,1,0
HLA-V,0,0,0,0,1,0
HM13,0,0,0,0,1,0
HMBS,0,0,0,0,0,1
HMCN1,1,0,0,0,0,0
HMGA2,1,0,0,0,0,0
HMGB1P10,0,0,0,0,1,0
HMGN2P19,0,0,0,0,0,1
HMOX1,0,1,0,0,0,0
HMOX2,0,0,1,0,0,0
HOGA1,0,0,1,0,1,0
HOMER1,0,1,0,0,0,0
HOMER2,0,0,1,0,0,0
HOMER3,0,0,0,0,1,0
HOOK2,0,0,1,0,0,0
HOTAIRM1,0,0,0,0,1,1
HOXA-AS4,0,0,0,0,1,0
HOXA11-AS,0,0,0,0,1,1
HOXA2,0,0,0,0,1,1
HOXA5,0,0,0,0,1,1
HOXA6,0,0,0,0,1,1
HOXB-AS1,0,0,0,0,1,0
HPCAL1,0,1,0,0,0,0
HPD,0,0,0,0,0,1
HPN,0,0,1,0,0,0
HPSE2,0,0,0,1,0,0
HRH1,0,1,0,0,0,0
HS1BP3,0,0,1,0,0,0
HS3ST2,1,0,0,0,0,0
HS3ST3B1,0,0,0,0,1,0
HS6ST3,1,0,0,0,1,0
HSD11B1,0,1,0,0,0,0
HSD17B3,0,0,0,0,1,0
HSD17B4,0,0,0,0,0,1
HSD17B7,0,0,1,0,0,0
HSD17B8,0,0,0,0,0,1
HSH2D,0,0,1,0,0,0
HSPA12A,0,1,0,0,1,0
HSPB7,0,0,0,0,1,0
HSPBAP1,0,0,0,0,1,1
HTR7P1,0,0,0,0,1,0
HTRA1,1,0,0,0,0,0
HYAL1,0,0,0,0,0,1
IBSP,0,0,0,0,0,1
ICA1,1,0,0,0,0,0
ICAM1,0,0,0,1,0,0
ICAM2,1,0,0,0,0,0
ICAM4,0,0,0,1,0,0
ICAM5,0,0,0,1,0,0
ICE2,0,0,1,0,0,0
ID2,1,0,0,0,0,0
IDH3A,0,0,0,0,1,0
IER3,0,1,0,0,0,0
IFFO1,0,0,0,0,0,1
IFFO2,0,0,0,0,1,1
IFI27,1,0,0,0,0,0
IFI30,0,0,1,0,0,0
IFI44,0,0,1,0,0,0
IFI44L,0,0,1,0,0,0
IFI6,1,0,0,0,0,0
IFIT1,0,0,0,0,1,1
IFIT3,0,0,1,0,0,0
IFIT5,0,0,0,0,1,0
IFITM1,0,0,0,0,1,0
IFITM3,0,0,0,0,1,0
IFNAR2,0,1,0,0,0,0
IFNG-AS1,1,0,0,0,0,0
IFRD1,0,0,0,0,0,1
IFT140,0,0,0,0,1,1
IFT46,0,0,0,0,0,1
IFT81,0,0,0,0,1,0
IGF2BP2,0,1,0,0,0,0
IGFALS,0,0,0,0,0,1
IGFBP2,0,0,0,0,1,0
IGFBP5,1,0,0,0,0,0
IGKV1-13,0,0,0,0,0,1
IGLV4-60,0,0,0,0,0,1
IGSF8,0,0,0,0,0,1
IKZF3,0,0,1,0,0,0
IKZF4,0,0,0,0,1,0
IL10,0,0,1,0,0,0
IL12RB1,0,0,1,0,0,0
IL12RB2,0,0,1,0,0,1
IL15,1,0,0,0,0,0
IL15RA,0,0,0,0,0,1
IL16,0,0,0,0,1,0
IL17D,0,0,0,0,0,1
IL18,0,0,0,0,0,1
IL18BP,0,0,0,0,1,0
IL18R1,0,1,0,0,0,1
IL19,0,0,1,0,0,0
IL1R1,0,1,0,0,0,0
IL1R2,0,0,1,0,0,0
IL1RL1,0,1,0,0,0,0
IL1RL2,0,1,0,0,0,0
IL20RB,0,0,0,0,1,0
IL21R,0,0,1,0,0,0
IL2RB,0,0,0,0,0,1
IL33,0,1,0,0,0,0
IL34,0,0,1,0,0,0
IL3RA,0,0,1,0,0,0
IL4R,0,1,0,0,0,0
IL6,0,1,0,0,0,0
IL6R-AS1,0,1,0,0,0,0
IL9RP3,0,0,0,0,0,1
ILK,0,0,0,0,1,0
ILKAP,0,0,0,0,0,1
ING3,0,0,0,0,1,0
INHBA,1,0,0,0,0,0
INO80E,0,0,0,0,0,1
INPP4B,1,0,0,0,0,0
INSIG1,0,1,0,0,0,0
INTS2,0,0,1,0,0,0
INTS8,0,0,0,0,1,0
IP6K2,0,0,0,0,0,1
IPO11,0,0,0,0,0,1
IQCB1,0,1,0,0,0,0
IQCG,0,0,0,0,0,1
IQCH,0,0,1,0,1,1
IQCH-AS1,0,0,1,0,0,0
IQCK,0,0,1,0,0,0
IQGAP1,0,0,0,0,1,0
IRAK2,0,1,0,0,0,0
IRF8,0,0,0,0,1,0
IRX3,0,0,0,0,0,1
ISG20,0,1,0,0,0,1
ISLR,0,0,0,0,1,0
ISLR2,0,0,0,0,1,0
ISM1,0,1,0,1,0,0
ISYNA1,0,0,0,0,0,1
ITGA3,0,0,1,0,0,0
ITGA6,1,0,0,0,0,0
ITGA7,0,0,1,0,0,0
ITGA9,0,0,1,0,0,0
ITGAL,0,0,0,0,0,1
ITGAM,0,0,1,0,0,0
ITGAV,0,0,0,0,0,1
ITGB1-DT,0,0,1,0,0,0
ITGB1BP1,0,0,0,0,0,1
ITGB3,0,1,0,0,0,0
ITGB6,0,0,1,0,0,0
ITGB8,1,0,0,0,0,0
ITGBL1,0,1,0,0,0,0
ITIH3,0,0,0,0,1,1
ITIH4,0,0,1,0,1,1
ITPKB,0,1,0,0,0,0
ITPR1,1,0,0,0,0,0
ITPR2,1,0,0,0,0,0
ITPRIP,0,1,0,0,0,0
IVD,0,0,0,0,1,0
IVNS1ABP,0,0,0,0,1,0
IZUMO1,0,0,0,0,0,1
JAG1,0,1,0,0,0,0
JAG2,0,0,0,0,1,0
JARID2,0,1,0,0,0,0
JKAMP,0,0,0,0,1,0
JMJD1C,0,1,0,0,1,0
JMJD7,0,0,0,0,0,1
JMY,0,1,0,0,0,0
JOSD1,0,0,0,0,1,0
JPH1,0,1,0,0,0,0
JPH2,0,0,1,0,0,0
KALRN,1,0,0,0,0,0
KANK1,0,0,1,0,0,0
KANK2,0,0,0,0,0,1
KANSL1L,0,0,1,0,0,0
KANSL2,0,0,0,0,1,0
KATNA1,0,0,0,0,1,0
KAZN,1,0,0,1,0,0
KCNB1,0,0,1,0,0,0
KCNE1,0,0,1,0,0,0
KCNE4,0,0,0,0,0,1
KCNH1,0,0,1,1,0,0
KCNIP3,0,0,0,0,0,1
KCNJ2,0,0,0,0,1,0
KCNJ2-AS1,0,0,0,0,1,0
KCNK1,0,1,0,0,0,0
KCNK15,0,0,0,0,0,1
KCNK6,0,0,0,0,1,0
KCNMA1,0,0,0,0,0,1
KCNQ1,0,0,1,0,0,0
KCNQ3,1,0,0,0,0,0
KCNQ5,1,0,0,0,0,0
KCNS1,0,0,0,0,0,1
KCNS3,0,0,0,0,0,1
KCNT2,0,0,0,0,1,0
KCP,0,0,1,0,0,0
KCTD1,0,0,1,0,0,0
KCTD10,0,0,0,0,1,0
KCTD20,0,1,0,0,0,0
KCTD21,0,0,0,0,0,1
KCTD8,0,1,0,0,0,0
KCTD9,0,0,0,0,0,1
KDM4B,0,0,0,0,1,0
KDM7A,0,1,0,0,0,0
KDR,0,0,0,0,0,1
KDSR,0,0,0,0,1,0
KEL,0,0,0,0,0,1
KHDRBS3,0,1,0,0,0,0
KHK,0,0,0,0,1,0
KHNYN,0,0,0,0,1,1
KIAA0040,0,0,0,0,1,0
KIAA0319,0,0,1,0,0,0
KIAA0319L,0,0,0,0,1,0
KIAA0408,1,0,0,0,0,0
KIAA0586,0,0,1,0,0,0
KIAA0825,0,0,0,0,1,0
KIAA1033,0,0,0,0,1,1
KIAA1217,1,0,0,0,0,0
KIAA1549L,0,1,0,0,0,1
KIAA1598,0,0,0,0,1,0
KIAA1671,1,0,0,0,0,0
KIF13B,0,1,0,0,0,0
KIF14,0,0,1,0,0,0
KIF1BP,0,0,1,0,0,0
KIF21A,0,1,0,0,0,0
KIF25,0,0,1,0,0,0
KIF26B,0,0,1,0,0,0
KIF27,0,0,0,0,1,0
KIF3C,0,0,0,0,0,1
KIF7,0,0,0,0,0,1
KIFAP3,0,0,0,0,0,1
KITLG,0,1,0,0,0,0
KLF1,0,0,0,0,1,0
KLF3,0,1,0,0,0,0
KLF5,1,0,0,0,0,0
KLHDC8B,0,0,0,0,1,1
KLHL23,0,0,0,0,1,0
KLHL29,0,1,0,0,0,0
KLHL3,0,1,0,0,0,0
KLHL8,0,0,1,0,0,0
KLRC2,0,0,0,0,0,1
KLRD1,0,0,1,0,0,0
KLRK1,0,0,0,0,0,1
KRT16,0,0,0,0,1,0
KRT8P33,0,0,0,0,1,0
KRTAP5-AS1,0,0,0,0,1,0
KRTCAP3,0,0,0,0,1,0
KYNU,1,0,0,0,0,0
L2HGDH,0,0,1,0,0,0
L3HYPDH,0,0,0,0,1,0
L3MBTL1,0,0,1,0,0,0
L3MBTL3,0,0,0,0,0,1
L3MBTL4,1,0,0,1,0,0
LA16c-329F2.1,0,0,0,0,1,1
LAMA4,0,1,0,0,0,0
LAMC1,0,1,0,0,0,0
LAMC2,0,0,1,0,0,0
LAMP3,0,0,1,0,0,0
LAPTM4B,0,1,0,0,0,0
LARGE1,0,1,0,0,0,0
LARP1B,0,1,0,0,0,0
LARP4,0,0,0,0,1,0
LARS2,0,0,0,0,1,0
LDB1,0,0,0,0,0,1
LDB2,0,0,1,0,1,0
LDHAL6A,0,0,1,0,0,0
LDHC,0,0,1,0,0,0
LEKR1,0,0,1,0,1,0
LEMD3,0,0,0,0,0,1
LEPR,0,0,1,0,0,0
LEPREL1,0,0,0,0,1,0
LGALS1,0,0,0,0,1,0
LGALS9,0,0,0,0,1,0
LGI4,0,0,0,1,0,1
LGR4,1,0,0,0,0,0
LGR5,0,0,1,0,0,0
LGR6,0,0,1,0,0,0
LHCGR,0,0,0,0,0,1
LHFPL2,0,1,0,0,0,0
LHFPL6,0,1,0,1,0,0
LHPP,0,0,0,0,0,1
LHX4,0,0,0,0,1,0
LIF,0,1,0,0,0,0
LIG1,0,0,0,0,1,0
LILRA6,0,0,0,0,0,1
LILRB2,0,0,0,0,1,0
LILRB3,0,0,0,0,1,1
LIMD1,0,0,0,0,1,0
LIMK2,0,0,1,0,0,0
LIN52,0,0,0,0,0,1
LIN7A,0,1,0,0,0,0
LINC00085,0,0,0,0,0,1
LINC00159,0,0,1,0,0,0
LINC00163,0,0,0,0,1,0
LINC00174,0,0,1,0,0,0
LINC00211,0,0,0,0,1,1
LINC00266-1,0,0,0,0,1,0
LINC00271,0,0,1,0,0,0
LINC00310,0,0,1,0,0,0
LINC00323,0,0,0,0,0,1
LINC00338,0,0,0,0,1,0
LINC00393,0,0,1,0,0,0
LINC00452,0,0,0,0,1,0
LINC00461,0,0,1,0,0,0
LINC00467,0,0,1,0,0,0
LINC00472,0,1,0,0,0,0
LINC00493,0,0,0,0,0,1
LINC00513,0,1,0,0,0,0
LINC00517,0,0,0,0,0,1
LINC00535,0,0,1,0,0,0
LINC00536,0,1,0,0,0,0
LINC00551,0,0,1,0,0,0
LINC00565,0,0,0,0,1,0
LINC00568,0,0,0,0,0,1
LINC00571,0,1,0,0,0,1
LINC00598,1,0,0,0,0,0
LINC00603,0,0,1,0,0,0
LINC00607,1,0,0,0,0,0
LINC00620,0,0,1,0,0,0
LINC00639,0,0,1,0,0,0
LINC00645,0,0,1,0,0,0
LINC00654,0,0,0,0,0,1
LINC00665,0,0,0,0,0,1
LINC00667,0,0,0,0,1,0
LINC00670,1,0,0,0,0,0
LINC00674,0,0,0,0,1,1
LINC00702,0,0,0,0,1,0
LINC00707,1,0,0,0,0,0
LINC00852,0,0,0,0,0,1
LINC00865,0,0,0,0,0,1
LINC00880,0,0,1,1,0,0
LINC00884,0,1,0,0,0,0
LINC00886,0,0,1,0,1,0
LINC00894,0,0,1,0,0,0
LINC00899,0,0,0,0,0,1
LINC00907,0,0,1,0,0,0
LINC00910,1,0,0,0,0,0
LINC00944,1,0,0,0,0,0
LINC00960,0,0,0,0,0,1
LINC01004,0,0,1,0,0,0
LINC01006,0,0,1,0,0,0
LINC01010,1,0,0,0,0,0
LINC01011,0,0,0,0,0,1
LINC01013,0,0,1,0,0,0
LINC01031,0,0,1,0,0,0
LINC01033,0,0,1,0,0,0
LINC01050,0,0,0,0,0,1
LINC01060,1,0,0,0,0,0
LINC01063,0,0,0,0,0,1
LINC01088,0,0,1,0,0,1
LINC01091,0,0,1,0,0,0
LINC01115,1,0,0,0,0,0
LINC01138,0,0,1,0,0,0
LINC01208,1,0,0,0,0,0
LINC01239,1,0,0,0,0,0
LINC01257,0,0,1,0,0,0
LINC01277,0,0,1,0,0,0
LINC01344,0,0,1,0,0,0
LINC01348,0,1,0,0,0,0
LINC01358,0,0,1,0,0,0
LINC01376,0,0,1,0,0,0
LINC01393,0,0,1,0,0,0
LINC01476,0,0,1,0,0,0
LINC01482,0,0,1,0,0,0
LINC01483,0,0,1,0,0,0
LINC01500,0,0,1,0,0,0
LINC01504,0,0,1,0,0,0
LINC01509,0,0,1,0,0,0
LINC01572,0,0,1,0,0,0
LINC01588,0,0,1,0,0,0
LINC01602,0,1,0,0,0,0
LINC01605,1,0,0,0,0,0
LINC01619,0,0,1,0,0,0
LINC01705,1,0,0,0,0,0
LINC01762,0,0,1,0,0,0
LINC01807,0,0,1,0,0,0
LINC01934,0,0,1,0,0,0
LINC01993,0,0,1,0,0,0
LINC02018,1,0,0,0,0,0
LINC02054,0,0,1,0,0,0
LINC02062,0,1,0,0,0,0
LINC02133,0,0,1,0,0,0
LINC02150,0,0,1,0,0,0
LINC02224,1,0,0,0,0,0
LINC02245,0,0,1,1,0,0
LINC02246,0,1,0,0,0,0
LINC02284,0,0,1,0,0,0
LINC02328,0,0,1,0,0,0
LINC02388,0,0,1,0,0,0
LINC02542,0,0,1,0,0,0
LINC02613,0,0,1,0,0,0
LINC02615,0,0,1,0,0,0
LINC02649,0,0,1,0,0,0
LINC02664,0,0,1,0,0,0
LINC02798,0,0,1,0,0,0
LIPA,0,0,1,0,0,1
LIPC,0,0,0,0,1,0
LIPE-AS1,0,0,1,0,0,0
LIPG,0,1,0,0,0,0
LIPI,0,0,0,0,1,0
LITAF,0,0,0,0,1,1
LIX1-AS1,0,0,1,0,0,0
LLGL2,0,0,1,0,0,1
LMBR1L,0,0,0,0,1,0
LMCD1,0,1,0,0,0,0
LMNB1,0,0,1,0,0,0
LMO3,0,0,0,1,0,0
LMO7,1,0,0,0,0,0
LMOD1,0,0,1,0,0,0
LNCSRLR,0,1,0,0,0,0
LNP1,0,0,0,0,1,1
LNX1,1,0,0,0,0,0
LOC440461,0,0,0,0,0,1
LONRF1,0,0,0,0,1,0
LONRF2,0,1,0,0,0,0
LONRF3,0,1,0,0,0,0
LOX,0,0,0,0,0,1
LOXL1-AS1,0,0,0,0,1,0
LPAR2,0,0,0,0,1,0
LPAR3,0,0,0,0,0,1
LPCAT2,0,0,1,0,0,0
LPL,0,1,0,0,0,0
LRCH1,0,1,0,0,0,0
LRFN5,0,1,0,0,0,0
LRGUK,0,0,1,0,0,0
LRIG1,0,0,0,0,0,1
LRMDA,1,0,0,1,0,0
LRP12,0,1,0,0,0,0
LRP1B,1,0,0,1,0,0
LRP5L,0,1,0,0,0,0
LRPAP1,0,0,0,0,1,0
LRRC16A,0,0,0,0,1,0
LRRC2,1,0,0,0,0,0
LRRC37A16P,0,0,0,0,1,1
LRRC37BP1,0,0,0,0,0,1
LRRC45,0,0,0,0,1,0
LRRC49,0,1,0,0,0,0
LRRC8B,0,1,0,0,0,0
LRRC8C,0,1,0,0,0,0
LRRFIP1,0,1,0,0,0,1
LRRK1,0,0,1,0,0,0
LSM10,0,0,0,0,0,1
LSM3,0,0,0,0,1,1
LSMEM1,0,0,1,0,0,1
LTBP1,0,1,0,0,1,0
LTBP3,0,0,0,0,1,0
LTBP4,0,0,0,0,1,0
LUCAT1,0,0,1,1,0,0
LUZPP1,0,0,0,0,1,0
LXN,0,0,0,0,0,1
LY6E,0,0,0,0,1,0
LY75,0,0,0,0,1,0
LY96,0,0,1,0,0,0
LYN,1,0,0,0,0,0
LYPLAL1,0,0,0,0,0,1
LYRM1,0,0,1,0,0,0
LYRM4,0,1,0,0,1,0
LYSMD4,0,0,0,0,1,0
LYVE1,1,0,0,0,0,0
LZTFL1,0,0,1,0,0,0
LZTR1,0,0,0,0,0,1
MACC1,1,0,0,0,0,0
MAEA,0,0,0,0,1,0
MAG,0,0,0,0,1,0
MAGI1,1,0,0,0,0,0
MAGI2,1,0,0,0,0,0
MAL2,0,0,0,0,1,0
MAMDC2,0,0,0,0,0,1
MAML2,1,0,0,0,0,0
MAMLD1,0,1,0,0,0,0
MAN2A2,0,0,0,0,0,1
MANBA,0,0,1,0,0,0
MAOA,0,0,1,0,0,0
MAP1B,0,1,0,0,0,0
MAP2K2,0,0,0,0,0,1
MAP2K4,0,0,0,0,1,0
MAP2K5,0,0,0,0,1,0
MAP3K10,0,0,0,0,1,0
MAP3K20,0,1,0,0,0,0
MAP3K7CL,0,0,1,0,0,0
MAP3K8,1,0,0,0,0,1
MAP4K4,0,1,0,0,0,0
MAP7,0,0,1,0,0,0
MAP7D2,0,0,1,0,0,0
MAPK10,1,0,0,0,0,0
MAPK1IP1L,0,0,0,0,1,0
MAPK8,0,1,0,0,0,0
MAPK9,0,0,1,0,0,0
MAPKAPK3,0,0,0,0,1,0
MAPKBP1,0,0,0,0,0,1
MAPRE1,0,0,0,0,1,0
MAPRE3,0,0,0,0,1,0
MAPT,0,0,1,0,0,0
MARCH3,0,1,0,0,0,0
MARK1,0,1,0,0,0,0
MAST1,0,0,1,0,0,0
MAST2,0,1,0,0,0,0
MAST4-AS1,0,0,0,0,0,1
MAT2A,0,1,0,0,0,0
MAU2,0,0,0,0,1,0
MB21D2,0,1,0,0,0,0
MBL1P,0,0,0,0,1,1
MBP,0,0,1,0,0,0
MBTPS1,0,0,0,0,1,1
MCC,0,1,0,0,1,1
MCF2,0,0,1,0,0,0
MCF2L,0,0,1,0,0,0
MCFD2,0,0,0,0,1,0
MCM5,0,0,1,0,0,0
MCM9,0,0,0,0,1,0
MCPH1,0,0,1,0,0,0
MCTP1,0,0,0,0,1,0
MCTP2,1,0,0,0,0,0
MCUB,0,1,0,0,0,0
MDC1,0,0,1,0,0,0
MDFIC,0,1,0,0,0,0
MDK,0,0,0,0,1,1
ME1,0,1,0,0,1,0
ME2,0,1,0,0,0,1
ME3,0,1,0,0,0,0
MECOM,0,0,0,1,0,0
MED24,0,0,0,0,0,1
MEDAG,0,1,0,0,0,0
MEG3,0,1,0,0,0,0
MEG8,0,1,0,0,0,0
MEIOB,0,0,0,0,1,1
MEIS2,0,1,0,0,0,0
MEPCE,0,0,0,1,0,0
MERTK,0,0,1,0,0,0
MESDC1,0,0,0,0,1,0
MET,1,0,0,0,0,0
METTL14,0,0,0,0,0,1
METTL15,0,0,0,0,1,1
METTL18,0,0,0,0,0,1
METTL21A,0,0,0,0,0,1
METTL2B,0,0,1,0,0,0
METTL6,0,0,0,0,1,0
MEX3C,0,0,0,0,0,1
MFHAS1,0,1,0,0,0,0
MFSD1,0,0,0,0,1,0
MFSD7,0,0,0,0,1,0
MGAT4C,1,0,0,0,0,0
MGLL,0,0,0,0,0,1
MGME1,0,0,0,0,0,1
MGRN1,0,0,0,0,0,1
MGST1,0,1,0,0,0,0
MGST3,0,0,0,0,0,1
MIA3,0,0,0,0,1,1
MIB1,0,0,0,0,1,0
MIB2,0,0,0,0,1,0
MICAL1,0,0,0,0,1,1
MICE,0,0,0,0,1,0
MICU1,0,0,0,0,0,1
MID1,0,1,0,0,0,0
MIF4GD,0,0,0,0,1,0
MILR1,0,0,0,0,1,0
MIOS,0,0,0,0,0,1
MIPOL1,0,0,0,0,0,1
MIR155HG,0,1,0,0,0,0
MIR181A1HG,0,1,0,0,0,0
MIR193BHG,0,1,0,0,0,0
MIR222HG,0,1,0,0,0,0
MIR3936HG,0,0,1,0,0,0
MIR4435-2HG,0,1,0,0,0,0
MIR924HG,1,0,0,0,0,0
MIS12,0,0,0,0,1,0
MKNK1,0,0,0,0,1,0
MKNK2,0,0,0,0,1,0
MLF1,0,0,0,0,1,0
MLF1IP,0,0,0,0,0,1
MLF2,0,0,0,0,0,1
MLIP,0,0,0,0,0,1
MLIP-IT1,0,0,0,0,1,0
MLLT11,0,0,0,0,1,1
MLLT3,0,0,0,0,0,1
MMAB,0,0,0,0,1,0
MMP1,1,0,0,0,0,0
MMP10,0,1,0,0,0,0
MMP12,0,1,0,0,0,0
MMP23A,0,0,0,0,1,0
MMP25,0,0,0,0,0,1
MMP3,1,0,0,0,0,0
MN1,0,0,1,0,0,0
MOB1B,0,1,0,0,0,0
MORC2,0,0,0,0,0,1
MOV10L1,0,0,0,0,1,0
MPC2,0,0,0,0,0,1
MPHOSPH6,0,0,0,0,1,0
MPHOSPH8,0,0,0,0,1,0
MPI,0,0,0,0,1,0
MPP2,0,0,0,0,0,1
MPP6,0,1,0,0,0,0
MPP7,1,0,0,0,0,0
MPPED2,0,0,0,1,0,1
MPV17L,0,0,0,0,1,0
MPZL1,0,1,0,0,0,0
MRC1,1,0,0,0,0,0
MRC2,0,0,0,0,1,0
MRNIP,0,0,1,0,0,0
MRO,0,0,0,0,0,1
MROH2B,0,0,0,0,1,0
MROH9,0,0,0,0,1,0
MRPL10,0,0,0,0,1,0
MRPL14,0,0,0,0,1,0
MRPL35P2,0,0,0,0,1,0
MRPL36,0,0,0,0,1,0
MRPL37,0,0,0,0,1,0
MRPL43,0,0,0,0,1,1
MRPL55,0,0,0,0,0,1
MRPS15,0,0,0,0,1,1
MRPS35,0,0,1,0,0,0
MS4A14,0,0,0,0,1,0
MS4A7,0,0,0,0,1,0
MSANTD3,0,1,0,0,0,0
MSC-AS1,1,0,0,0,0,0
MSH3,0,0,0,0,0,1
MSH4,0,0,1,0,0,0
MSI2,0,1,0,0,0,0
MSL1,0,0,0,0,0,1
MSRA,0,1,0,0,0,0
MST1,0,0,0,0,0,1
MST1R,0,0,0,0,0,1
MSTO2P,0,0,0,0,1,0
MSX1,0,0,0,0,1,1
MT-ATP6,0,0,0,1,0,0
MT-CO1,0,0,0,1,0,0
MT-CO2,0,0,0,1,0,0
MT-CO3,0,0,0,1,0,0
MT-CYB,0,0,0,1,0,0
MT-ND1,0,0,0,1,0,0
MT-ND4,0,0,0,1,0,0
MT-ND5,0,0,0,1,0,0
MTBP,0,0,1,0,0,0
MTCH2,0,0,0,0,1,1
MTFR1,0,0,0,0,0,1
MTFR2,0,0,1,0,0,0
MTHFD1L,1,0,0,0,0,0
MTHFD2L,0,1,0,0,0,0
MTMR1,0,1,0,0,0,0
MTMR2,1,0,0,0,0,0
MTO1,0,0,0,0,1,0
MTR,0,0,0,0,1,0
MTRR,0,0,0,0,0,1
MTX3,0,0,0,0,1,0
MVB12A,0,0,0,0,1,0
MVB12B,0,0,0,0,1,0
MX1,0,1,0,0,0,0
MX2,0,0,1,1,0,1
MXI1,0,0,0,0,1,1
MYBBP1A,0,0,0,0,1,0
MYBL1,0,0,1,0,0,0
MYEF2,0,0,1,0,0,0
MYH11,0,0,1,1,0,0
MYH13,0,1,0,0,0,0
MYH7B,0,0,0,0,1,0
MYL12A,0,0,0,0,0,1
MYLK2,0,0,0,0,1,0
MYLK4,0,0,1,0,0,0
MYO10,1,0,0,0,1,0
MYO15B,0,0,0,0,1,1
MYO18B,0,1,0,0,0,0
MYO1B,0,1,0,0,0,0
MYO1E,0,1,0,0,0,0
MYO1F,0,0,1,0,0,0
MYO6,0,0,0,0,1,0
MYO9B,0,1,0,0,0,0
MYOF,1,0,0,0,0,0
MYOM1,0,0,1,0,0,0
MYOM2,0,1,0,0,0,0
MYOZ2,0,1,0,0,0,0
MYOZ3,0,0,1,0,0,0
MYPN,1,0,0,0,0,0
MZF1,0,0,0,0,1,0
N6AMT2,0,0,0,0,0,1
NAA60,0,0,0,0,1,0
NABP1,0,0,0,1,0,0
NAF1,0,1,0,0,0,0
NAGS,0,0,0,0,0,1
NANOS1,0,0,0,0,0,1
NAP1L4,0,0,0,0,1,0
NAV2,0,1,0,0,0,0
NBEA,0,0,0,0,0,1
NBEAL1,0,0,1,0,0,0
NBN,0,0,0,0,1,0
NCAPG2,0,0,1,0,0,0
NCF2,0,0,0,0,0,1
NCKIPSD,0,0,0,0,0,1
NCOA1,0,0,0,0,1,0
NDN,0,0,0,0,1,0
NDNF,1,0,0,0,0,0
NDST2,0,0,0,0,0,1
NDUFA4L2,1,0,0,0,0,0
NDUFA6,0,0,0,0,1,0
NDUFAF1,0,0,0,0,1,0
NDUFAF2,0,1,0,0,0,0
NDUFAF3,0,0,0,0,1,1
NDUFAF6,0,0,1,0,1,0
NDUFC2,0,0,0,0,0,1
NDUFS3,0,0,0,0,1,1
NDUFS6,0,0,0,0,1,0
NEAT1,0,0,0,1,1,0
NEB,0,0,1,0,0,0
NEBL,1,0,0,0,0,0
NEDD4L,1,0,0,0,0,0
NEDD9,0,1,0,0,0,0
NEIL2,0,0,0,0,1,0
NEK1,0,1,0,0,0,0
NEK10,1,0,0,0,0,0
NEK4,0,0,0,0,1,1
NF1,0,0,0,0,0,1
NF2,0,0,0,0,0,1
NFATC3,0,0,0,0,1,0
NFE2L3,0,0,1,0,0,0
NFKB1,0,1,0,0,0,0
NFKBIA,0,1,0,0,0,0
NFKBIZ,0,0,0,0,0,1
NGF,0,1,0,0,0,0
NHS,1,0,0,0,0,0
NHSL1,0,0,0,0,1,0
NHSL2,0,1,0,0,0,0
NICN1,0,0,0,0,1,1
NID2,0,0,0,0,0,1
NIFK-AS1,0,0,1,0,0,0
NIM1K,0,0,1,0,0,0
NIN,0,0,0,0,0,1
NINJ2,0,0,0,0,1,0
NIP7,0,0,0,0,1,0
NIPA2,0,0,0,0,1,0
NIPAL1,0,0,0,0,1,0
NIPAL2,0,0,0,0,0,1
NIPAL3,0,0,0,0,1,0
NIT2,0,0,0,0,1,0
NKX3-1,0,0,0,0,0,1
NLGN1,0,0,1,0,0,0
NLN,0,1,0,0,0,0
NLRC3,0,0,0,0,1,0
NLRC4,0,0,0,0,0,1
NLRC5,0,0,1,0,0,0
NLRP2,0,0,0,0,0,1
NMB,0,0,0,0,1,0
NME4,0,0,0,0,1,0
NME6,0,0,0,0,0,1
NMI,0,0,0,0,1,0
NMRAL1,0,0,0,0,0,1
NOD1,0,0,1,0,1,0
NOL4L,0,0,1,0,0,0
NOS3,1,0,0,0,1,0
NOSIP,0,0,0,0,0,1
NOTCH2,0,1,0,0,0,0
NOTCH4,0,0,0,0,1,0
NOTUM,0,0,0,0,1,0
NOX4,0,0,0,0,1,0
NPAS2,1,0,0,0,0,0
NPHP4,0,1,0,0,0,1
NPHS1,1,0,0,0,0,0
NPIPP1,0,0,0,0,0,1
NPL,0,0,1,0,0,0
NPNT,0,0,1,0,0,0
NR1H3,0,0,0,0,1,0
NR2F2-AS1,0,0,1,0,0,1
NR3C1,0,1,0,0,0,0
NR6A1,0,1,0,0,0,0
NRBF2,0,0,0,0,1,0
NRBP1,0,0,0,0,1,0
NRIP1,0,1,0,0,0,0
NRIR,0,0,1,0,0,0
NRP2,1,0,0,0,0,0
NSD3,0,0,1,0,0,0
NSUN4,0,0,0,0,1,0
NSUN5P1,0,0,0,0,0,1
NSUN6,0,0,1,0,0,0
NT5C1B,0,0,0,0,1,0
NT5DC2,0,0,0,0,1,1
NT5DC3,0,1,0,0,0,0
NT5M,0,0,0,0,0,1
NTN1,0,1,0,0,0,0
NTRK2,0,1,0,1,0,0
NUCB1,0,0,0,0,1,0
NUDT14,0,0,0,0,1,0
NUDT16L1,0,0,0,0,0,1
NUDT19,0,0,0,0,1,0
NUDT2,0,0,0,0,0,1
NUDT4,0,0,0,0,1,0
NUDT5,0,0,0,0,1,0
NUDT6,0,0,0,0,0,1
NUDT7,0,0,0,0,0,1
NUDT8,0,0,0,0,0,1
NUDT9,0,0,0,0,1,0
NUP107,0,0,1,0,0,0
NUP133,0,0,0,0,0,1
NUP210L,0,0,1,1,0,0
NUP43,0,0,0,0,1,0
NUP62,0,0,0,0,1,0
NUP85,0,0,0,0,1,0
NUP93,0,0,1,0,0,0
NUSAP1,0,0,1,0,1,0
NUTM2A,0,0,0,0,1,0
NUTM2A-AS1,0,0,0,0,1,0
NYAP2,0,0,0,0,1,0
NYNRIN,0,0,0,0,1,0
OAF,0,1,0,0,0,0
OAS2,0,0,1,0,0,0
OAS3,0,0,0,1,0,0
OBFC1,0,0,0,0,0,1
OBSCN,0,0,1,0,0,0
OCLN,0,0,0,0,0,1
OGDHL,0,0,0,0,1,0
OGFOD1,0,0,0,0,1,0
OGFRL1,0,1,0,0,0,0
OGN,0,0,0,0,1,0
OLA1,0,1,0,0,0,0
OLFM2,0,0,0,0,0,1
OMD,0,0,0,0,1,0
OMG,0,0,0,0,0,1
OOEP,0,0,0,0,1,0
OPA3,0,0,1,1,0,0
OR11H7,0,0,0,0,1,0
ORMDL1,0,0,0,0,1,0
ORMDL3,0,0,0,0,1,0
OS9,0,0,0,0,0,1
OSBP2,0,0,0,0,0,1
OSBPL11,0,0,0,0,1,0
OSBPL6,0,1,0,0,0,0
OSBPL8,1,0,0,0,0,0
OSCAR,0,0,0,0,1,0
OSMR,0,0,1,0,0,0
OSMR-AS1,0,1,0,0,0,0
OSR1,0,0,0,0,1,0
OTULINL,0,1,0,0,0,0
OVCH1,0,0,1,0,0,0
OVCH1-AS1,0,0,1,0,0,0
OXA1L,0,0,0,0,1,0
OXCT1,1,0,0,0,0,0
OXNAD1,0,0,1,0,0,1
OXT,0,0,0,0,0,1
P4HTM,0,0,0,0,1,1
PABPC4,0,0,0,0,1,0
PACRGL,0,0,1,0,1,0
PACSIN3,0,0,0,0,0,1
PAG1,0,1,0,0,1,0
PALD1,0,0,1,0,0,0
PALLD,0,1,0,0,0,0
PALM2-AKAP2,0,1,0,0,0,0
PALMD,1,0,0,0,0,0
PAM,0,1,0,0,0,0
PAM16,0,0,0,0,1,0
PAN2,0,0,0,0,1,0
PAPLN,0,0,0,0,1,0
PAPOLA,0,0,0,0,1,0
PAPPA,0,1,0,0,0,0
PAPSS2,0,1,0,0,0,0
PAQR3,0,1,0,0,0,0
PAQR5,0,0,0,0,1,0
PARD3,0,0,1,0,1,0
PARM1,0,1,0,0,1,0
PARP10,0,0,0,0,1,0
PARP11,0,0,0,0,0,1
PARP14,0,1,0,0,0,0
PARVA,0,1,0,0,0,0
PARVB,0,1,0,0,0,0
PASK,0,0,0,0,1,0
PATL2,0,0,1,0,0,0
PAWR,0,1,0,0,0,0
PAX8-AS1,0,1,0,0,0,0
PBK,0,0,1,1,0,0
PBLD,0,0,0,0,1,1
PBRM1,0,0,0,0,0,1
PBX3,0,1,0,0,0,1
PBX4,0,0,1,0,0,0
PCBD2,0,0,1,0,0,0
PCBP3,1,0,0,0,0,0
PCDH9,0,0,0,1,0,0
PCDHB11,0,0,0,0,1,0
PCDHGA6,0,0,0,0,1,0
PCDHGB2,0,0,0,0,1,0
PCGF5,0,1,0,0,0,0
PCM1,0,0,0,0,1,0
PCMT1,0,0,0,0,1,0
PCNX1,0,1,0,0,0,0
PCNX2,0,0,1,0,0,0
PCOLCE2,0,1,0,0,0,0
PCSK4,0,0,0,0,1,0
PCSK5,0,1,0,0,0,0
PCSK6,0,1,0,0,0,0
PDCD6,0,0,0,0,1,0
PDE11A,0,0,0,0,0,1
PDE1C,0,1,0,0,0,0
PDE3A,0,1,0,0,0,0
PDE4B,1,0,0,0,0,0
PDE4C,0,0,1,0,0,0
PDE4DIP,1,0,0,0,0,0
PDE7A,0,1,0,0,0,0
PDE8A,1,0,0,0,0,0
PDE8B,0,0,1,0,0,0
PDF,0,0,0,0,1,0
PDGFA,1,0,0,0,0,0
PDGFC,0,1,0,0,1,1
PDGFRB,0,0,0,0,1,0
PDGFRL,0,0,0,0,0,1
PDHB,0,0,0,0,0,1
PDHX,0,0,0,0,0,1
PDLIM1,0,0,0,0,0,1
PDLIM4,0,0,0,0,1,0
PDLIM5,0,1,0,0,0,0
PDLIM7,0,0,0,0,0,1
PDP1,0,0,0,0,0,1
PDPN,0,1,0,0,0,0
PDXK,0,0,0,0,1,0
PDZK1IP1,0,0,0,0,1,0
PDZRN4,0,0,0,1,0,0
PEAK1,0,1,0,0,0,0
PEBP4,0,0,1,0,0,0
PECAM1,0,0,1,0,0,0
PEF1,0,0,0,0,1,0
PEG10,0,0,0,0,0,1
PEX5,0,0,1,0,0,0
PEX6,0,0,0,0,0,1
PFDN1,0,0,0,0,1,0
PFKL,0,0,0,0,1,0
PFN2,0,0,0,0,0,1
PFN4,0,0,0,0,1,0
PGAP1,0,1,0,0,0,0
PGK1P2,0,0,0,0,1,0
PGM1,0,0,0,0,0,1
PHBP9,0,0,0,0,1,0
PHF10,0,0,0,0,0,1
PHF14,0,0,0,0,0,1
PHF19,1,0,0,0,0,0
PHLDA1,1,0,0,0,0,0
PHLDB2,0,1,0,0,0,0
PHTF2,0,0,1,0,0,0
PICK1,0,0,0,0,1,1
PIDD,0,0,0,0,1,0
PIEZO1,0,0,0,0,0,1
PIGK,0,0,0,0,1,1
PIGL,0,0,0,0,1,0
PIK3CB,1,0,0,0,0,0
PIK3IP1-AS1,0,0,1,0,0,0
PIK3R3,1,0,0,0,0,0
PILRA,0,0,1,0,0,0
PINK1,0,0,0,0,1,0
PINX1,0,1,0,0,0,0
PIP5K1B,0,0,1,0,0,0
PISD,0,0,0,0,0,1
PITPNC1,0,1,0,0,0,0
PITPNM2,0,1,0,0,1,0
PITRM1,0,0,0,0,0,1
PITX1,0,0,0,0,1,1
PKD1L1,0,0,1,0,0,0
PKD1L2,0,0,0,0,1,0
PKD1P6,0,0,0,0,0,1
PKDCC,0,0,0,0,1,1
PKDREJ,0,0,0,0,0,1
PKMP3,0,0,0,0,0,1
PKP4,0,1,0,0,0,0
PLA1A,0,0,0,0,0,1
PLA2G16,0,0,0,0,1,0
PLA2G2A,1,0,0,1,0,0
PLA2G4A,1,0,0,0,0,0
PLAC9,0,0,0,0,1,0
PLAGL1,0,1,0,0,0,0
PLB1,0,0,1,0,0,0
PLCB1,0,1,0,1,0,0
PLCD4,0,0,0,0,1,0
PLCE1,0,1,0,0,1,1
PLCH1,0,0,0,0,0,1
PLD3,0,0,0,0,1,0
PLEC,0,0,0,0,1,0
PLEKHA3,0,0,0,0,0,1
PLEKHA6,0,0,1,1,1,0
PLEKHA8,0,0,1,0,0,0
PLEKHD1,0,0,0,0,0,1
PLEKHG2,0,0,1,0,0,0
PLEKHM2,0,0,0,0,0,1
PLEKHO1,0,1,0,0,0,0
PLGRKT,1,0,0,0,0,0
PLIN2,0,1,0,0,0,0
PLK2,0,1,0,0,0,0
PLOD2,1,0,0,0,0,0
PLPP3,0,1,0,0,0,0
PLS1,0,0,1,0,0,0
PLSCR2,0,0,1,0,0,0
PLXNA4,1,0,0,0,0,0
PM20D2,0,0,1,0,0,0
PMAIP1,1,0,0,0,0,0
PML,0,0,1,0,0,0
PMM1,0,0,0,0,1,0
PMP22,0,0,0,0,0,1
PNMA2,0,0,0,0,0,1
PNP,0,0,0,0,0,1
PODNL1,0,0,0,0,1,0
PODXL,0,0,1,0,0,1
POLB,0,0,1,0,0,0
POLD2,0,0,0,0,0,1
POLDIP2,0,0,0,0,1,0
POLG,0,0,0,0,0,1
POLR1E,0,0,0,0,1,0
POLR3B,0,0,1,0,0,0
POLR3H,0,0,0,0,1,0
POLR3K,0,0,0,0,0,1
POLRMT,0,0,0,0,0,1
POMGNT2,0,0,0,0,1,0
POP5,0,0,0,0,0,1
POSTN,0,0,0,0,0,1
POT1,0,0,0,0,0,1
POU2F2,0,0,1,0,0,0
POU2F3,0,0,1,0,0,0
PPAP2B,0,0,0,0,1,0
PPAPDC1A,0,0,0,0,0,1
PPAPDC2,0,0,0,0,1,0
PPARA,0,0,1,0,0,0
PPARG,1,0,0,0,0,0
PPARGC1A,1,0,0,0,0,0
PPAT,0,1,0,0,0,0
PPHLN1,0,0,0,0,0,1
PPIAP14,0,0,0,0,0,1
PPIL6,0,0,1,0,0,0
PPM1E,0,0,1,0,0,0
PPM1G,0,0,0,0,1,0
PPM1J,0,0,0,0,1,0
PPM1N,0,0,1,0,0,0
PPOX,0,0,1,0,0,0
PPP1R13L,0,0,1,0,0,0
PPP1R14C,1,0,0,0,0,0
PPP1R18,0,0,0,0,0,1
PPP1R36,0,0,1,0,0,0
PPP1R3C,1,0,0,0,0,0
PPP2R5E,0,0,0,0,1,0
PPP3CA,0,1,0,0,0,0
PPP4R4,1,0,0,0,0,0
PRC1,0,0,1,0,0,0
PRDM16,0,1,0,1,0,0
PRDM4,0,0,0,0,1,1
PRDM6,1,0,0,0,0,0
PRDX1,0,0,0,0,0,1
PRDX3P2,0,0,0,0,1,1
PRDX5,0,0,0,0,1,1
PRG4,1,0,0,1,0,0
PRH1,0,0,1,0,0,0
PRICKLE2,0,1,0,0,0,1
PRKAG1,0,0,0,0,1,0
PRKCA,1,0,0,0,1,0
PRKCE,0,1,0,1,0,0
PRKCH,1,0,0,0,0,0
PRKD2,0,0,1,0,0,0
PRKG1,0,0,0,1,0,0
PRKRIP1,0,0,0,0,0,1
PRKX,0,1,0,0,0,0
PRKY,0,1,0,0,0,0
PRMT3,0,1,0,0,1,1
PRMT7,0,0,0,0,1,0
PROCR,0,0,1,0,1,1
PRODH,0,0,0,0,1,0
PROM1,0,0,1,0,1,0
PRORP,0,0,1,0,0,0
PRPF38A,0,0,0,0,1,1
PRPF4,0,0,0,0,1,0
PRPS2,0,1,0,0,0,0
PRR14L,0,0,0,0,0,1
PRR5L,0,1,0,0,0,0
PRRC2B,0,0,0,0,1,0
PRRC2C,0,0,0,0,0,1
PRRG1,0,0,1,0,0,0
PRRX1,0,1,0,0,0,1
PRSS16,0,0,0,0,1,0
PRSS45,0,0,0,0,0,1
PRUNE2,1,0,0,0,1,1
PRX,0,0,1,0,0,0
PSD3,0,1,0,1,0,0
PSEN1,0,0,0,0,1,1
PSMA6,0,0,0,0,1,0
PSMB9,0,0,1,0,1,1
PSMC5,0,0,0,0,1,0
PSMG3-AS1,0,0,0,0,0,1
PSORS1C1,0,0,0,0,1,1
PSORS1C2,0,0,0,0,0,1
PSORS1C3,0,0,0,0,1,0
PTAFR,0,0,0,0,1,0
PTCHD1,0,1,0,0,0,0
PTCHD3,0,0,0,0,1,0
PTCHD3P1,0,0,0,0,1,0
PTER,0,0,0,0,1,0
PTGER3,0,0,1,0,0,0
PTGES3P2,0,0,0,0,0,1
PTGFR,0,0,1,1,0,0
PTGIR,0,1,0,0,0,0
PTGS2,0,1,0,0,0,0
PTPDC1,0,0,0,0,1,0
PTPN1,1,0,0,0,0,0
PTPN22,1,0,0,0,0,0
PTPN3,1,0,0,0,0,0
PTPN6,0,0,1,0,0,0
PTPRE,0,1,0,0,0,0
PTPRG,0,1,0,1,0,0
PTPRG-AS1,0,0,1,0,0,0
PTPRJ,0,0,0,0,1,0
PTPRM,0,1,0,0,0,0
PTTG1,0,0,0,0,1,0
PTX3,0,1,0,0,0,0
PUS3,0,0,0,0,1,0
PUS7,0,0,0,0,0,1
PVT1,0,1,0,0,0,0
PXK,0,0,0,0,0,1
PYGL,0,0,1,0,0,0
PYGM,0,0,1,0,0,0
PYGO1,0,1,0,0,0,0
QRICH1,0,0,0,0,1,1
QSOX2,0,0,0,0,1,1
R3HCC1,0,0,0,0,0,1
RAB17,0,0,0,0,1,0
RAB18,0,0,0,0,1,0
RAB20,0,0,1,0,0,0
RAB31,0,1,0,0,0,0
RAB44,0,0,1,0,0,0
RAB4B,0,0,1,0,0,0
RAB7A,0,1,0,0,0,0
RAB7L1,0,0,0,0,1,0
RAB8B,0,1,0,0,0,0
RABAC1,0,0,0,0,0,1
RABGEF1,0,1,0,1,0,0
RABGGTA,0,0,0,0,0,1
RAD51,0,0,0,0,1,0
RAET1E,0,0,0,0,1,0
RAI14,1,0,0,0,0,0
RALGAPA1,0,0,0,0,0,1
RALGPS1,0,0,1,0,0,0
RANBP2,0,1,0,0,0,0
RANGAP1,0,0,0,0,1,0
RAPGEF1,0,1,0,0,1,0
RAPSN,0,0,0,0,1,0
RARRES1,0,0,0,0,1,0
RASA2,0,1,0,0,0,0
RASA3,0,0,0,0,1,0
RASA4,0,0,0,0,0,1
RASA4DP,0,0,0,0,0,1
RASAL2,0,1,0,0,0,0
RASD1,0,1,0,1,0,0
RASGEF1C,0,0,1,0,0,0
RASIP1,0,0,0,0,0,1
RASSF1,0,0,0,0,0,1
RASSF3,0,0,1,0,0,0
RASSF8,0,1,0,0,0,0
RAVER2,0,0,0,0,0,1
RB1,0,0,1,0,0,1
RBBP5,0,0,0,0,1,0
RBBP8,0,1,0,0,0,0
RBBP9,0,0,0,0,0,1
RBCK1,0,0,0,0,0,1
RBL1,0,0,0,0,0,1
RBL2,0,0,0,0,1,1
RBM38,0,0,0,0,0,1
RBM47,1,0,0,0,0,0
RBM6,0,0,0,0,0,1
RBMS1,0,1,0,0,0,0
RBMXL1,0,0,0,0,0,1
RBMXP4,0,0,0,0,1,0
RBPMS-AS1,0,0,0,0,1,0
RCAN1,1,0,0,0,0,0
RCAN3,0,0,0,0,1,0
RCC1,0,0,0,0,1,0
RCN1,0,0,0,0,1,0
RCSD1,0,0,0,0,0,1
RDH10,0,0,0,0,1,1
REG3G,0,0,0,0,0,1
REL,0,1,0,0,0,0
RERE,0,0,0,0,0,1
REST,0,0,0,0,1,0
RET,0,0,0,0,1,1
RETREG1,1,0,0,0,0,0
REXO5,0,0,1,0,0,0
RFC2,0,0,0,0,1,0
RFC3,0,0,0,1,0,0
RFFL,0,0,1,0,0,0
RFTN1,0,1,0,0,0,0
RFWD3,0,1,0,0,0,0
RFX3-AS1,0,0,1,0,0,0
RFX8,0,1,0,0,0,0
RGL1,0,0,0,0,1,1
RGMB,0,0,0,0,1,0
RGMB-AS1,0,0,0,0,1,0
RGS16,0,0,0,0,1,0
RGS2,0,1,0,0,0,0
RGS3,1,0,0,0,0,0
RGS6,1,0,0,0,0,0
RHBDL2,0,1,0,0,0,0
RHBDL3,0,1,0,0,0,0
RHEBP2,0,0,0,0,1,0
RHOA,0,0,0,0,1,1
RHOC,0,0,0,0,0,1
RHOH,0,0,1,0,0,0
RHOJ,0,0,0,0,1,0
RHPN1,0,0,0,0,0,1
RIF1,0,0,0,0,1,0
RIN3,0,0,0,0,0,1
RIOK1,0,0,0,0,1,1
RIPK2,0,1,0,0,0,0
RIPK3,0,0,0,0,1,0
RIPOR3,0,0,1,0,0,0
RIT1,0,0,0,0,1,0
RMDN2,0,0,1,0,0,0
RMDN2-AS1,0,0,1,1,0,0
RMDN3,0,0,0,0,1,0
RMI1,0,0,0,0,0,1
RMI2,0,0,0,0,1,0
RMND1,0,0,1,0,0,1
RN7SL417P,0,0,0,0,1,0
RNASE4,0,0,0,0,0,1
RNASEH2B,0,0,0,0,1,1
RNASEH2B-AS1,0,0,0,0,1,0
RNASEH2C,0,0,0,0,1,0
RND3,0,1,0,0,0,0
RNF10,0,0,0,0,0,1
RNF135,0,0,0,0,0,1
RNF141,0,0,0,0,0,1
RNF144A,0,0,0,0,0,1
RNF149,0,1,0,0,0,0
RNF152,0,1,0,0,0,0
RNF157,0,0,1,0,0,0
RNF180,0,0,0,0,1,1
RNF187,0,0,0,0,1,0
RNF2,0,1,0,0,0,0
RNF214,0,0,1,0,0,0
RNF216,0,0,0,0,0,1
RNF217,1,0,0,0,1,0
RNF217-AS1,1,0,0,0,0,0
RNF24,0,1,0,0,0,0
RNF26,0,0,0,0,0,1
RNF39,0,0,0,0,1,0
RNF5,0,0,0,0,1,0
RNFT1,0,0,0,0,1,0
RNPEP,0,0,0,0,0,1
ROBO1,0,1,0,0,0,0
ROCK2,0,0,0,0,0,1
ROGDI,0,0,0,0,1,0
ROR2,1,0,0,0,0,0
RORB,0,1,0,1,0,0
RP1-136B1.1,0,0,0,0,1,0
RP1-137D17.1,0,0,0,0,1,0
RP1-224A6.3,0,0,0,0,1,0
RP1-234P15.4,0,0,0,0,1,1
RP1-257I20.14,0,0,0,0,1,0
RP1-265C24.5,0,0,0,0,1,0
RP1-283E3.4,0,0,0,0,1,1
RP1-313I6.12,0,0,0,0,1,0
RP1-45I4.3,0,0,0,0,0,1
RP1-95L4.4,0,0,0,0,1,1
RP11-100L22.1,0,0,0,0,1,0
RP11-1023L17.2,0,0,0,0,1,0
RP11-103J8.2,0,0,0,0,1,0
RP11-108M9.5,0,0,0,0,0,1
RP11-10L12.4,0,0,0,0,0,1
RP11-10L7.1,0,0,0,0,1,0
RP11-10O17.1,0,0,0,0,1,0
RP11-110G21.1,0,0,0,0,1,0
RP11-110I1.14,0,0,0,0,0,1
RP11-111M22.3,0,0,0,0,1,0
RP11-115L11.1,0,0,0,0,0,1
RP11-1277A3.3,0,0,0,0,1,0
RP11-132A1.4,0,0,0,0,1,0
RP11-132M7.3,0,0,0,0,0,1
RP11-134G8.7,0,0,0,0,0,1
RP11-1379J22.2,0,0,0,0,0,1
RP11-142I20.1,0,0,0,0,0,1
RP11-147L13.8,0,0,0,0,1,0
RP11-148L24.1,0,0,0,0,1,0
RP11-153K11.3,0,0,0,0,1,1
RP11-156E8.1,0,0,0,0,0,1
RP11-156P1.3,0,0,0,0,1,0
RP11-157P1.5,0,0,0,0,0,1
RP11-158M2.3,0,0,0,0,1,0
RP11-158M2.4,0,0,0,0,0,1
RP11-15A1.3,0,0,0,0,1,0
RP11-162I7.1,0,0,0,0,1,1
RP11-166B2.3,0,0,0,0,1,0
RP11-166D19.1,0,0,0,0,0,1
RP11-166O4.5,0,0,0,0,0,1
RP11-166O4.6,0,0,0,0,1,1
RP11-168G16.2,0,0,0,0,0,1
RP11-168J18.6,0,0,0,0,1,1
RP11-169D4.1,0,0,0,0,1,0
RP11-170N16.3,0,0,0,0,0,1
RP11-171I2.2,0,0,0,0,1,0
RP11-175K6.1,0,0,0,0,1,1
RP11-179B2.2,0,0,0,0,1,0
RP11-182J1.14,0,0,0,0,1,0
RP11-187O7.3,0,0,0,0,1,0
RP11-195E2.1,0,0,0,0,0,1
RP11-196G18.22,0,0,0,0,0,1
RP11-197M22.2,0,0,0,0,1,0
RP11-19E11.1,0,0,0,0,1,0
RP11-203M5.7,0,0,0,0,1,0
RP11-203M5.8,0,0,0,0,0,1
RP11-218M22.1,0,0,0,0,1,0
RP11-221N13.3,0,0,0,0,0,1
RP11-224O19.2,0,0,0,0,0,1
RP11-226L15.5,0,0,0,0,1,0
RP11-244O19.1,0,0,0,0,1,0
RP11-250B2.6,0,0,0,0,1,0
RP11-251G23.2,0,0,0,0,1,0
RP11-251G23.5,0,0,0,0,1,0
RP11-252A24.2,0,0,0,0,0,1
RP11-255H23.2,0,0,0,0,0,1
RP11-259A24.1,0,0,0,0,1,1
RP11-266L9.4,0,0,0,0,1,0
RP11-266L9.5,0,0,0,0,1,0
RP11-266L9.6,0,0,0,0,1,0
RP11-268J15.5,0,0,0,0,0,1
RP11-276H19.1,0,0,0,0,1,0
RP11-276H19.2,0,0,0,0,1,0
RP11-286N22.8,0,0,0,0,0,1
RP11-288H12.3,0,0,0,0,1,0
RP11-298O21.5,0,0,0,0,0,1
RP11-302L19.3,0,0,0,0,0,1
RP11-304L19.3,0,0,0,0,1,0
RP11-305K5.1,0,0,0,0,1,1
RP11-305L7.6,0,0,0,0,1,0
RP11-314B1.2,0,0,0,0,1,0
RP11-31F15.1,0,0,0,0,1,0
RP11-321G12.1,0,0,0,0,0,1
RP11-324I22.4,0,0,0,0,1,0
RP11-325P15.1,0,0,0,0,1,0
RP11-326C3.12,0,0,0,0,1,0
RP11-326C3.13,0,0,0,0,1,0
RP11-326C3.15,0,0,0,0,1,0
RP11-326I11.5,0,0,0,0,1,0
RP11-345P4.9,0,0,0,0,1,0
RP11-347P5.1,0,0,0,0,0,1
RP11-350J20.5,0,0,0,0,1,0
RP11-355B11.2,0,0,0,0,1,1
RP11-368I7.4,0,0,0,0,1,0
RP11-370A5.1,0,0,0,0,1,0
RP11-378J18.3,0,0,0,0,1,0
RP11-378J18.8,0,0,0,0,1,1
RP11-379F4.4,0,0,0,0,1,1
RP11-379F4.7,0,0,0,0,1,0
RP11-379F4.8,0,0,0,0,0,1
RP11-37N22.1,0,0,0,0,1,0
RP11-380L11.4,0,0,0,0,1,1
RP11-382J12.1,0,0,0,0,0,1
RP11-382M14.1,0,0,0,0,1,0
RP11-386G11.10,0,0,0,0,1,0
RP11-387H17.4,0,0,0,0,1,0
RP11-387H17.6,0,0,0,0,0,1
RP11-388C12.8,0,0,0,0,0,1
RP11-388M20.6,0,0,0,0,0,1
RP11-395L14.4,0,0,0,0,1,0
RP11-395L14.5,0,0,0,0,1,0
RP11-3B12.1,0,0,0,0,1,0
RP11-3B7.1,0,0,0,0,1,1
RP11-400N13.3,0,0,0,0,1,1
RP11-403I13.7,0,0,0,0,0,1
RP11-405L18.4,0,0,0,0,1,0
RP11-408A13.4,0,0,0,0,1,1
RP11-413E6.7,0,0,0,0,1,1
RP11-417E7.1,0,0,0,0,1,1
RP11-417E7.2,0,0,0,0,1,1
RP11-419L20.2,0,0,0,0,1,0
RP11-428G5.5,0,0,0,0,1,0
RP11-430B1.2,0,0,0,0,0,1
RP11-434I12.2,0,0,0,0,1,1
RP11-437J19.1,0,0,0,0,1,0
RP11-439E19.3,0,0,0,0,0,1
RP11-43F13.3,0,0,0,0,1,0
RP11-445P17.8,0,0,0,0,0,1
RP11-448G15.3,0,0,0,0,1,0
RP11-449P15.2,0,0,0,0,1,0
RP11-452F19.3,0,0,0,0,0,1
RP11-454L9.2,0,0,0,0,1,0
RP11-468E2.9,0,0,0,0,1,0
RP11-46H11.3,0,0,0,0,1,0
RP11-46I8.4,0,0,0,0,1,0
RP11-470E16.1,0,0,0,0,1,1
RP11-475B2.1,0,0,0,0,1,1
RP11-47A8.5,0,0,0,0,1,0
RP11-481J13.1,0,0,0,0,0,1
RP11-486A14.1,0,0,0,0,1,0
RP11-486L19.2,0,0,0,0,1,0
RP11-488C13.6,0,0,0,0,0,1
RP11-489O18.1,0,0,0,0,0,1
RP11-493E12.2,0,0,0,0,1,1
RP11-4O1.2,0,0,0,0,0,1
RP11-503K16.2,0,0,0,0,1,0
RP11-505K9.1,0,0,0,0,1,0
RP11-507B12.1,0,0,0,0,1,1
RP11-507B12.2,0,0,0,0,1,1
RP11-50E11.3,0,0,0,0,1,0
RP11-511B23.2,0,0,0,0,1,0
RP11-511B23.3,0,0,0,0,1,0
RP11-511H9.3,0,0,0,0,0,1
RP11-525K10.3,0,0,0,0,1,0
RP11-536G4.2,0,0,0,0,0,1
RP11-540A21.2,0,0,0,0,0,1
RP11-543C4.1,0,0,0,0,0,1
RP11-54A4.2,0,0,0,0,1,0
RP11-54A9.1,0,0,0,0,1,0
RP11-54D18.2,0,0,0,0,0,1
RP11-54D18.3,0,0,0,0,0,1
RP11-54O7.16,0,0,0,0,0,1
RP11-552F3.9,0,0,0,0,1,0
RP11-561N12.7,0,0,0,0,1,0
RP11-577H5.1,0,0,0,0,0,1
RP11-584P21.2,0,0,0,0,1,0
RP11-613M10.6,0,0,0,0,1,0
RP11-61E11.2,0,0,0,0,1,0
RP11-624M8.1,0,0,0,0,0,1
RP11-627G1.1,0,0,0,0,1,0
RP11-62H7.2,0,0,0,0,1,0
RP11-631N16.2,0,0,0,0,0,1
RP11-638F5.1,0,0,0,0,1,0
RP11-649A18.12,0,0,0,0,1,0
RP11-64D22.2,0,0,0,0,1,0
RP11-654A16.3,0,0,0,0,0,1
RP11-672A2.5,0,0,0,0,1,0
RP11-672A2.6,0,0,0,0,1,0
RP11-672L10.6,0,0,0,0,0,1
RP11-67L2.2,0,0,0,0,1,1
RP11-689P11.2,0,0,0,0,1,0
RP11-690I21.1,0,0,0,0,1,0
RP11-693J15.5,0,0,0,0,0,1
RP11-69E11.8,0,0,0,0,1,0
RP11-71E19.1,0,0,0,0,1,0
RP11-723O4.2,0,0,0,0,1,0
RP11-723O4.9,0,0,0,0,1,0
RP11-72I8.1,0,0,0,0,0,1
RP11-731K22.1,0,0,0,0,1,0
RP11-736K20.6,0,0,0,0,0,1
RP11-736N17.8,0,0,0,0,1,0
RP11-73M18.7,0,0,0,0,1,0
RP11-73M18.8,0,0,0,0,1,0
RP11-755F10.3,0,0,0,0,0,1
RP11-768F21.1,0,0,0,0,1,0
RP11-773D16.1,0,0,0,0,1,0
RP11-77I22.2,0,0,0,0,0,1
RP11-798K23.5,0,0,0,0,0,1
RP11-80H5.7,0,0,0,0,1,0
RP11-824M15.3,0,0,0,0,1,0
RP11-834C11.10,0,0,0,0,0,1
RP11-834C11.3,0,0,0,0,0,1
RP11-83N9.5,0,0,0,0,0,1
RP11-848G14.5,0,0,0,0,1,0
RP11-867G23.1,0,0,0,0,1,1
RP11-867G23.13,0,0,0,0,1,1
RP11-894P9.2,0,0,0,0,1,0
RP11-897M7.1,0,0,0,0,1,0
RP11-91J3.3,0,0,0,0,0,1
RP11-932O9.9,0,0,0,0,1,0
RP11-94A24.1,0,0,0,0,0,1
RP11-95P2.1,0,0,0,0,0,1
RP11-977B10.2,0,0,0,0,1,0
RP11-977G19.11,0,0,0,0,1,0
RP11-98D18.9,0,0,0,0,1,0
RP11-996F15.2,0,0,0,0,1,0
RP13-578N3.3,0,0,0,0,0,1
RP13-890H12.2,0,0,0,0,1,0
RP2,0,1,0,0,0,0
RP3-460G2.2,0,0,0,0,1,0
RP3-508I15.10,0,0,0,0,1,0
RP3-508I15.9,0,0,0,0,1,0
RP4-605O3.4,0,0,0,0,1,1
RP4-647C14.2,0,0,0,0,1,0
RP4-694B14.5,0,0,0,0,0,1
RP4-758J18.13,0,0,0,0,0,1
RP4-758J18.7,0,0,0,0,0,1
RP4-761J14.10,0,0,0,0,0,1
RP5-1021I20.1,0,0,0,0,0,1
RP5-1052I5.1,0,0,0,0,1,0
RP5-1092A3.4,0,0,0,0,1,0
RP5-1112D6.4,0,0,0,0,0,1
RP5-1115A15.1,0,0,0,0,1,1
RP5-1126H10.2,0,0,0,0,1,0
RP5-1142A6.9,0,0,0,0,0,1
RP5-1157M23.2,0,0,0,0,1,1
RP5-874C20.3,0,0,0,0,1,0
RP5-894D12.5,0,0,0,0,0,1
RP5-933K21.3,0,0,0,0,1,0
RP5-994D16.9,0,0,0,0,0,1
RPA1,0,0,0,0,1,1
RPA3,0,0,0,0,0,1
RPAP1,0,0,0,0,1,0
RPL37A,0,0,0,0,0,1
RPL7L1,0,0,0,0,0,1
RPL8,0,0,0,0,0,1
RPLP0,0,0,0,1,0,0
RPLP1,0,0,0,1,0,0
RPRD1B,0,0,0,0,1,0
RPRD2,0,0,0,0,1,0
RPS10P7,0,0,0,0,0,1
RPS24,0,0,0,0,0,1
RPS26,0,0,0,0,1,0
RPS3AP34,0,0,0,0,0,1
RPS6KA6,0,1,0,0,0,0
RPS9,0,0,0,0,0,1
RPUSD3,0,0,0,0,0,1
RPUSD4,0,0,0,0,1,0
RQCD1,0,0,0,0,1,0
RRAD,0,1,0,0,0,0
RRAGD,0,0,0,0,1,0
RRAS2,0,1,0,0,0,0
RSAD1,0,0,0,0,1,0
RSL1D1,0,0,0,0,1,0
RSPH1,0,0,0,0,1,0
RSPO3,1,0,0,1,0,0
RSRC1,0,0,0,0,1,1
RTEL1,0,0,0,0,0,1
RTKN2,0,0,1,0,0,0
RTL1,0,1,0,0,0,0
RTN4,0,0,0,0,1,1
RTN4RL1,0,0,1,0,0,0
RUBCNL,0,1,0,0,0,0
RUFY2,0,0,0,0,1,1
RUFY3,0,1,0,0,0,0
RUNX1,0,1,0,1,0,0
RUNX3,0,0,1,0,0,0
RUSC1-AS1,0,0,0,0,1,0
RUSC2,0,1,0,0,0,0
RUVBL2,0,0,1,0,0,0
RXRG,0,0,0,0,1,1
RYR2,1,0,0,0,0,0
S100A10,0,0,0,0,1,0
S100P,0,0,0,0,1,0
S1PR3,0,1,0,0,0,0
SAA2,0,0,1,0,0,0
SAE1,0,0,0,0,0,1
SAMD12,1,0,0,0,0,0
SAMD3,0,0,0,0,1,0
SAMD4A,0,1,0,0,0,0
SASS6,0,0,0,0,0,1
SATB2,0,1,0,0,0,0
SAV1,0,0,0,0,0,1
SAXO1,0,0,1,0,0,0
SAYSD1,0,0,0,0,1,0
SBF2-AS1,0,0,1,0,0,0
SCAMP4,0,0,0,0,0,1
SCAND2P,0,0,0,0,1,1
SCAP,0,0,0,0,0,1
SCARA5,0,0,0,1,0,0
SCARF1,0,0,1,0,0,0
SCCPDH,0,0,0,0,0,1
SCD,0,0,0,0,1,0
SCD5,0,0,1,0,0,0
SCFD2,0,1,0,0,0,1
SCGB2B2,0,0,1,0,0,0
SCLT1,0,1,0,0,0,0
SCLY,0,0,1,0,0,0
SCML2,0,1,0,0,0,0
SCML4,0,0,1,0,0,0
SCN1B,0,0,0,0,0,1
SCN4A,1,0,0,0,0,0
SCUBE2,0,1,0,0,0,0
SCYL3,0,0,0,0,0,1
SDAD1P1,0,0,0,0,1,1
SDC2,0,1,0,0,0,0
SDCBP2,0,1,0,0,0,0
SDCBP2-AS1,0,0,1,0,0,0
SDHA,0,0,0,0,1,0
SDK1,0,1,0,0,0,0
SDR39U1,0,0,0,0,1,0
SEC23B,0,0,0,0,0,1
SEC24C,0,0,0,0,0,1
SEC24D,0,0,0,0,0,1
SEC61A2,0,0,0,0,1,0
SEL1L3,0,0,0,0,0,1
SELENOV,0,0,1,0,0,0
SELO,0,0,0,0,0,1
SELP,1,0,0,0,0,0
SEMA3A,1,0,0,0,0,0
SEMA3C,0,1,0,0,0,0
SEMA3D,1,0,0,0,0,0
SEMA3E,1,0,0,0,0,0
SEMA3F,0,0,0,0,0,1
SEMA3G,1,0,0,0,0,0
SEMA4A,0,0,0,0,0,1
SEMA4B,0,0,0,0,0,1
SEMA4D,0,0,1,0,0,0
SEMA5A,1,0,0,0,0,0
SEMA5B,0,0,0,0,1,0
SEMA6C,0,0,0,0,0,1
SEMA6D,1,0,0,0,0,0
SENP6,0,0,0,0,1,0
SEPN1,0,0,0,0,0,1
SEPTIN9,0,1,0,0,0,0
SERAC1,0,0,0,0,1,0
SERBP1,0,0,0,0,0,1
SERBP1P3,0,0,0,0,0,1
SERINC5,0,0,0,0,0,1
SERPINB6,0,0,0,0,0,1
SERPINE2,0,1,0,0,0,0
SERPINE3,0,0,0,1,0,0
SERPINF1,0,0,0,0,1,0
SERTAD2,1,0,0,0,0,0
SETBP1,0,1,0,0,0,0
SETD3,0,0,0,0,1,0
SETD6,0,0,0,0,1,0
SETD9,0,0,0,0,1,0
SETDB2,0,0,0,0,1,0
SETX,0,0,0,0,0,1
SF3B2,0,0,0,0,1,0
SFI1,0,0,0,0,0,1
SFMBT1,0,1,0,0,0,0
SFMBT2,0,0,0,0,1,0
SFRP1,0,1,0,0,0,0
SFXN5,0,0,1,0,0,0
SGIP1,0,1,0,0,0,0
SGK1,1,0,0,0,0,0
SGMS1,0,1,0,0,0,0
SGMS1-AS1,0,1,0,0,0,0
SGMS2,0,1,0,0,0,0
SGO2,0,0,1,0,0,0
SH2B2,0,0,0,0,0,1
SH3BGR,0,0,1,0,1,0
SH3BP1,0,0,0,0,1,1
SH3BP4,0,1,0,0,0,0
SH3BP5,0,0,0,0,1,0
SH3D21,0,0,0,0,0,1
SH3GL2,1,0,0,0,0,0
SH3PXD2A,0,0,0,0,0,1
SH3PXD2B,1,0,0,0,0,0
SH3RF1,0,1,0,0,0,0
SH3RF2,0,0,1,0,0,0
SH3RF3,0,0,0,0,1,0
SH3RF3-AS1,0,0,0,0,1,0
SHANK2,1,0,0,0,0,0
SHB,0,1,0,0,1,0
SHBG,0,0,1,0,0,0
SHF,0,0,0,0,0,1
SHISA5,0,0,0,0,0,1
SHQ1,0,1,0,0,0,0
SIGLEC14,0,0,0,0,0,1
SIGLEC5,0,0,0,0,0,1
SIGLEC7,0,0,0,0,1,0
SIL1,0,0,0,0,1,1
SIM2,0,0,0,0,1,0
SINHCAF,0,1,0,0,0,0
SIPA1,0,0,0,0,1,0
SIPA1L1,1,0,0,0,0,0
SIPA1L2,0,1,0,0,0,0
SIRPA,0,0,0,0,1,0
SIRPB1,0,0,0,0,1,0
SIX5,0,0,0,0,1,0
SKAP2,0,0,1,1,0,0
SKIV2L,0,0,0,0,1,0
SKOR1,0,0,0,0,1,0
SLAIN2,0,0,0,0,1,0
SLC10A1,0,0,1,0,0,0
SLC10A5,0,0,0,0,0,1
SLC10A6,0,1,0,0,0,0
SLC12A1,0,0,1,0,0,0
SLC12A8,0,0,1,0,0,0
SLC13A3,0,0,1,0,0,0
SLC16A1,0,1,0,0,0,1
SLC16A10,1,0,0,0,0,0
SLC16A7,0,1,0,1,1,0
SLC18B1,0,0,0,0,0,1
SLC19A2,0,1,0,0,0,0
SLC1A1,1,0,0,0,0,0
SLC1A2,0,0,1,0,0,0
SLC1A3,0,1,0,0,0,0
SLC1A4,0,0,0,0,0,1
SLC20A2,0,1,0,0,0,0
SLC22A17,0,0,0,0,0,1
SLC22A23,0,1,0,0,0,0
SLC22A3,0,0,0,0,1,0
SLC22A4,0,0,1,0,0,0
SLC24A3,1,0,0,0,1,0
SLC25A12,0,0,0,0,0,1
SLC25A16,0,0,0,0,1,1
SLC25A21,0,0,0,0,0,1
SLC25A21-AS1,0,0,0,0,0,1
SLC25A23,0,0,0,0,0,1
SLC25A24,0,0,0,0,0,1
SLC25A39,0,0,0,0,1,1
SLC25A41,0,0,0,0,0,1
SLC25A51,0,1,0,0,0,1
SLC26A10,0,0,0,0,0,1
SLC26A8,0,0,0,0,0,1
SLC27A5,0,0,0,0,1,0
SLC27A6,0,0,0,0,0,1
SLC28A1,0,0,1,0,0,0
SLC28A3,0,0,0,0,1,0
SLC2A1,0,0,0,0,0,1
SLC2A1-AS1,0,0,0,0,0,1
SLC2A12,0,0,0,0,1,0
SLC2A13,0,1,0,0,0,0
SLC2A14,0,0,1,0,0,0
SLC2A5,0,0,0,0,0,1
SLC2A8,0,0,0,0,1,0
SLC30A6,0,0,0,0,0,1
SLC30A9,0,0,0,0,0,1
SLC35A3,0,0,0,0,0,1
SLC35C1,0,0,0,0,1,0
SLC35E2,0,0,0,0,0,1
SLC35E2B,0,0,0,0,1,1
SLC35E3,0,0,1,0,0,0
SLC35E4,0,0,0,0,1,0
SLC35F2,0,1,0,0,0,0
SLC35F6,0,0,0,0,1,0
SLC35G2,1,0,0,0,0,0
SLC37A1,0,0,0,0,1,0
SLC38A10,0,0,0,0,0,1
SLC39A1,0,0,0,0,1,0
SLC39A11,0,0,1,0,0,0
SLC39A14,0,1,0,0,0,0
SLC39A8,0,1,0,1,0,0
SLC41A1,0,0,0,0,0,1
SLC41A2,0,1,0,0,0,0
SLC43A2,0,0,1,0,0,0
SLC44A3,0,0,1,0,0,0
SLC4A4,1,0,0,0,0,0
SLC4A7,0,1,0,0,1,0
SLC4A8,1,0,0,0,0,0
SLC50A1,0,0,0,0,0,1
SLC51A,0,0,0,0,1,0
SLC5A6,0,0,0,0,0,1
SLC6A3,0,0,0,0,1,0
SLC7A1,0,1,0,0,0,0
SLC7A11,0,1,0,0,0,0
SLC7A14-AS1,0,0,1,0,0,0
SLC7A2,1,0,0,0,0,0
SLC7A5,0,1,0,0,0,1
SLC7A8,1,0,0,0,0,0
SLC7A9,0,0,0,0,1,0
SLC8A1,0,0,0,0,1,1
SLC9A7,0,1,0,0,0,0
SLC9A7P1,0,0,0,0,0,1
SLC9B1,0,0,1,0,0,0
SLC9C1,0,1,0,0,0,0
SLCO3A1,0,0,1,0,0,0
SLCO5A1,0,1,0,0,0,0
SLFN11,0,0,0,1,0,0
SLFN5,0,0,1,0,0,0
SLIT1,0,0,0,0,1,0
SLIT2,0,1,0,0,0,0
SLMO2,0,0,0,0,0,1
SLPI,0,0,1,1,0,0
SMAD1,0,1,0,0,1,0
SMAD3,0,1,0,1,1,1
SMAD4,0,0,0,0,0,1
SMARCAL1,0,0,0,0,1,0
SMARCD2,0,0,0,0,1,0
SMC4,1,0,0,0,0,0
SMC6,0,0,0,0,0,1
SMCHD1,0,0,0,0,1,0
SMG6,0,0,1,0,0,0
SMIM12,0,0,0,0,0,1
SMIM20,0,0,0,0,0,1
SMIM4,0,0,0,1,0,0
SMIM41,0,0,1,0,0,0
SMOC1,0,0,1,0,0,0
SMPD1,0,0,0,0,0,1
SMPD2,0,0,0,0,1,1
SMPD3,0,0,0,0,1,0
SMS,0,1,0,0,0,0
SMTNL2,0,0,0,0,1,0
SMUG1,0,0,0,0,0,1
SMURF2,0,0,0,0,1,1
SMYD4,0,0,0,0,1,0
SNAI3-AS1,0,0,0,0,0,1
SNAP47,0,0,0,0,1,0
SNAPC1,1,0,0,0,1,0
SNAPC3,0,0,0,0,1,0
SNAPC5,0,0,0,0,1,0
SND1,0,0,0,0,1,0
SNED1,0,1,0,1,0,1
SNHG31,0,0,1,0,0,0
SNORA48,0,0,0,0,0,1
SNORD14A,0,0,0,0,0,1
SNORD17,0,0,0,0,0,1
SNRPD1,0,0,0,0,0,1
SNRPD2,0,0,0,0,0,1
SNTB2,0,0,1,0,0,0
SNTG2,1,0,0,0,0,0
SNX1,0,0,0,0,1,0
SNX13,0,0,0,0,1,0
SNX14,0,0,1,0,0,0
SNX17,0,0,0,0,1,0
SNX21,0,0,0,0,1,1
SNX22,0,0,0,0,0,1
SNX25,0,1,0,0,0,0
SNX27,0,0,0,0,0,1
SNX29,0,0,0,0,0,1
SNX31,0,0,1,0,0,0
SNX32,0,0,1,0,1,0
SNX5,0,0,0,0,0,1
SNX8,0,1,0,0,1,0
SNX9,0,1,0,0,0,0
SOAT2,0,0,0,0,1,0
SOCS2,0,1,0,0,0,0
SOCS2-AS1,0,1,0,0,0,0
SOD2,0,1,0,1,0,0
SORBS1,0,1,0,0,0,0
SORBS2,1,0,0,1,0,0
SORT1,1,0,0,0,0,0
SOWAHC,0,0,0,0,1,1
SOX2-OT,0,0,1,0,0,0
SOX5,1,0,0,0,0,0
SP100,0,1,0,0,0,0
SP140,1,0,0,0,0,0
SP6,0,0,0,0,0,1
SPAG1,0,0,1,0,0,0
SPAG16,0,0,1,0,0,0
SPAG17,0,1,0,0,0,0
SPARCL1,0,0,0,0,0,1
SPATA1,0,0,0,0,1,0
SPATA20,0,0,0,0,1,0
SPATA24,0,0,0,0,1,0
SPATA2L,0,0,0,0,1,0
SPATA33,0,0,0,0,1,0
SPATA5,0,0,0,0,0,1
SPATA6L,0,0,1,0,0,0
SPDYA,0,0,1,0,0,0
SPOCK1,0,1,0,0,0,0
SPOCK2,0,0,0,0,0,1
SPP1,0,0,0,0,1,0
SPRTN,0,0,0,0,1,0
SPRYD4,0,0,0,0,1,1
SPRYD7,0,0,0,0,0,1
SPSB1,0,1,0,0,0,1
SPTBN1,0,0,0,0,1,0
SPTBN2,0,0,0,0,0,1
SPTLC2,1,0,0,0,0,0
SPTLC3,1,0,0,0,0,0
SPTY2D1-AS1,0,0,0,0,0,1
SRCRB4D,0,0,0,0,1,0
SRGAP1,0,1,0,0,1,1
SRGAP3,0,0,1,0,0,0
SRL,0,0,1,0,0,0
SRP14,0,0,0,0,1,0
SRP54,0,0,0,0,1,0
SRPK1,0,1,0,0,0,0
SRPX2,0,1,0,0,0,0
SRSF12,0,0,1,0,0,0
SSB,0,0,0,0,0,1
SSC5D,0,0,0,0,0,1
SSH1,0,1,0,0,0,0
SSR1,0,0,0,0,0,1
SSR4P1,0,0,0,0,1,0
SSTR1,0,0,0,0,0,1
SSTR2,0,0,1,0,0,0
SSU72,0,0,0,0,0,1
ST3GAL1,0,1,0,0,0,0
ST3GAL3,0,0,1,0,0,0
ST3GAL4,0,0,0,0,0,1
ST3GAL6,0,0,0,0,0,1
ST5,1,0,0,0,0,0
ST7,0,1,0,0,0,0
STAC3,0,0,1,0,0,0
STAG3L4,0,0,0,0,1,0
STAM,0,1,0,0,0,0
STAP1,0,0,0,0,1,0
STARD10,0,0,0,0,0,1
STARD13,1,0,0,0,0,1
STAT1,0,0,1,0,0,0
STAT2,0,0,0,0,1,0
STAT4,1,0,0,0,0,0
STEAP1B,0,1,0,0,0,0
STEAP2,0,0,0,0,1,1
STEAP2-AS1,1,0,0,1,0,0
STEAP3,0,0,0,0,0,1
STIM2,0,0,1,0,0,0
STK10,0,1,0,0,0,0
STK17B,0,1,0,0,0,0
STK19,0,0,0,0,1,0
STK19P,0,0,0,0,1,0
STK26,1,0,0,0,0,0
STK32A,0,0,1,0,0,0
STK33,0,0,1,0,0,0
STK38L,1,0,0,0,0,0
STK40,0,0,0,0,0,1
STMN3,0,0,0,0,0,1
STPG1,0,0,0,0,1,0
STPG4,0,0,1,0,0,0
STRA13,0,0,0,0,1,0
STRADA,0,0,1,0,0,0
STRC,0,0,0,0,1,0
STX1B,0,0,0,0,0,1
STX4,0,0,0,0,0,1
STX6,0,1,0,0,0,0
STX7,0,0,0,0,1,0
STXBP4,0,0,0,0,1,0
STYK1,0,0,1,0,0,0
SUCLG2,0,0,0,0,0,1
SUFU,0,0,0,0,1,0
SULF2,0,0,1,0,0,0
SULT1A1,0,0,0,0,1,0
SUMF2,0,0,0,0,1,0
SUOX,0,0,0,0,1,0
SUPT3H,0,0,0,0,0,1
SUPT5H,0,0,1,0,0,0
SUPV3L1,0,0,0,0,1,0
SUSD1,0,0,0,0,0,1
SUSD2,0,0,0,0,0,1
SUSD4,0,0,0,0,0,1
SUSD5,0,0,0,0,1,1
SUV420H2,0,0,0,0,0,1
SV2B,1,0,0,0,0,0
SVIL,0,1,0,0,0,0
SWAP70,0,0,0,0,0,1
SWT1,0,0,1,0,0,0
SYCE1L,0,0,0,0,1,0
SYCP2,0,0,1,0,0,0
SYNC,0,0,0,0,1,0
SYNE2,0,0,0,1,0,0
SYNJ2,0,1,0,0,0,0
SYNM,0,1,0,0,1,0
SYNPO,0,0,1,0,0,0
SYNPO2,0,0,1,0,0,0
SYT15,0,0,0,0,1,0
SYT6,0,0,0,0,1,0
TAB2,0,0,0,0,1,1
TACR3,1,0,0,0,0,0
TAF10,0,0,0,0,1,0
TAF11,0,0,0,0,0,1
TAF1A,0,0,0,0,1,0
TAF4B,0,1,0,0,0,0
TAGLN,0,1,0,0,0,0
TAMM41,0,0,0,0,0,1
TANC1,0,0,0,1,0,0
TANGO6,0,0,0,0,1,0
TANK,0,0,0,0,1,0
TAP1,0,0,0,0,0,1
TAP2,0,0,0,0,1,0
TARID,0,1,0,0,0,0
TARS2,0,0,0,0,1,0
TASP1,0,0,0,0,1,1
TBC1D1,1,0,0,0,1,0
TBC1D22A,0,0,0,0,1,0
TBC1D2B,0,0,0,0,1,0
TBC1D30,0,0,1,0,0,0
TBC1D32,0,1,0,0,0,0
TBC1D4,0,0,0,0,1,0
TBC1D8,0,0,1,0,1,0
TBCK,0,0,0,0,0,1
TBL2,0,0,0,0,0,1
TBX18,0,0,1,1,0,1
TBX6,0,0,0,0,1,0
TBXAS1,1,0,0,0,0,0
TC2N,0,0,1,0,0,0
TCAM1P,0,0,0,0,1,0
TCF19,0,0,0,0,1,0
TCF25,0,0,0,0,1,0
TCIM,1,0,0,0,0,0
TCP10L,0,0,0,0,1,0
TCP11,0,0,0,0,1,1
TCTA,0,0,0,0,1,1
TCTN3,0,0,0,0,0,1
TDG,0,0,0,0,0,1
TDP2,0,0,1,0,0,0
TDRD3,0,0,0,0,0,1
TDRD9,0,0,0,0,1,0
TDRKH,0,0,0,0,1,1
TDRP,1,0,0,0,0,0
TEAD4,1,0,0,0,0,0
TECPR2,0,0,0,0,0,1
TEKT3,0,0,0,0,0,1
TELO2,0,0,0,0,1,0
TES,0,1,0,0,1,0
TESC,0,0,1,0,0,0
TESK2,0,0,1,0,0,0
TET3,0,1,0,0,0,0
TEX2,0,1,0,0,0,1
TEX26,0,0,1,0,0,0
TEX26-AS1,0,1,0,0,0,0
TEX29,0,0,1,0,0,0
TEX40,0,0,0,0,1,1
TEX41,1,0,0,0,0,0
TEX9,0,0,1,0,0,1
TFCP2L1,0,0,0,0,0,1
TFPI,0,1,0,0,1,0
TFRC,0,1,0,0,0,0
TGFB1,0,0,1,0,0,0
TGFB2,0,0,1,0,0,0
TGFBR1,0,0,1,0,0,0
TGIF2,0,1,0,0,0,0
TGM1,0,0,0,0,0,1
THADA,0,0,0,0,1,0
THBD,0,1,0,0,0,0
THBS1,0,1,0,0,0,0
THBS2,0,1,0,0,0,0
THEGL,0,0,0,1,0,0
THEM6,0,0,0,0,0,1
THRB,0,0,0,0,1,0
THRSP,0,0,0,0,0,1
THSD7B,1,0,0,0,0,0
THSD8,0,0,1,0,0,0
TIAM1,0,1,0,0,0,0
TIFA,0,0,0,0,0,1
TIGAR,0,0,1,0,0,0
TIGD2,0,0,0,0,1,0
TIGD7,0,0,0,0,1,0
TIMM17A,0,0,0,0,1,0
TIMM22,0,0,0,0,1,0
TIMM44,0,0,0,0,1,0
TIMM50,0,0,1,0,0,0
TIMP1,1,0,0,0,0,0
TIMP3,1,0,0,0,0,0
TIPARP,0,1,0,0,0,0
TIPIN,0,0,0,0,0,1
TJP1,0,1,0,0,0,0
TJP2,0,1,0,0,0,0
TKT,0,0,0,0,1,0
TLE1,0,1,0,0,0,0
TLE4,0,1,0,1,0,0
TLE6,0,0,0,0,0,1
TLL1,1,0,0,0,0,0
TLN2,0,0,0,0,0,1
TLR3,0,0,0,0,0,1
TM4SF1,0,1,0,0,0,0
TM4SF19-AS1,0,0,0,0,1,1
TM6SF2,0,0,0,0,1,0
TMC1,0,0,1,0,0,0
TMC2,0,0,0,0,0,1
TMC3-AS1,0,0,1,0,0,0
TMCO1,0,0,0,0,1,0
TMED2,0,0,0,0,1,0
TMEFF1,0,0,1,0,0,0
TMEM100,0,1,0,0,0,0
TMEM110,0,0,0,0,1,1
TMEM117,0,1,0,0,0,0
TMEM120A,0,0,0,0,0,1
TMEM126A,0,0,0,0,1,0
TMEM143,0,0,0,0,0,1
TMEM150C,0,0,0,1,0,1
TMEM151B,0,0,1,0,0,0
TMEM161B,0,0,0,0,0,1
TMEM161B-AS1,0,0,1,0,0,0
TMEM17,0,0,0,0,0,1
TMEM18,0,0,0,0,1,0
TMEM180,0,0,0,0,1,1
TMEM181,0,1,0,0,0,0
TMEM184B,0,0,1,1,0,0
TMEM200A,0,0,0,0,1,0
TMEM200B,0,0,0,0,1,0
TMEM204,0,0,0,0,1,1
TMEM206,0,0,0,0,0,1
TMEM216,0,0,0,0,0,1
TMEM233,0,1,0,0,0,0
TMEM244,0,0,0,0,0,1
TMEM252-DT,0,0,1,0,0,0
TMEM255A,0,0,0,1,0,0
TMEM255B,0,0,1,0,0,0
TMEM258,0,0,0,0,1,0
TMEM260,1,0,0,0,0,1
TMEM30A,0,0,0,0,1,1
TMEM38B,0,1,0,0,0,0
TMEM52,0,0,0,0,0,1
TMEM65,0,0,0,0,1,1
TMEM70,0,0,0,0,1,1
TMEM72-AS1,0,0,1,1,0,0
TMEM97,0,0,0,0,1,0
TMEM98,0,0,0,0,0,1
TMIE,0,0,0,0,0,1
TMOD1,1,0,0,0,0,0
TMSB4X,0,0,0,1,0,0
TMTC1,0,0,0,0,0,1
TMTC3,0,0,0,0,0,1
TMX4,0,0,0,0,0,1
TNC,1,0,0,0,0,0
TNFAIP2,0,0,0,0,1,0
TNFAIP3,1,0,0,0,0,0
TNFAIP6,0,1,0,0,0,0
TNFAIP8,1,0,0,0,0,0
TNFRSF10B,0,1,0,0,0,0
TNFRSF11A,0,0,1,0,0,0
TNFRSF18,0,0,0,0,0,1
TNFRSF21,0,1,0,0,0,0
TNFSF12,0,0,0,0,1,1
TNFSF13,0,0,0,0,1,1
TNFSF15,1,0,0,0,0,0
TNFSF8,1,0,0,0,0,0
TNIP1,0,0,1,0,0,0
TNKS1BP1,0,0,0,0,1,0
TNNI3K,0,0,1,0,0,0
TNRC6C,0,0,0,0,1,0
TNS3,0,0,1,0,0,0
TNXA,0,0,0,0,1,0
TOGARAM2,0,0,1,0,0,0
TOMM7,0,0,0,0,1,0
TOP1MT,0,0,0,0,0,1
TP53BP1,0,0,0,0,1,0
TP53I3,0,0,0,0,1,0
TPBG,0,0,0,0,1,0
TPD52L1,1,0,0,0,0,0
TPGS2,0,0,0,0,1,0
TPK1,0,0,1,0,0,1
TPRG1,0,0,1,1,0,0
TPST2,1,0,0,0,0,0
TRABD2B,0,0,0,0,1,0
TRAF1,1,0,0,0,0,0
TRAF3,0,1,0,0,0,0
TRAF3IP1,0,0,0,0,1,0
TRAF4,0,0,0,0,1,0
TRAM2,0,0,0,0,1,0
TRAPPC13,0,0,0,0,1,0
TRAPPC3L,0,0,0,0,0,1
TREX1,0,0,0,0,0,1
TRG-AS1,0,0,1,0,0,0
TRHDE,1,0,0,0,1,0
TRIB1,0,0,0,0,1,0
TRIM23,0,0,0,0,1,0
TRIM25,0,0,1,0,0,0
TRIM27,0,0,0,0,1,1
TRIM38,0,0,0,0,1,0
TRIM59,0,0,1,0,0,0
TRIM61,0,0,0,0,1,0
TRIM65,0,0,0,0,1,0
TRIM66,0,0,0,0,1,0
TRIM69,0,0,1,0,0,0
TRIM7,0,0,0,0,1,0
TRIM72,0,0,1,0,0,0
TRIM73,0,0,0,0,0,1
TRIM8,0,0,0,0,1,0
TRIM9,0,1,0,0,0,0
TRIO,0,1,0,0,0,0
TRIOBP,0,0,0,0,1,1
TRIP11,0,0,0,0,0,1
TRIP12,0,0,0,0,1,0
TRIT1,0,1,0,0,0,0
TRMT10C,0,0,0,0,0,1
TRMT44,0,0,0,0,1,0
TRPM3,0,0,1,0,0,0
TRPM4,0,0,0,0,0,1
TRPS1,0,0,0,1,0,0
TRPT1,0,0,0,0,1,0
TRPV6,0,0,0,0,0,1
TSC22D2,0,1,0,0,0,0
TSGA10,0,0,1,0,0,0
TSHR,0,0,0,0,0,1
TSHZ2,0,1,0,0,0,0
TSNARE1,0,0,0,0,1,0
TSPAN13,0,1,0,0,0,0
TSPAN15,0,0,1,0,1,0
TSPAN32,0,0,0,0,0,1
TSPAN4,0,0,0,0,1,0
TSPAN7,1,0,0,0,0,0
TSR3,0,0,0,0,1,0
TSTD1,0,0,0,0,0,1
TTC19,0,0,0,0,1,0
TTC21A,0,0,1,0,0,0
TTC24,0,0,0,0,1,0
TTC27,0,0,0,0,0,1
TTC28-AS1,0,0,1,0,0,0
TTC37,0,0,0,0,1,0
TTC38,0,0,0,0,1,0
TTC4P1,0,0,0,0,0,1
TTI1,0,0,0,0,1,0
TTI2,0,0,1,0,0,0
TTLL10-AS1,0,0,0,0,1,0
TTLL11,0,0,0,0,1,0
TTLL4,0,0,0,0,1,0
TTLL5,0,0,0,0,0,1
TTN-AS1,0,0,1,0,0,0
TUBA1B,0,0,0,0,1,0
TULP2,0,0,1,0,0,0
TWIST1,1,0,0,0,0,0
TWIST2,0,1,0,0,0,0
TWISTNB,1,0,0,0,0,0
TXNDC5,0,0,0,0,1,0
TXNRD1,0,1,0,0,0,0
TXNRD3,0,0,0,0,1,0
TYK2,0,0,0,0,0,1
TYW5,0,0,0,0,1,1
U1,0,0,0,0,0,1
U91328.19,0,0,0,0,1,0
U91328.22,0,0,0,0,1,0
UAP1,0,1,0,0,0,0
UBASH3B,0,1,0,0,0,0
UBC,0,0,0,0,0,1
UBE2D3-AS1,0,0,1,0,0,0
UBE2E1,0,1,0,0,0,0
UBE2E2,0,1,0,0,0,0
UBE2E3,0,0,0,0,1,0
UBE2F,0,1,0,0,0,0
UBE2L3,0,0,0,0,1,1
UBE2Q2P1,0,0,0,0,0,1
UBE2QL1,0,0,0,0,1,0
UBP1,0,0,0,0,0,1
UBQLN4,0,0,0,0,1,1
UBR4,0,0,0,0,1,0
UBXN2A,0,0,0,0,1,1
UCHL3,0,1,0,0,0,0
UCK2,0,1,0,0,0,0
UEVLD,0,0,1,0,0,0
UGCG,0,1,0,0,0,0
UGDH,0,1,0,1,0,0
UGP2,0,1,0,0,0,0
UGT2B4,0,0,0,0,1,0
UHRF1BP1L,0,0,0,0,0,1
UHRF2,0,1,0,0,0,0
ULK3,0,0,0,0,1,1
ULK4,0,0,1,0,0,0
UMPS,0,0,0,0,1,0
UNC45A,0,0,0,0,1,0
UNC5C,1,0,0,0,0,0
UNC79,0,0,1,0,0,0
UPK3B,0,0,0,0,1,0
UPP1,0,1,0,0,0,0
UQCRQ,0,0,0,0,0,1
URB1,0,0,0,0,1,0
URI1,0,1,0,0,0,0
USP12,0,1,0,0,0,0
USP13,1,0,0,0,0,0
USP15,0,0,0,0,0,1
USP2,1,0,0,0,0,0
USP2-AS1,0,1,0,0,0,0
USP3,0,1,0,0,0,0
USP3-AS1,0,0,1,0,0,0
USP31,0,1,0,0,1,0
USP37,0,1,0,0,1,0
USP44,0,0,0,0,0,1
USP48,0,0,1,0,0,1
USP49,0,0,1,0,0,0
USP6,0,0,0,0,1,0
USP6NL,0,1,0,0,0,0
VAMP1,0,0,0,0,1,0
VAMP8,0,0,1,0,0,0
VARS2,0,0,0,0,0,1
VASH2,0,0,0,0,0,1
VASP,0,0,1,0,0,0
VAV1,0,0,1,0,0,0
VAV3,1,0,0,0,0,1
VCAM1,1,0,0,0,0,0
VCAN,0,1,0,0,0,0
VCAN-AS1,0,1,0,0,0,0
VCL,0,0,0,0,1,0
VEGFA,0,1,0,0,0,0
VEGFC,1,0,0,0,0,0
VEZT,0,0,0,0,1,0
VGLL3,0,1,0,0,0,0
VIM,0,1,0,0,0,1
VKORC1,0,0,0,0,0,1
VKORC1L1,0,1,0,0,0,0
VMP1,0,1,0,0,0,0
VN1R20P,0,0,0,0,0,1
VPS11,0,0,0,0,0,1
VPS13A,1,0,0,0,0,0
VPS36,0,0,0,0,0,1
VPS37B,0,1,0,0,0,0
VPS53,0,0,0,0,1,1
VPS9D1,0,0,0,0,1,0
VSTM4,0,1,0,0,1,0
WAC,0,0,0,0,1,0
WAKMAR2,0,0,1,0,0,0
WARS,1,0,0,0,0,0
WARS2,0,1,0,0,0,0
WASF1,0,0,0,0,1,0
WASH2P,0,0,0,0,1,0
WASIR2,0,0,0,0,0,1
WBSCR27,0,0,0,0,0,1
WDFY4,0,0,1,0,0,0
WDPCP,0,0,1,0,0,0
WDR19,0,0,1,0,0,0
WDR25,1,0,0,0,0,0
WDR27,0,0,1,0,0,1
WDR37,0,0,0,0,0,1
WDR49,0,0,1,0,0,0
WDR5,0,0,0,0,1,0
WDR52,0,0,0,0,1,0
WDR5B,0,0,0,0,0,1
WDR6,0,0,0,0,1,1
WDR73,0,0,0,0,1,0
WDR78,0,0,1,0,0,0
WDR82,0,0,0,0,1,1
WDR86,0,0,0,0,1,0
WDR86-AS1,0,0,0,0,1,0
WDR91,0,0,0,0,0,1
WFDC3,0,0,0,0,1,0
WFDC6,0,0,0,0,1,0
WHRN,1,0,0,0,0,0
WIPF3,0,0,1,0,0,0
WIPI1,0,0,0,0,0,1
WNK1,0,0,0,0,1,0
WNT16,0,0,0,0,1,1
WNT2B,0,0,1,0,0,1
WNT9A,0,1,0,0,0,0
WRB,0,0,0,0,1,0
WSB2,0,0,0,0,1,0
WTAP,0,1,0,0,0,1
WWTR1,0,1,0,0,0,0
XDH,0,0,0,0,0,1
XG,0,0,1,0,0,0
XIRP1,0,1,0,0,0,0
XPC,0,0,0,0,0,1
XRCC1,0,0,0,0,1,0
XRCC3,0,0,0,0,1,1
XXbac-B444P24.8,0,0,0,0,0,1
XXbac-BPG154L12.4,0,0,0,0,1,1
XXyac-YX65C7_A.2,0,0,0,0,1,1
XXYLT1,0,0,1,0,0,0
XXYLT1-AS2,0,0,0,0,0,1
XYLT1,0,1,0,0,0,0
YAF2,0,1,0,0,0,0
YES1,0,1,0,0,0,0
YIPF7,0,0,1,0,0,0
YJEFN3,0,0,0,0,1,0
YKT6,0,0,0,0,1,0
YPEL1,0,0,1,0,0,0
YPEL3,0,0,0,0,1,0
YTHDC2,0,0,0,0,1,1
YWHAG,0,0,0,0,1,0
YWHAZ,0,0,0,0,0,1
Z83844.1,0,0,0,0,1,0
Z83851.3,0,0,0,0,0,1
Z99289.3,0,1,0,0,0,0
ZBTB38,1,0,0,0,0,0
ZBTB46,0,0,1,0,0,0
ZBTB48,0,0,0,0,1,0
ZBTB7C,1,0,0,1,0,0
ZC3H12C,0,1,0,0,0,0
ZC3H8,0,0,0,0,0,1
ZCCHC11,0,0,0,0,1,1
ZCRB1,0,0,0,0,0,1
ZCWPW2,0,0,1,1,0,0
ZDBF2,1,0,0,0,1,0
ZDHHC14,0,1,0,0,0,0
ZDHHC21,0,0,0,0,0,1
ZDHHC8,0,0,0,0,1,0
ZEB2,0,1,0,0,0,0
ZFAND1,0,0,0,0,0,1
ZFAND3,0,1,0,0,0,0
ZFAT,0,0,0,0,1,0
ZFHX3,0,0,1,0,0,0
ZFP1,0,0,0,0,0,1
ZFP36L2,0,0,0,0,1,0
ZFP57,0,0,0,0,1,0
ZFP69,0,0,0,0,1,0
ZFP82,0,0,0,0,1,1
ZFP90,0,0,0,0,0,1
ZFP91,0,0,0,0,1,0
ZFPM2,0,1,0,0,0,0
ZFPM2-AS1,0,1,0,0,0,0
ZFY,0,1,0,0,0,0
ZFYVE28,0,0,0,0,0,1
ZG16B,0,0,0,0,1,0
ZHX2,0,1,0,0,0,0
ZIK1,0,0,0,0,0,1
ZKSCAN1,0,0,0,0,1,0
ZKSCAN3,0,0,0,0,1,0
ZKSCAN4,0,0,0,0,1,0
ZMIZ1-AS1,0,0,0,0,1,0
ZNF107,0,0,0,0,0,1
ZNF124,0,0,0,0,1,0
ZNF132,0,0,0,0,1,0
ZNF135,0,0,0,0,1,1
ZNF142,0,0,0,0,1,0
ZNF165,0,0,0,0,1,0
ZNF175,0,0,0,0,0,1
ZNF202,0,0,0,0,1,0
ZNF204P,0,0,0,0,1,0
ZNF213,0,0,0,0,1,0
ZNF215,0,0,0,0,1,0
ZNF223,0,0,0,0,1,0
ZNF232,0,0,0,0,1,0
ZNF233,0,0,0,0,1,0
ZNF239,0,0,0,0,0,1
ZNF251,0,0,1,0,0,1
ZNF259,0,0,0,0,1,1
ZNF263,0,0,0,0,1,0
ZNF267,0,1,0,0,0,0
ZNF271,0,0,0,0,0,1
ZNF283,0,0,0,0,1,0
ZNF284,0,0,0,0,1,0
ZNF311,0,0,0,0,0,1
ZNF34,0,0,0,0,0,1
ZNF385B,1,0,0,0,0,0
ZNF396,0,0,0,0,0,1
ZNF404,0,0,0,0,1,0
ZNF432,0,0,0,0,1,0
ZNF45,0,0,0,0,0,1
ZNF462,0,0,0,0,1,0
ZNF480,0,0,0,0,0,1
ZNF483,0,0,0,0,0,1
ZNF497,0,0,0,0,1,1
ZNF500,0,0,0,0,0,1
ZNF503-AS1,0,0,0,0,1,0
ZNF525,0,0,0,0,0,1
ZNF529,0,0,0,0,1,1
ZNF556,0,0,0,0,0,1
ZNF567,0,0,0,0,0,1
ZNF577,0,0,0,0,1,0
ZNF582-AS1,0,0,0,0,0,1
ZNF589,0,0,0,0,0,1
ZNF592,0,0,0,0,1,0
ZNF597,0,0,0,0,1,0
ZNF605,0,0,0,0,1,0
ZNF608,1,0,0,1,0,0
ZNF613,0,0,0,0,1,0
ZNF649,0,0,0,0,1,0
ZNF664,0,0,0,0,1,0
ZNF670,0,1,0,0,0,0
ZNF708,0,0,0,0,0,1
ZNF710,0,1,0,0,0,0
ZNF714,0,0,0,0,1,1
ZNF717,0,0,0,0,1,1
ZNF730,0,0,0,0,1,0
ZNF738,0,0,0,0,0,1
ZNF746,0,0,0,0,0,1
ZNF75A,0,0,0,0,1,0
ZNF767,0,0,0,0,0,1
ZNF804A,1,0,0,0,0,0
ZNF815P,0,0,0,0,1,0
ZNF816,0,0,0,0,1,0
ZNF818P,0,0,0,0,0,1
ZNF837,0,0,0,0,1,0
ZNF839,0,0,0,0,1,0
ZNF84,0,0,0,0,1,0
ZNF852,0,0,0,0,1,0
ZNHIT1,0,0,0,0,0,1
ZNHIT6,0,1,0,0,1,0
ZNRD1-AS1,0,0,0,0,1,0
ZNRF1,0,1,0,0,0,0
ZNRF3,0,1,0,0,0,0
ZPLD1,0,1,0,0,0,0
ZRANB2-AS2,0,0,1,0,0,0
ZRANB3,0,0,1,0,0,0
ZRSR1,0,0,0,0,1,0
ZSCAN20,0,0,0,0,1,0
ZSCAN21,0,0,0,0,1,0
ZSCAN30,0,0,0,0,0,1
ZSWIM3,0,0,1,0,0,0
ZSWIM6,1,0,0,0,0,0
ZSWIM7,0,0,0,0,1,0
ZSWIM8,0,0,0,0,0,1
ZW10,0,0,0,0,1,0
